date,team,player,starter,minutes
2024-07-03,Brazil,Danilo Luiz da Silva,True,90.0
2024-07-03,Brazil,Marcos Aoás Corrêa,True,90.0
2024-07-03,Brazil,Alisson Ramsés Becker,True,90.0
2024-07-03,Brazil,Gabriel dos Santos Magalhães,False,0.0
2024-07-03,Brazil,Douglas Luiz Soares de Paulo,False,4.36666666666666
2024-07-03,Brazil,Andreas Hoelgebaum Pereira,False,45.0
2024-07-03,Brazil,Guilherme Antonio Arana Lopes,False,0.0
2024-07-03,Brazil,Wendell Nascimento Borges,True,85.6
2024-07-03,Brazil,Raphael Dias Belloli,True,90.0
2024-07-03,Brazil,Gleison Bremer Silva Nascimento,False,0.0
2024-07-03,Brazil,Éder Gabriel Militão,True,90.0
2024-07-03,Brazil,Vinícius José Paixão de Oliveira Júnior,True,90.0
2024-07-03,Brazil,Lucas Tolentino Coelho de Lima,True,45.0
2024-07-03,Brazil,Rodrygo Silva de Goes,True,72.93333333333334
2024-07-03,Brazil,Bruno Guimarães Rodriguez Moura,True,84.9
2024-07-03,Brazil,Eduardo Gabriel Aquino Cossa,False,0.0
2024-07-03,Brazil,Rafael Pires Monteiro,False,0.0
2024-07-03,Brazil,Éderson José dos Santos Lourenço da Silva,False,17.349999999999994
2024-07-03,Brazil,Gabriel Teodoro Martinelli Silva,False,0.0
2024-07-03,Brazil,Francisco Evanilson de Lima Barbosa,False,0.0
2024-07-03,Brazil,Bento Matheus Krepski Neto,False,0.0
2024-07-03,Brazil,Sávio Moreira de Oliveira,False,17.066666666666663
2024-07-03,Brazil,João Victor Gomes da Silva,True,72.65
2024-07-03,Brazil,Yan Bueno Couto,False,0.0
2024-07-03,Brazil,Lucas Lopes Beraldo,False,0.0
2024-07-03,Brazil,Endrick Felipe Moreira de Sousa,False,4.400000000000006
2024-07-03,Colombia,Davinson Sánchez Mina,True,90.0
2024-07-03,Colombia,David Ospina Ramírez,False,0.0
2024-07-03,Colombia,Jefferson Andrés Lerma Solís,True,90.0
2024-07-03,Colombia,Johan Andrés Mojica Palacio,False,45.0
2024-07-03,Colombia,Juan Fernando Quintero Paniagua,False,0.0
2024-07-03,Colombia,James David Rodríguez Rubio,True,80.75
2024-07-03,Colombia,Santiago Arias Naranjo,False,0.0
2024-07-03,Colombia,Andrés Mateus Uribe Villa,False,14.766666666666666
2024-07-03,Colombia,Yerry Fernando Mina González,False,0.0
2024-07-03,Colombia,Miguel Ángel Borja Hernández,False,0.0
2024-07-03,Colombia,Jhon Andrés Córdoba Copete,True,75.35
2024-07-03,Colombia,Luis Fernando Sinisterra Lucumí,False,1.0999999999999943
2024-07-03,Colombia,Luis Fernando Díaz Marulanda,True,88.9
2024-07-03,Colombia,Álvaro David Montero Perales,False,0.0
2024-07-03,Colombia,Camilo Andrés Vargas Gil,True,90.0
2024-07-03,Colombia,Jhon Adolfo Arias Andrade,True,90.0
2024-07-03,Colombia,Daniel Muñoz Mejía,True,90.0
2024-07-03,Colombia,Deiver Andrés Machado Mena,True,45.0
2024-07-03,Colombia,Rafael Santos Borré Amaury,False,14.650000000000006
2024-07-03,Colombia,Carlos Eccehomo Cuesta Figueroa,True,90.0
2024-07-03,Colombia,Jorge Andrés Carrascal Guardo,False,9.25
2024-07-03,Colombia,Jhon Jáder Durán Palacio,False,0.0
2024-07-03,Colombia,Richard Rios Montoya,True,75.23333333333333
2024-07-03,Colombia,Kevin Duvan Castaño Gil,False,0.0
2024-07-03,Colombia,Yaser Esneider Asprilla Martínez,False,0.0
2024-07-01,Jamaica,Demarai Gray,True,86.76666666666667
2024-07-01,Jamaica,Kasey Palmer,True,90.0
2024-07-01,Jamaica,Michail Antonio,True,66.18333333333334
2024-07-01,Jamaica,Ethan Pinnock,True,90.0
2024-07-01,Jamaica,Bobby Armani De Cordova-Reid,False,0.0
2024-07-01,Jamaica,Wes Harding,True,66.28333333333333
2024-07-01,Jamaica,Michael Hector,True,90.0
2024-07-01,Jamaica,Shamar Nicholson,False,23.816666666666663
2024-07-01,Jamaica,Joël Latibeaudiere,True,86.81666666666666
2024-07-01,Jamaica,Di'Shon Bernard,False,0.0
2024-07-01,Jamaica,Kevon Jamar Lambert,False,0.0
2024-07-01,Jamaica,Damion Lowe,True,90.0
2024-07-01,Jamaica,Dexter Lembikisa,False,0.0
2024-07-01,Jamaica,Coniah Boyce-Clarke,False,0.0
2024-07-01,Jamaica,Jonathan Bell,True,90.0
2024-07-01,Jamaica,Alexander Andre Marshsall,False,3.2333333333333343
2024-07-01,Jamaica,Richard Larkland King,False,3.183333333333337
2024-07-01,Jamaica,Karoy Anderson,False,23.71666666666667
2024-07-01,Jamaica,Jahmali Waite,True,90.0
2024-07-01,Jamaica,Renaldo Showayne Cephas,True,45.0
2024-07-01,Jamaica,Shaquan Davis,False,0.0
2024-07-01,Jamaica,Kaheim Dixon,False,45.0
2024-07-01,Venezuela,José Salomón Rondón Giménez,True,80.73333333333333
2024-07-01,Venezuela,Tomás Eduardo Rincón Hernández,False,30.116666666666667
2024-07-01,Venezuela,Yordan Hernando Osorio Paredes,True,90.0
2024-07-01,Venezuela,Jhonder Leonel Cádiz Fernández,False,0.0
2024-07-01,Venezuela,Darwin Daniel Machís Marcano,True,59.416666666666664
2024-07-01,Venezuela,Jefferson David Savarino Quintero,False,0.0
2024-07-01,Venezuela,Cristian Sleiker Cásseres Yepes,False,0.0
2024-07-01,Venezuela,Yangel Clemente Herrera Ravelo,True,59.88333333333333
2024-07-01,Venezuela,José David Contreras Bernard,False,0.0
2024-07-01,Venezuela,Alexander David González Sibulo,True,90.0
2024-07-01,Venezuela,Yeferson Julio Soteldo Martínez,False,30.583333333333336
2024-07-01,Venezuela,Jhon Carlos Chancellor Cedeño,False,0.0
2024-07-01,Venezuela,Rafael Enrique Romo Pérez,True,90.0
2024-07-01,Venezuela,Eduard Alexander Bello Gil,True,90.0
2024-07-01,Venezuela,Christian Frederick Bayoi Makoun Reyes,False,9.049999999999997
2024-07-01,Venezuela,Miguel Ángel Navarro Zárate,False,0.0
2024-07-01,Venezuela,Joel David Graterol Nader,False,0.0
2024-07-01,Venezuela,José Andrés Martínez Torres,True,90.0
2024-07-01,Venezuela,Eric Kleybel Ramírez Matheus,False,9.266666666666666
2024-07-01,Venezuela,Wilker José Ángel Romero,True,90.0
2024-07-01,Venezuela,Nahuel Adolfo Ferraresi Hernández,False,0.0
2024-07-01,Venezuela,Daniel Alejandro Pereira Gil,False,0.0
2024-07-01,Venezuela,Jon Mikel Aramburu Mejías,True,80.95
2024-07-01,Venezuela,Kervin Mario Andrade Navarro,False,16.58333333333333
2024-07-01,Venezuela,Matías Rafael Lacava González,False,0.0
2024-07-01,Venezuela,Telasco José Segovia Pérez,True,73.41666666666667
2024-06-28,Uruguay,Luis Alberto Suárez Díaz,False,7.683333333333337
2024-06-28,Uruguay,Nahitan Michel Nández Acosta,True,90.0
2024-06-28,Uruguay,Giorgian Daniel De Arrascaeta Benedetti,False,1.9333333333333371
2024-06-28,Uruguay,José María Giménez de Vargas,False,0.0
2024-06-28,Uruguay,Rodrigo Bentancur Colmán,False,4.900000000000006
2024-06-28,Uruguay,Guillermo Varela Olivera,False,0.0
2024-06-28,Uruguay,Federico Santiago Valverde Dipetta,True,85.1
2024-06-28,Uruguay,Mathías Olivera Miramontes,True,90.0
2024-06-28,Uruguay,Lucas René Olaza Catrofe,False,8.066666666666663
2024-06-28,Uruguay,Diego Nicolás De La Cruz Arcosa,True,88.06666666666666
2024-06-28,Uruguay,Paul Brian Rodríguez Bravo,False,0.0
2024-06-28,Uruguay,Darwin Gabriel Núñez Ribeiro,True,82.31666666666666
2024-06-28,Uruguay,Ronald Federico Araújo da Silva,True,90.0
2024-06-28,Uruguay,Matías Nicolás Viña Susperreguy,True,81.93333333333334
2024-06-28,Uruguay,Maximiliano Javier Araújo Vilches,True,90.0
2024-06-28,Uruguay,Sebastián Enzo Cáceres Ramos,False,0.0
2024-06-28,Uruguay,Facundo Pellistri Rebollo,True,85.05
2024-06-28,Uruguay,Manuel Ugarte Ribeiro,True,90.0
2024-06-28,Uruguay,Agustín Canobbio Graviz,False,0.0
2024-06-28,Uruguay,Brian Alexis Ocampo Ferreira,False,0.0
2024-06-28,Uruguay,Cristian Gonzalo Olivera Ibarra,False,4.950000000000003
2024-06-28,Uruguay,Sergio Rochet Álvarez,True,90.0
2024-06-28,Uruguay,Emiliano Martínez Toranza,False,0.0
2024-06-28,Uruguay,Santiago Andrés Mele Castanero,False,0.0
2024-06-28,Uruguay,Franco Israel Wibmer,False,0.0
2024-06-28,Uruguay,Nicolás Marichal Pérez,False,0.0
2024-06-28,Bolivia,Bruno Miranda Villagomez,False,0.0
2024-06-28,Bolivia,Boris Cespedes,True,90.0
2024-06-28,Bolivia,Luis Fernando Haquín Lopez,True,90.0
2024-06-28,Bolivia,Jaume Cuéllar Mendoza,False,16.233333333333334
2024-06-28,Bolivia,Adrian Jhonny Jusino Cerruto,False,0.0
2024-06-28,Bolivia,Roberto Carlos Fernández Toro,True,45.0
2024-06-28,Bolivia,Guillermo Viscarra Bruckner,True,90.0
2024-06-28,Bolivia,Leonel Justiniano Arauz,False,0.0
2024-06-28,Bolivia,Carlos Emilio Lampe Porras,False,0.0
2024-06-28,Bolivia,Rodrigo Luis Ramallo Cornejo,False,0.0
2024-06-28,Bolivia,Fernando Javier Saucedo Pereyra,False,0.0
2024-06-28,Bolivia,Carmelo Algarañaz Añez,True,81.78333333333333
2024-06-28,Bolivia,César Alejandro Menacho Claros,False,0.0
2024-06-28,Bolivia,Gabriel Alejandro Villamíl Cortéz,True,90.0
2024-06-28,Bolivia,Lucas Leónidas Chávez Cruz,False,22.566666666666663
2024-06-28,Bolivia,Ramiro Vaca Ponce,True,73.76666666666667
2024-06-28,Bolivia,José Manuel Sagredo Chávez,True,90.0
2024-06-28,Bolivia,Jesús Manuel Sagredo Chávez,False,0.0
2024-06-28,Bolivia,Marcelo Sebastián Suárez Justiniano,False,45.0
2024-06-28,Bolivia,Diego Daniel Medina Roman,False,16.266666666666666
2024-06-28,Bolivia,Robson Matheus Tome de Araujo Benegas,False,0.0
2024-06-28,Bolivia,Miguel Ángel Terceros,True,67.43333333333334
2024-06-28,Bolivia,Yomar Rene Rocha Rodriguez,True,73.73333333333333
2024-06-28,Bolivia,Adalid Terrazas Abasto,False,8.216666666666669
2024-06-28,Bolivia,Gustavo Javier Almada Gonzales,False,0.0
2024-06-28,Bolivia,Héctor Manuel Cuellar Rosales,True,90.0
2024-06-22,Chile,Alexis Alejandro Sánchez Sánchez,True,90.0
2024-06-22,Chile,Claudio Andrés Bravo Muñoz,True,90.0
2024-06-22,Chile,Ben Brereton Díaz,False,25.66666666666667
2024-06-22,Chile,Guillermo Alfonso Maripán Loaysa,False,0.0
2024-06-22,Chile,Erick Antonio Pulgar Farfán,True,90.0
2024-06-22,Chile,Mauricio Aníbal Isla Isla,True,90.0
2024-06-22,Chile,Igor Lichnovsky Osorio,True,90.0
2024-06-22,Chile,Diego Alfonso Valdés Contreras,True,88.53333333333333
2024-06-22,Chile,Eduardo Jesús Vargas Rojas,True,64.33333333333333
2024-06-22,Chile,Matías Ezequiel Catalán,False,0.0
2024-06-22,Chile,Gabriel Arias Arroyo,False,0.0
2024-06-22,Chile,Víctor Alejandro Dávila Zavala,True,63.983333333333334
2024-06-22,Chile,Paulo César Díaz Huincales,True,90.0
2024-06-22,Chile,Rodrigo Eduardo Echeverría Sáez,False,5.950000000000003
2024-06-22,Chile,Benjamín Kuscevic Jaramillo,False,0.0
2024-06-22,Chile,Marcos Nikolas Bolados Hidalgo,False,26.016666666666666
2024-06-22,Chile,Brayan Josué Cortés Fernández,False,0.0
2024-06-22,Chile,Nicolás Esteban Fernández Muñoz,False,0.0
2024-06-22,Chile,Gabriel Alonso Suazo Urbina,True,90.0
2024-06-22,Chile,Marcelino Ignacio Nuñez Espinoza,True,84.05
2024-06-22,Chile,Thomas Ignacio Galdames Millán,False,0.0
2024-06-22,Chile,Cristián Alexander Zavala Briones,False,0.0
2024-06-22,Chile,Esteban Andres Pavez Suazo,False,0.0
2024-06-22,Chile,Maximiliano Gabriel Guerrero Pena,False,0.0
2024-06-22,Chile,Darío Esteban Osorio Osorio,False,45.0
2024-06-22,Chile,César Ignacio Pérez Maldonado,False,0.0
2024-06-22,Peru,André Martín Carrillo Díaz,False,0.0
2024-06-22,Peru,Christian Alberto Cueva Bravo,False,0.0
2024-06-22,Peru,Luis Jan Piers Advíncula Castrillón,True,34.11666666666667
2024-06-22,Peru,Édison Michael Flores Peralta,True,70.9
2024-06-22,Peru,Pedro David Gallese Quiróz,True,90.0
2024-06-22,Peru,José Paolo Guerrero Gonzáles,False,19.099999999999994
2024-06-22,Peru,Anderson Santamaría Bardales,False,0.0
2024-06-22,Peru,Wilder José Cartagena Mendoza,True,90.0
2024-06-22,Peru,Gianluca Lapadula Vargas,True,90.0
2024-06-22,Peru,Sergio Fernando Peña Flores,True,90.0
2024-06-22,Peru,Andy Jorman Polo Andrade,True,83.51666666666667
2024-06-22,Peru,Alexander Martín Marquinho Callens Asín,True,83.63333333333334
2024-06-22,Peru,Marcos Johan López Lanfranco,False,55.88333333333333
2024-06-22,Peru,Luis Alfonso Abram Ugarelli,False,6.36666666666666
2024-06-22,Peru,Miguel Gianpierre Araujo Blanco,True,90.0
2024-06-22,Peru,Aldo Sebastián Corzo Chávez,False,0.0
2024-06-22,Peru,Carlos Alberto Cáceda Oyaguez,False,0.0
2024-06-22,Peru,Jesús Abdallah Castillo Molina,False,0.0
2024-06-22,Peru,Carlos Augusto Zambrano Ochandarte,True,90.0
2024-06-22,Peru,José Daniel Rivera Martínez,False,0.0
2024-06-22,Peru,Joao Alberto Grimaldo Ubidia,False,19.349999999999994
2024-06-22,Peru,Franco Zanelatto Téllez,False,0.0
2024-06-22,Peru,Diego Alonso Romero Cachay,False,0.0
2024-06-22,Peru,Piero Aldair Quispe Córdova,True,70.65
2024-06-22,Peru,Brayan Roberto Reyna Casaverde,False,0.0
2024-06-22,Peru,Oliver Sonne,False,6.483333333333334
2024-06-26,Jamaica,Gregory Leigh,True,90.0
2024-06-26,Jamaica,Demarai Gray,False,45.0
2024-06-26,Jamaica,Kasey Palmer,True,90.0
2024-06-26,Jamaica,Michail Antonio,True,90.0
2024-06-26,Jamaica,Ethan Pinnock,True,90.0
2024-06-26,Jamaica,Bobby Armani De Cordova-Reid,True,90.0
2024-06-26,Jamaica,Wes Harding,False,0.0
2024-06-26,Jamaica,Michael Hector,False,45.0
2024-06-26,Jamaica,Shamar Nicholson,True,82.86666666666666
2024-06-26,Jamaica,Joël Latibeaudiere,True,83.06666666666666
2024-06-26,Jamaica,Di'Shon Bernard,True,45.0
2024-06-26,Jamaica,Kevon Jamar Lambert,False,0.0
2024-06-26,Jamaica,Damion Lowe,True,45.0
2024-06-26,Jamaica,Dexter Lembikisa,True,87.91666666666667
2024-06-26,Jamaica,Coniah Boyce-Clarke,False,0.0
2024-06-26,Jamaica,Jonathan Bell,False,0.0
2024-06-26,Jamaica,Alexander Andre Marshsall,False,0.0
2024-06-26,Jamaica,Richard Larkland King,False,0.0
2024-06-26,Jamaica,Karoy Anderson,False,6.933333333333337
2024-06-26,Jamaica,Jahmali Waite,True,90.0
2024-06-26,Jamaica,Renaldo Showayne Cephas,False,2.0833333333333286
2024-06-26,Jamaica,Shaquan Davis,False,0.0
2024-06-26,Jamaica,Kaheim Dixon,False,7.13333333333334
2024-06-26,Ecuador,Carlos Armando Gruezo Arboleda,False,2.816666666666663
2024-06-26,Ecuador,John Yeboah Zamora,True,63.55
2024-06-26,Ecuador,Ángel Israel Mena Delgado,False,0.0
2024-06-26,Ecuador,Felix Eduardo Torres Caicedo,True,90.0
2024-06-26,Ecuador,Alexander Domínguez Carabalí,True,90.0
2024-06-26,Ecuador,José Adoni Cifuentes Charcopa,False,0.0
2024-06-26,Ecuador,Hernán Ismael Galíndez,False,0.0
2024-06-26,Ecuador,Janner Hitcler Corozo Alman,False,0.0
2024-06-26,Ecuador,Julio Joao Ortiz Landázuri,False,0.0
2024-06-26,Ecuador,Moisés Isaac Caicedo Corozo,True,90.0
2024-06-26,Ecuador,Angelo Smit Preciado Quiñónez,True,90.0
2024-06-26,Ecuador,Wellington Moisés Ramírez Preciado,False,0.0
2024-06-26,Ecuador,Alan Steven Franco Palma,True,90.0
2024-06-26,Ecuador,Piero Martín Hincapié Reyna,True,90.0
2024-06-26,Ecuador,Jeremy Leonel Sarmiento Morante,True,94.4
2024-06-26,Ecuador,Willian Joel Pacho Tenorio,True,90.0
2024-06-26,Ecuador,Jackson Gabriel Porozo Vernaza,False,0.0
2024-06-26,Ecuador,José Andrés Hurtado Cheme,False,0.0
2024-06-26,Ecuador,Jordy Josué Caicedo Medina,False,3.066666666666663
2024-06-26,Ecuador,Alan Steve Minda García,False,26.450000000000003
2024-06-26,Ecuador,Joel Leandro Ordóñez Guerrero,False,0.0
2024-06-26,Ecuador,Layan Manuel Loor Requelme,False,0.0
2024-06-26,Ecuador,Kevin José Rodríguez Cortez,True,86.53333333333333
2024-06-26,Ecuador,Ray Kendry Páez Andrade,True,87.18333333333334
2024-06-26,Ecuador,Norman Andres Micolta Arroyo,False,0.0
2024-06-26,Argentina,Ángel Fabián Di María Hernández,False,17.78333333333333
2024-06-26,Argentina,Nicolás Hernán Otamendi,False,0.0
2024-06-26,Argentina,Giovani Lo Celso,False,26.31666666666667
2024-06-26,Argentina,Lionel Andrés Messi Cuccittini,True,89.11666666666667
2024-06-26,Argentina,Nicolás Alejandro Tagliafico,True,82.76666666666667
2024-06-26,Argentina,Franco Armani,False,0.0
2024-06-26,Argentina,Gerónimo Rulli,False,0.0
2024-06-26,Argentina,Damián Emiliano Martínez,True,90.0
2024-06-26,Argentina,Germán Alejandro Pezzella,False,0.0
2024-06-26,Argentina,Rodrigo Javier De Paul,True,90.0
2024-06-26,Argentina,Lautaro Javier Martínez,False,17.816666666666663
2024-06-26,Argentina,Leandro Daniel Paredes,False,0.0
2024-06-26,Argentina,Marcos Javier Acuña,False,7.766666666666666
2024-06-26,Argentina,Cristian Gabriel Romero,True,90.0
2024-06-26,Argentina,Nicolás Iván González,True,72.21666666666667
2024-06-26,Argentina,Guido Rodríguez,False,0.0
2024-06-26,Argentina,Lisandro Martínez,True,90.0
2024-06-26,Argentina,Alexis Mac Allister,True,90.0
2024-06-26,Argentina,Gonzalo Ariel Montiel,False,7.233333333333334
2024-06-26,Argentina,Exequiel Alejandro Palacios,False,0.0
2024-06-26,Argentina,Lucas Martínez Quarta,False,0.0
2024-06-26,Argentina,Nahuel Molina Lucero,True,82.23333333333333
2024-06-26,Argentina,Julián Álvarez,True,72.18333333333334
2024-06-26,Argentina,Enzo Fernandez,True,63.68333333333333
2024-06-26,Argentina,Alejandro Garnacho Ferreyra,False,0.0
2024-06-26,Argentina,Valentin Carboni,False,0.0
2024-06-26,Chile,Alexis Alejandro Sánchez Sánchez,True,64.91666666666667
2024-06-26,Chile,Claudio Andrés Bravo Muñoz,True,90.0
2024-06-26,Chile,Ben Brereton Díaz,False,3.8499999999999943
2024-06-26,Chile,Guillermo Alfonso Maripán Loaysa,False,0.0
2024-06-26,Chile,Erick Antonio Pulgar Farfán,True,75.86666666666666
2024-06-26,Chile,Mauricio Aníbal Isla Isla,True,86.23333333333333
2024-06-26,Chile,Igor Lichnovsky Osorio,True,90.0
2024-06-26,Chile,Eduardo Jesús Vargas Rojas,True,86.15
2024-06-26,Chile,Matías Ezequiel Catalán,False,0.0
2024-06-26,Chile,Gabriel Arias Arroyo,False,0.0
2024-06-26,Chile,Víctor Alejandro Dávila Zavala,True,89.2
2024-06-26,Chile,Paulo César Díaz Huincales,True,90.0
2024-06-26,Chile,Rodrigo Eduardo Echeverría Sáez,True,90.0
2024-06-26,Chile,Benjamín Kuscevic Jaramillo,False,0.0
2024-06-26,Chile,Marcos Nikolas Bolados Hidalgo,False,25.08333333333333
2024-06-26,Chile,Brayan Josué Cortés Fernández,False,0.0
2024-06-26,Chile,Nicolás Esteban Fernández Muñoz,False,3.7666666666666657
2024-06-26,Chile,Gabriel Alonso Suazo Urbina,True,89.68333333333334
2024-06-26,Chile,Marcelino Ignacio Nuñez Espinoza,False,14.13333333333334
2024-06-26,Chile,Thomas Ignacio Galdames Millán,False,0.0
2024-06-26,Chile,Cristián Alexander Zavala Briones,False,0.0
2024-06-26,Chile,Esteban Andres Pavez Suazo,False,0.0
2024-06-26,Chile,Maximiliano Gabriel Guerrero Pena,False,0.0
2024-06-26,Chile,Darío Esteban Osorio Osorio,True,90.0
2024-06-26,Chile,César Ignacio Pérez Maldonado,False,0.0
2024-06-24,Paraguay,Júnior Osmar Ignacio Alonso Mujica,False,0.0
2024-06-24,Paraguay,Fabián Cornelio Balbuena González,True,90.0
2024-06-24,Paraguay,Miguel Ángel Almirón Rejala,True,58.016666666666666
2024-06-24,Paraguay,Alejandro Romero Gamarra,False,0.0
2024-06-24,Paraguay,Carlos Miguel Coronel,False,0.0
2024-06-24,Paraguay,Gustavo Raúl Gómez Portillo,False,0.0
2024-06-24,Paraguay,Adam Fernando Bareiro Gamarra,False,11.233333333333334
2024-06-24,Paraguay,Derlis Alberto González Galeano,False,0.0
2024-06-24,Paraguay,Matías Nicolás Rojas Romero,False,0.0
2024-06-24,Paraguay,Adrián Andrés Cubas,True,90.0
2024-06-24,Paraguay,Víctor Gustavo Velázquez Ramos,True,90.0
2024-06-24,Paraguay,Omar Federico Alderete Fernández,True,90.0
2024-06-24,Paraguay,Ángel Rodrigo Romero Villamayor,False,10.966666666666669
2024-06-24,Paraguay,Richard Rafael Sánchez Guerrero,False,0.0
2024-06-24,Paraguay,Matías David Espinoza Acosta,True,90.0
2024-06-24,Paraguay,Julio César Enciso Espínola,True,91.38333333333334
2024-06-24,Paraguay,Iván Rodrigo Ramírez Segovia,False,0.0
2024-06-24,Paraguay,Alfredo Ariel Aguilar,False,0.0
2024-06-24,Paraguay,Hernesto Ezequiel Caballero Benítez,True,57.88333333333333
2024-06-24,Paraguay,Rodrigo Mario Morínigo Acosta,True,90.0
2024-06-24,Paraguay,Mathías Adalberto Villasanti Rolón,True,79.03333333333333
2024-06-24,Paraguay,Damián Josué Bobadilla Benítez,False,32.11666666666667
2024-06-24,Paraguay,Ramón Sosa Acosta,False,31.983333333333334
2024-06-24,Paraguay,Alex Adrián Arce Barrios,True,78.76666666666667
2024-06-24,Paraguay,Néstor Rafael Giménez Florentín,False,0.0
2024-06-24,Paraguay,Fabrizio José Peralta Ramírez,False,0.0
2024-06-24,Colombia,Davinson Sánchez Mina,True,90.0
2024-06-24,Colombia,David Ospina Ramírez,False,0.0
2024-06-24,Colombia,Jefferson Andrés Lerma Solís,True,67.05
2024-06-24,Colombia,Johan Andrés Mojica Palacio,True,90.0
2024-06-24,Colombia,Juan Fernando Quintero Paniagua,False,0.0
2024-06-24,Colombia,James David Rodríguez Rubio,True,90.8
2024-06-24,Colombia,Santiago Arias Naranjo,False,0.0
2024-06-24,Colombia,Andrés Mateus Uribe Villa,False,22.950000000000003
2024-06-24,Colombia,Yerry Fernando Mina González,False,65.05
2024-06-24,Colombia,Miguel Ángel Borja Hernández,False,0.0
2024-06-24,Colombia,Jhon Andrés Córdoba Copete,False,22.650000000000006
2024-06-24,Colombia,Luis Fernando Sinisterra Lucumí,False,0.0
2024-06-24,Colombia,Jhon Janer Lucumí Bonilla,True,24.216666666666665
2024-06-24,Colombia,Luis Fernando Díaz Marulanda,True,90.0
2024-06-24,Colombia,Álvaro David Montero Perales,False,0.0
2024-06-24,Colombia,Camilo Andrés Vargas Gil,True,90.0
2024-06-24,Colombia,Jhon Adolfo Arias Andrade,True,91.41666666666667
2024-06-24,Colombia,Daniel Muñoz Mejía,True,90.0
2024-06-24,Colombia,Deiver Andrés Machado Mena,False,0.0
2024-06-24,Colombia,Rafael Santos Borré Amaury,True,67.35
2024-06-24,Colombia,Carlos Eccehomo Cuesta Figueroa,False,0.0
2024-06-24,Colombia,Jorge Andrés Carrascal Guardo,False,0.0
2024-06-24,Colombia,Jhon Jáder Durán Palacio,False,0.0
2024-06-24,Colombia,Richard Rios Montoya,True,90.0
2024-06-24,Colombia,Kevin Duvan Castaño Gil,False,0.0
2024-06-24,Colombia,Yaser Esneider Asprilla Martínez,False,0.0
2024-06-23,United States,Timothy Weah,True,85.35
2024-06-23,United States,Antonee Robinson,True,90.0
2024-06-23,United States,Shaquell Moore,False,0.0
2024-06-23,United States,Christian Pulisic,True,90.0
2024-06-23,United States,Weston McKennie,True,76.96666666666667
2024-06-23,United States,Matthew Charles Turner,True,90.0
2024-06-23,United States,Miles Gordon Robinson,False,0.0
2024-06-23,United States,Sean Johnson,False,0.0
2024-06-23,United States,Tyler Adams,True,45.0
2024-06-23,United States,Cameron Carter-Vickers,False,0.0
2024-06-23,United States,Tim Ream,True,90.0
2024-06-23,United States,Mark McKenzie,False,0.0
2024-06-23,United States,Ethan Horvath,False,0.0
2024-06-23,United States,Haji Wright,False,0.0
2024-06-23,United States,Joshua Sargent,False,0.0
2024-06-23,United States,Brenden Aaronson,False,4.650000000000006
2024-06-23,United States,Ricardo Daniel Pepi,False,25.33333333333333
2024-06-23,United States,João Lucas de Souza Cardoso,False,25.16666666666667
2024-06-23,United States,Luca de la Torre,False,13.033333333333331
2024-06-23,United States,Giovanni Reyna,True,64.83333333333333
2024-06-23,United States,Joseph Scally,True,90.0
2024-06-23,United States,Yunus Dimoara Musah,False,45.0
2024-06-23,United States,Malik Tillman,False,0.0
2024-06-23,United States,Chris Richards,True,90.0
2024-06-23,United States,Kristoffer Lund,False,0.0
2024-06-23,United States,Folarin Balogun,True,64.66666666666667
2024-06-23,Bolivia,Bruno Miranda Villagomez,True,66.93333333333334
2024-06-23,Bolivia,Boris Cespedes,False,0.0
2024-06-23,Bolivia,Luis Fernando Haquín Lopez,True,90.0
2024-06-23,Bolivia,Jaume Cuéllar Mendoza,False,0.0
2024-06-23,Bolivia,Adrian Jhonny Jusino Cerruto,False,0.0
2024-06-23,Bolivia,Roberto Carlos Fernández Toro,True,74.73333333333333
2024-06-23,Bolivia,Guillermo Viscarra Bruckner,True,90.0
2024-06-23,Bolivia,Leonel Justiniano Arauz,True,45.0
2024-06-23,Bolivia,Carlos Emilio Lampe Porras,False,0.0
2024-06-23,Bolivia,Rodrigo Luis Ramallo Cornejo,False,45.0
2024-06-23,Bolivia,Fernando Javier Saucedo Pereyra,True,90.0
2024-06-23,Bolivia,Carmelo Algarañaz Añez,False,23.066666666666663
2024-06-23,Bolivia,César Alejandro Menacho Claros,True,45.0
2024-06-23,Bolivia,Gabriel Alejandro Villamíl Cortéz,True,90.0
2024-06-23,Bolivia,Lucas Leónidas Chávez Cruz,False,0.0
2024-06-23,Bolivia,Ramiro Vaca Ponce,False,15.266666666666666
2024-06-23,Bolivia,José Manuel Sagredo Chávez,True,90.0
2024-06-23,Bolivia,Jesús Manuel Sagredo Chávez,True,90.0
2024-06-23,Bolivia,Marcelo Sebastián Suárez Justiniano,False,0.0
2024-06-23,Bolivia,Diego Daniel Medina Roman,True,45.0
2024-06-23,Bolivia,Robson Matheus Tome de Araujo Benegas,False,0.0
2024-06-23,Bolivia,Miguel Ángel Terceros,False,45.0
2024-06-23,Bolivia,Yomar Rene Rocha Rodriguez,False,0.0
2024-06-23,Bolivia,Adalid Terrazas Abasto,False,0.0
2024-06-23,Bolivia,Gustavo Javier Almada Gonzales,False,0.0
2024-06-23,Bolivia,Héctor Manuel Cuellar Rosales,False,45.0
2024-06-30,Argentina,Ángel Fabián Di María Hernández,True,76.18333333333334
2024-06-30,Argentina,Nicolás Hernán Otamendi,True,90.0
2024-06-30,Argentina,Giovani Lo Celso,True,65.81666666666666
2024-06-30,Argentina,Lionel Andrés Messi Cuccittini,False,0.0
2024-06-30,Argentina,Nicolás Alejandro Tagliafico,True,90.0
2024-06-30,Argentina,Franco Armani,False,0.0
2024-06-30,Argentina,Gerónimo Rulli,False,0.0
2024-06-30,Argentina,Damián Emiliano Martínez,True,90.0
2024-06-30,Argentina,Germán Alejandro Pezzella,True,81.96666666666667
2024-06-30,Argentina,Rodrigo Javier De Paul,False,0.0
2024-06-30,Argentina,Lautaro Javier Martínez,True,88.75
2024-06-30,Argentina,Leandro Daniel Paredes,True,77.21666666666667
2024-06-30,Argentina,Marcos Javier Acuña,False,0.0
2024-06-30,Argentina,Cristian Gabriel Romero,False,0.0
2024-06-30,Argentina,Nicolás Iván González,False,25.066666666666663
2024-06-30,Argentina,Guido Rodríguez,False,12.783333333333331
2024-06-30,Argentina,Lisandro Martínez,False,0.0
2024-06-30,Argentina,Alexis Mac Allister,False,0.0
2024-06-30,Argentina,Gonzalo Ariel Montiel,True,90.0
2024-06-30,Argentina,Exequiel Alejandro Palacios,True,90.0
2024-06-30,Argentina,Lucas Martínez Quarta,False,8.033333333333331
2024-06-30,Argentina,Nahuel Molina Lucero,False,0.0
2024-06-30,Argentina,Julián Álvarez,False,0.0
2024-06-30,Argentina,Enzo Fernandez,False,24.183333333333337
2024-06-30,Argentina,Alejandro Garnacho Ferreyra,True,64.93333333333334
2024-06-30,Argentina,Valentin Carboni,False,13.816666666666663
2024-06-30,Peru,André Martín Carrillo Díaz,False,0.0
2024-06-30,Peru,Christian Alberto Cueva Bravo,False,12.983333333333334
2024-06-30,Peru,Luis Jan Piers Advíncula Castrillón,False,0.0
2024-06-30,Peru,Édison Michael Flores Peralta,True,55.56666666666667
2024-06-30,Peru,Pedro David Gallese Quiróz,True,90.0
2024-06-30,Peru,José Paolo Guerrero Gonzáles,True,55.38333333333333
2024-06-30,Peru,Anderson Santamaría Bardales,False,0.0
2024-06-30,Peru,Wilder José Cartagena Mendoza,True,45.0
2024-06-30,Peru,Gianluca Lapadula Vargas,False,34.61666666666667
2024-06-30,Peru,Sergio Fernando Peña Flores,True,90.0
2024-06-30,Peru,Andy Jorman Polo Andrade,False,0.0
2024-06-30,Peru,Alexander Martín Marquinho Callens Asín,True,90.0
2024-06-30,Peru,Marcos Johan López Lanfranco,True,77.01666666666667
2024-06-30,Peru,Luis Alfonso Abram Ugarelli,False,0.0
2024-06-30,Peru,Aldo Sebastián Corzo Chávez,True,90.0
2024-06-30,Peru,Carlos Alberto Cáceda Oyaguez,False,0.0
2024-06-30,Peru,Jesús Abdallah Castillo Molina,False,45.0
2024-06-30,Peru,Carlos Augusto Zambrano Ochandarte,True,90.0
2024-06-30,Peru,José Daniel Rivera Martínez,False,34.43333333333333
2024-06-30,Peru,Joao Alberto Grimaldo Ubidia,False,0.0
2024-06-30,Peru,Franco Zanelatto Téllez,False,27.333333333333336
2024-06-30,Peru,Diego Alonso Romero Cachay,False,0.0
2024-06-30,Peru,Piero Aldair Quispe Córdova,False,0.0
2024-06-30,Peru,Brayan Roberto Reyna Casaverde,True,62.666666666666664
2024-06-30,Peru,Oliver Sonne,True,90.0
2024-06-23,Jamaica,Gregory Leigh,True,90.0
2024-06-23,Jamaica,Demarai Gray,True,67.63333333333334
2024-06-23,Jamaica,Kasey Palmer,True,90.0
2024-06-23,Jamaica,Michail Antonio,True,79.9
2024-06-23,Jamaica,Ethan Pinnock,True,90.0
2024-06-23,Jamaica,Bobby Armani De Cordova-Reid,True,80.15
2024-06-23,Jamaica,Wes Harding,False,0.0
2024-06-23,Jamaica,Michael Hector,False,22.25
2024-06-23,Jamaica,Shamar Nicholson,True,89.48333333333333
2024-06-23,Jamaica,Joël Latibeaudiere,True,90.0
2024-06-23,Jamaica,Di'Shon Bernard,True,67.75
2024-06-23,Jamaica,Kevon Jamar Lambert,False,0.0
2024-06-23,Jamaica,Damion Lowe,False,22.36666666666666
2024-06-23,Jamaica,Dexter Lembikisa,True,89.85
2024-06-23,Jamaica,Coniah Boyce-Clarke,False,0.0
2024-06-23,Jamaica,Jonathan Bell,False,0.0
2024-06-23,Jamaica,Alexander Andre Marshsall,False,0.0
2024-06-23,Jamaica,Richard Larkland King,False,0.0
2024-06-23,Jamaica,Karoy Anderson,False,0.0
2024-06-23,Jamaica,Jahmali Waite,True,90.0
2024-06-23,Jamaica,Renaldo Showayne Cephas,False,10.099999999999994
2024-06-23,Jamaica,Shaquan Davis,False,0.0
2024-06-23,Jamaica,Kaheim Dixon,False,9.849999999999994
2024-06-23,Mexico,Edson Omar Álvarez Velázquez,True,29.916666666666668
2024-06-23,Mexico,Carlos Uriel Antuna Romero,True,76.66666666666667
2024-06-23,Mexico,Orbelín Pineda Alvarado,True,67.0
2024-06-23,Mexico,Carlos Alberto Rodríguez Gómez,False,23.0
2024-06-23,Mexico,Ernesto Alexis Vega Rojas,False,0.0
2024-06-23,Mexico,Johan Felipe Vásquez Ibarra,True,90.0
2024-06-23,Mexico,César Jasib Montes Castro,True,90.0
2024-06-23,Mexico,Roberto Carlos Alvarado Hernández,False,13.333333333333329
2024-06-23,Mexico,Jordi Cortizo de la Piedra,False,0.0
2024-06-23,Mexico,Luis Francisco Romo Barrón,False,60.08333333333333
2024-06-23,Mexico,Jorge Eduardo Sánchez Ramos,True,90.0
2024-06-23,Mexico,César Saúl Huerta Valera,False,0.0
2024-06-23,Mexico,Gerardo Daniel Arteaga Zamora,True,90.0
2024-06-23,Mexico,Luis Gerardo Chávez Magallón,True,76.78333333333333
2024-06-23,Mexico,Santiago Tomás Giménez,True,66.9
2024-06-23,Mexico,Carlos Acevedo López,False,0.0
2024-06-23,Mexico,Israel Reyes Romero,False,0.0
2024-06-23,Mexico,Julián Andrés Quiñones Quiñones,True,90.0
2024-06-23,Mexico,Julio José González Vela-Alvizu,True,90.0
2024-06-23,Mexico,Erick Daniel Sánchez Ocegueda,False,13.216666666666669
2024-06-23,Mexico,Bryan Alonso González Olivan,False,0.0
2024-06-23,Mexico,Guillermo Martínez Ayala,False,23.099999999999994
2024-06-23,Mexico,Jesús Gilberto Orozco Chiquete,False,0.0
2024-06-23,Mexico,Brian Alberto García Carpizo,False,0.0
2024-06-23,Mexico,Marcelo Flores,False,0.0
2024-06-23,Mexico,José Raúl Rangel Aguilar,False,0.0
2024-06-27,Venezuela,José Salomón Rondón Giménez,True,81.23333333333333
2024-06-27,Venezuela,Tomás Eduardo Rincón Hernández,False,0.0
2024-06-27,Venezuela,Yordan Hernando Osorio Paredes,True,90.0
2024-06-27,Venezuela,Jhonder Leonel Cádiz Fernández,False,8.766666666666666
2024-06-27,Venezuela,Darwin Daniel Machís Marcano,False,19.599999999999994
2024-06-27,Venezuela,Jefferson David Savarino Quintero,True,45.0
2024-06-27,Venezuela,Cristian Sleiker Cásseres Yepes,False,45.0
2024-06-27,Venezuela,Yangel Clemente Herrera Ravelo,True,87.56666666666668
2024-06-27,Venezuela,José David Contreras Bernard,False,0.0
2024-06-27,Venezuela,Alexander David González Sibulo,False,0.0
2024-06-27,Venezuela,Yeferson Julio Soteldo Martínez,True,81.16666666666667
2024-06-27,Venezuela,Jhon Carlos Chancellor Cedeño,False,0.0
2024-06-27,Venezuela,Rafael Enrique Romo Pérez,True,90.0
2024-06-27,Venezuela,Eduard Alexander Bello Gil,True,70.4
2024-06-27,Venezuela,Christian Frederick Bayoi Makoun Reyes,False,1.5999999999999943
2024-06-27,Venezuela,Miguel Ángel Navarro Zárate,True,90.0
2024-06-27,Venezuela,Joel David Graterol Nader,False,0.0
2024-06-27,Venezuela,José Andrés Martínez Torres,True,90.0
2024-06-27,Venezuela,Eric Kleybel Ramírez Matheus,False,0.0
2024-06-27,Venezuela,Wilker José Ángel Romero,False,8.833333333333329
2024-06-27,Venezuela,Nahuel Adolfo Ferraresi Hernández,True,90.0
2024-06-27,Venezuela,Daniel Alejandro Pereira Gil,False,0.0
2024-06-27,Venezuela,Jon Mikel Aramburu Mejías,True,90.0
2024-06-27,Venezuela,Kervin Mario Andrade Navarro,False,0.0
2024-06-27,Venezuela,Matías Rafael Lacava González,False,0.0
2024-06-27,Venezuela,Telasco José Segovia Pérez,False,0.0
2024-06-27,Mexico,Carlos Uriel Antuna Romero,True,72.28333333333333
2024-06-27,Mexico,Orbelín Pineda Alvarado,False,12.983333333333334
2024-06-27,Mexico,Carlos Alberto Rodríguez Gómez,True,60.21666666666667
2024-06-27,Mexico,Ernesto Alexis Vega Rojas,False,29.78333333333333
2024-06-27,Mexico,Johan Felipe Vásquez Ibarra,True,90.0
2024-06-27,Mexico,César Jasib Montes Castro,True,45.0
2024-06-27,Mexico,Roberto Carlos Alvarado Hernández,False,0.0
2024-06-27,Mexico,Jordi Cortizo de la Piedra,False,0.0
2024-06-27,Mexico,Luis Francisco Romo Barrón,True,90.0
2024-06-27,Mexico,Jorge Eduardo Sánchez Ramos,True,90.0
2024-06-27,Mexico,César Saúl Huerta Valera,False,17.71666666666667
2024-06-27,Mexico,Gerardo Daniel Arteaga Zamora,True,90.0
2024-06-27,Mexico,Luis Gerardo Chávez Magallón,True,90.0
2024-06-27,Mexico,Santiago Tomás Giménez,True,60.5
2024-06-27,Mexico,Carlos Acevedo López,False,0.0
2024-06-27,Mexico,Israel Reyes Romero,False,45.0
2024-06-27,Mexico,Julián Andrés Quiñones Quiñones,True,77.01666666666667
2024-06-27,Mexico,Julio José González Vela-Alvizu,True,90.0
2024-06-27,Mexico,Erick Daniel Sánchez Ocegueda,False,0.0
2024-06-27,Mexico,Bryan Alonso González Olivan,False,0.0
2024-06-27,Mexico,Guillermo Martínez Ayala,False,29.5
2024-06-27,Mexico,Jesús Gilberto Orozco Chiquete,False,0.0
2024-06-27,Mexico,Brian Alberto García Carpizo,False,0.0
2024-06-27,Mexico,Marcelo Flores,False,0.0
2024-06-27,Mexico,José Raúl Rangel Aguilar,False,0.0
2024-07-01,Ecuador,Carlos Armando Gruezo Arboleda,False,14.733333333333334
2024-07-01,Ecuador,John Yeboah Zamora,False,0.0
2024-07-01,Ecuador,Ángel Israel Mena Delgado,False,15.566666666666663
2024-07-01,Ecuador,Enner Remberto Valencia Lastra,True,89.31666666666668
2024-07-01,Ecuador,Felix Eduardo Torres Caicedo,True,89.55
2024-07-01,Ecuador,Alexander Domínguez Carabalí,True,90.0
2024-07-01,Ecuador,José Adoni Cifuentes Charcopa,False,0.0
2024-07-01,Ecuador,Hernán Ismael Galíndez,False,0.0
2024-07-01,Ecuador,Janner Hitcler Corozo Alman,False,0.0
2024-07-01,Ecuador,Julio Joao Ortiz Landázuri,False,0.0
2024-07-01,Ecuador,Moisés Isaac Caicedo Corozo,True,90.0
2024-07-01,Ecuador,Angelo Smit Preciado Quiñónez,True,89.28333333333333
2024-07-01,Ecuador,Wellington Moisés Ramírez Preciado,False,0.0
2024-07-01,Ecuador,Alan Steven Franco Palma,True,90.0
2024-07-01,Ecuador,Piero Martín Hincapié Reyna,True,90.0
2024-07-01,Ecuador,Jeremy Leonel Sarmiento Morante,True,74.43333333333334
2024-07-01,Ecuador,Willian Joel Pacho Tenorio,True,90.0
2024-07-01,Ecuador,Jackson Gabriel Porozo Vernaza,False,0.0
2024-07-01,Ecuador,José Andrés Hurtado Cheme,False,0.3499999999999943
2024-07-01,Ecuador,Jordy Josué Caicedo Medina,False,0.0
2024-07-01,Ecuador,Alan Steve Minda García,False,22.78333333333333
2024-07-01,Ecuador,Joel Leandro Ordóñez Guerrero,False,0.0
2024-07-01,Ecuador,Layan Manuel Loor Requelme,False,0.0
2024-07-01,Ecuador,Kevin José Rodríguez Cortez,True,75.26666666666667
2024-07-01,Ecuador,Ray Kendry Páez Andrade,True,67.21666666666667
2024-07-01,Ecuador,Norman Andres Micolta Arroyo,False,0.0
2024-07-01,Mexico,Carlos Uriel Antuna Romero,False,22.78333333333333
2024-07-01,Mexico,Orbelín Pineda Alvarado,True,67.21666666666667
2024-07-01,Mexico,Carlos Alberto Rodríguez Gómez,False,0.0
2024-07-01,Mexico,Ernesto Alexis Vega Rojas,False,0.01666666666666572
2024-07-01,Mexico,Johan Felipe Vásquez Ibarra,True,89.48333333333333
2024-07-01,Mexico,César Jasib Montes Castro,True,90.0
2024-07-01,Mexico,Roberto Carlos Alvarado Hernández,False,0.0
2024-07-01,Mexico,Jordi Cortizo de la Piedra,False,5.099999999999994
2024-07-01,Mexico,Luis Francisco Romo Barrón,True,85.06666666666666
2024-07-01,Mexico,Jorge Eduardo Sánchez Ramos,True,90.0
2024-07-01,Mexico,César Saúl Huerta Valera,True,67.21666666666667
2024-07-01,Mexico,Gerardo Daniel Arteaga Zamora,True,90.05
2024-07-01,Mexico,Luis Gerardo Chávez Magallón,True,90.0
2024-07-01,Mexico,Santiago Tomás Giménez,True,90.0
2024-07-01,Mexico,Carlos Acevedo López,False,0.0
2024-07-01,Mexico,Israel Reyes Romero,False,0.0
2024-07-01,Mexico,Julián Andrés Quiñones Quiñones,True,84.96666666666667
2024-07-01,Mexico,Julio José González Vela-Alvizu,True,90.0
2024-07-01,Mexico,Erick Daniel Sánchez Ocegueda,False,4.933333333333337
2024-07-01,Mexico,Bryan Alonso González Olivan,False,0.0
2024-07-01,Mexico,Guillermo Martínez Ayala,False,22.78333333333333
2024-07-01,Mexico,Jesús Gilberto Orozco Chiquete,False,0.0
2024-07-01,Mexico,Brian Alberto García Carpizo,False,0.0
2024-07-01,Mexico,Marcelo Flores,False,0.0
2024-07-01,Mexico,José Raúl Rangel Aguilar,False,0.0
2024-07-02,United States,Antonee Robinson,True,90.0
2024-07-02,United States,Shaquell Moore,False,0.0
2024-07-02,United States,Christian Pulisic,True,90.0
2024-07-02,United States,Weston McKennie,True,90.0
2024-07-02,United States,Matthew Charles Turner,True,90.0
2024-07-02,United States,Miles Gordon Robinson,False,0.0
2024-07-02,United States,Sean Johnson,False,0.0
2024-07-02,United States,Tyler Adams,True,90.0
2024-07-02,United States,Cameron Carter-Vickers,False,0.0
2024-07-02,United States,Tim Ream,True,86.58333333333334
2024-07-02,United States,Mark McKenzie,False,0.0
2024-07-02,United States,Ethan Horvath,False,0.0
2024-07-02,United States,Haji Wright,False,11.650000000000006
2024-07-02,United States,Joshua Sargent,False,18.683333333333337
2024-07-02,United States,Brenden Aaronson,False,0.0
2024-07-02,United States,Ricardo Daniel Pepi,False,49.45
2024-07-02,United States,João Lucas de Souza Cardoso,False,0.0
2024-07-02,United States,Luca de la Torre,False,0.0
2024-07-02,United States,Giovanni Reyna,True,90.0
2024-07-02,United States,Joseph Scally,True,77.16666666666666
2024-07-02,United States,Yunus Dimoara Musah,True,71.31666666666666
2024-07-02,United States,Malik Tillman,False,1.4666666666666686
2024-07-02,United States,Chris Richards,True,90.0
2024-07-02,United States,Kristoffer Lund,False,0.0
2024-07-02,United States,Folarin Balogun,True,40.55
2024-07-02,Uruguay,Luis Alberto Suárez Díaz,False,1.7333333333333343
2024-07-02,Uruguay,Nahitan Michel Nández Acosta,True,90.0
2024-07-02,Uruguay,Giorgian Daniel De Arrascaeta Benedetti,False,0.0
2024-07-02,Uruguay,José María Giménez de Vargas,False,18.983333333333334
2024-07-02,Uruguay,Rodrigo Bentancur Colmán,False,11.63333333333334
2024-07-02,Uruguay,Guillermo Varela Olivera,False,0.0
2024-07-02,Uruguay,Federico Santiago Valverde Dipetta,True,90.0
2024-07-02,Uruguay,Mathías Olivera Miramontes,True,90.0
2024-07-02,Uruguay,Lucas René Olaza Catrofe,False,0.0
2024-07-02,Uruguay,Diego Nicolás De La Cruz Arcosa,True,78.36666666666666
2024-07-02,Uruguay,Paul Brian Rodríguez Bravo,False,0.0
2024-07-02,Uruguay,Darwin Gabriel Núñez Ribeiro,True,88.26666666666667
2024-07-02,Uruguay,Ronald Federico Araújo da Silva,True,88.91666666666666
2024-07-02,Uruguay,Matías Nicolás Viña Susperreguy,True,71.01666666666667
2024-07-02,Uruguay,Maximiliano Javier Araújo Vilches,True,26.433333333333334
2024-07-02,Uruguay,Sebastián Enzo Cáceres Ramos,False,1.8166666666666629
2024-07-02,Uruguay,Facundo Pellistri Rebollo,True,90.0
2024-07-02,Uruguay,Manuel Ugarte Ribeiro,True,88.18333333333334
2024-07-02,Uruguay,Agustín Canobbio Graviz,False,0.0
2024-07-02,Uruguay,Brian Alexis Ocampo Ferreira,False,0.0
2024-07-02,Uruguay,Cristian Gonzalo Olivera Ibarra,False,63.56666666666666
2024-07-02,Uruguay,Sergio Rochet Álvarez,True,90.0
2024-07-02,Uruguay,Emiliano Martínez Toranza,False,0.0
2024-07-02,Uruguay,Santiago Andrés Mele Castanero,False,0.0
2024-07-02,Uruguay,Franco Israel Wibmer,False,0.0
2024-07-02,Uruguay,Nicolás Marichal Pérez,False,0.0
2024-06-29,Paraguay,Júnior Osmar Ignacio Alonso Mujica,False,0.0
2024-06-29,Paraguay,Fabián Cornelio Balbuena González,True,90.0
2024-06-29,Paraguay,Miguel Ángel Almirón Rejala,True,76.48333333333333
2024-06-29,Paraguay,Alejandro Romero Gamarra,False,17.53333333333333
2024-06-29,Paraguay,Carlos Miguel Coronel,False,0.0
2024-06-29,Paraguay,Gustavo Raúl Gómez Portillo,False,0.0
2024-06-29,Paraguay,Adam Fernando Bareiro Gamarra,False,17.549999999999997
2024-06-29,Paraguay,Derlis Alberto González Galeano,False,0.0
2024-06-29,Paraguay,Matías Nicolás Rojas Romero,False,0.0
2024-06-29,Paraguay,Adrián Andrés Cubas,True,90.0
2024-06-29,Paraguay,Víctor Gustavo Velázquez Ramos,True,90.0
2024-06-29,Paraguay,Omar Federico Alderete Fernández,True,90.0
2024-06-29,Paraguay,Ángel Rodrigo Romero Villamayor,False,0.0
2024-06-29,Paraguay,Richard Rafael Sánchez Guerrero,False,0.0
2024-06-29,Paraguay,Matías David Espinoza Acosta,True,72.45
2024-06-29,Paraguay,Julio César Enciso Espínola,True,72.46666666666667
2024-06-29,Paraguay,Iván Rodrigo Ramírez Segovia,False,0.0
2024-06-29,Paraguay,Alfredo Ariel Aguilar,False,0.0
2024-06-29,Paraguay,Hernesto Ezequiel Caballero Benítez,False,6.200000000000003
2024-06-29,Paraguay,Rodrigo Mario Morínigo Acosta,True,90.0
2024-06-29,Paraguay,Mathías Adalberto Villasanti Rolón,True,90.0
2024-06-29,Paraguay,Damián Josué Bobadilla Benítez,True,83.8
2024-06-29,Paraguay,Ramón Sosa Acosta,False,13.183333333333337
2024-06-29,Paraguay,Alex Adrián Arce Barrios,True,72.45
2024-06-29,Paraguay,Néstor Rafael Giménez Florentín,False,17.549999999999997
2024-06-29,Paraguay,Fabrizio José Peralta Ramírez,False,0.0
2024-06-29,Brazil,Danilo Luiz da Silva,True,90.0
2024-06-29,Brazil,Marcos Aoás Corrêa,True,90.0
2024-06-29,Brazil,Alisson Ramsés Becker,True,90.0
2024-06-29,Brazil,Gabriel dos Santos Magalhães,False,4.216666666666669
2024-06-29,Brazil,Douglas Luiz Soares de Paulo,False,18.599999999999994
2024-06-29,Brazil,Andreas Hoelgebaum Pereira,False,11.966666666666669
2024-06-29,Brazil,Guilherme Antonio Arana Lopes,False,0.0
2024-06-29,Brazil,Wendell Nascimento Borges,True,90.0
2024-06-29,Brazil,Raphael Dias Belloli,False,18.96666666666667
2024-06-29,Brazil,Gleison Bremer Silva Nascimento,False,0.0
2024-06-29,Brazil,Éder Gabriel Militão,True,85.78333333333333
2024-06-29,Brazil,Vinícius José Paixão de Oliveira Júnior,True,90.0
2024-06-29,Brazil,Lucas Tolentino Coelho de Lima,True,78.03333333333333
2024-06-29,Brazil,Rodrygo Silva de Goes,True,77.86666666666666
2024-06-29,Brazil,Bruno Guimarães Rodriguez Moura,True,71.4
2024-06-29,Brazil,Eduardo Gabriel Aquino Cossa,False,0.0
2024-06-29,Brazil,Rafael Pires Monteiro,False,0.0
2024-06-29,Brazil,Éderson José dos Santos Lourenço da Silva,False,0.0
2024-06-29,Brazil,Gabriel Teodoro Martinelli Silva,False,0.0
2024-06-29,Brazil,Francisco Evanilson de Lima Barbosa,False,0.0
2024-06-29,Brazil,Bento Matheus Krepski Neto,False,0.0
2024-06-29,Brazil,Sávio Moreira de Oliveira,True,71.03333333333333
2024-06-29,Brazil,João Victor Gomes da Silva,True,90.0
2024-06-29,Brazil,Yan Bueno Couto,False,0.0
2024-06-29,Brazil,Lucas Lopes Beraldo,False,0.0
2024-06-29,Brazil,Endrick Felipe Moreira de Sousa,False,12.13333333333334
2024-06-22,Venezuela,José Salomón Rondón Giménez,True,83.28333333333333
2024-06-22,Venezuela,Tomás Eduardo Rincón Hernández,False,0.0
2024-06-22,Venezuela,Yordan Hernando Osorio Paredes,True,90.0
2024-06-22,Venezuela,Jhonder Leonel Cádiz Fernández,False,45.0
2024-06-22,Venezuela,Darwin Daniel Machís Marcano,True,45.0
2024-06-22,Venezuela,Jefferson David Savarino Quintero,False,6.88333333333334
2024-06-22,Venezuela,Cristian Sleiker Cásseres Yepes,True,45.0
2024-06-22,Venezuela,Yangel Clemente Herrera Ravelo,True,91.21666666666667
2024-06-22,Venezuela,José David Contreras Bernard,False,0.0
2024-06-22,Venezuela,Alexander David González Sibulo,True,90.0
2024-06-22,Venezuela,Yeferson Julio Soteldo Martínez,True,83.11666666666666
2024-06-22,Venezuela,Jhon Carlos Chancellor Cedeño,False,0.0
2024-06-22,Venezuela,Rafael Enrique Romo Pérez,True,90.0
2024-06-22,Venezuela,Eduard Alexander Bello Gil,False,45.0
2024-06-22,Venezuela,Christian Frederick Bayoi Makoun Reyes,False,0.0
2024-06-22,Venezuela,Miguel Ángel Navarro Zárate,True,90.0
2024-06-22,Venezuela,Joel David Graterol Nader,False,0.0
2024-06-22,Venezuela,José Andrés Martínez Torres,True,88.61666666666667
2024-06-22,Venezuela,Eric Kleybel Ramírez Matheus,False,6.716666666666669
2024-06-22,Venezuela,Wilker José Ángel Romero,False,0.0
2024-06-22,Venezuela,Nahuel Adolfo Ferraresi Hernández,True,90.0
2024-06-22,Venezuela,Daniel Alejandro Pereira Gil,False,0.0
2024-06-22,Venezuela,Jon Mikel Aramburu Mejías,False,0.0
2024-06-22,Venezuela,Kervin Mario Andrade Navarro,False,0.0
2024-06-22,Venezuela,Matías Rafael Lacava González,False,0.0
2024-06-22,Venezuela,Telasco José Segovia Pérez,False,0.0
2024-06-22,Ecuador,Carlos Armando Gruezo Arboleda,False,27.85
2024-06-22,Ecuador,John Yeboah Zamora,True,34.63333333333333
2024-06-22,Ecuador,Ángel Israel Mena Delgado,False,0.0
2024-06-22,Ecuador,Enner Remberto Valencia Lastra,True,90.0
2024-06-22,Ecuador,Felix Eduardo Torres Caicedo,True,90.0
2024-06-22,Ecuador,Alexander Domínguez Carabalí,True,90.0
2024-06-22,Ecuador,José Adoni Cifuentes Charcopa,False,0.0
2024-06-22,Ecuador,Hernán Ismael Galíndez,False,0.0
2024-06-22,Ecuador,Janner Hitcler Corozo Alman,False,0.0
2024-06-22,Ecuador,Julio Joao Ortiz Landázuri,False,0.0
2024-06-22,Ecuador,Moisés Isaac Caicedo Corozo,True,90.0
2024-06-22,Ecuador,Angelo Smit Preciado Quiñónez,True,90.0
2024-06-22,Ecuador,Wellington Moisés Ramírez Preciado,False,0.0
2024-06-22,Ecuador,Alan Steven Franco Palma,True,78.28333333333333
2024-06-22,Ecuador,Piero Martín Hincapié Reyna,True,90.0
2024-06-22,Ecuador,Jeremy Leonel Sarmiento Morante,True,62.15
2024-06-22,Ecuador,Willian Joel Pacho Tenorio,True,90.0
2024-06-22,Ecuador,Jackson Gabriel Porozo Vernaza,False,0.0
2024-06-22,Ecuador,José Andrés Hurtado Cheme,False,0.0
2024-06-22,Ecuador,Jordy Josué Caicedo Medina,False,11.716666666666669
2024-06-22,Ecuador,Alan Steve Minda García,False,11.849999999999994
2024-06-22,Ecuador,Joel Leandro Ordóñez Guerrero,False,0.0
2024-06-22,Ecuador,Layan Manuel Loor Requelme,False,0.0
2024-06-22,Ecuador,Kevin José Rodríguez Cortez,False,55.36666666666667
2024-06-22,Ecuador,Ray Kendry Páez Andrade,True,78.15
2024-06-22,Ecuador,Norman Andres Micolta Arroyo,False,0.0
2024-06-25,Peru,André Martín Carrillo Díaz,False,11.783333333333331
2024-06-25,Peru,Christian Alberto Cueva Bravo,False,11.88333333333334
2024-06-25,Peru,Luis Jan Piers Advíncula Castrillón,False,0.0
2024-06-25,Peru,Édison Michael Flores Peralta,True,61.85
2024-06-25,Peru,Pedro David Gallese Quiróz,True,90.0
2024-06-25,Peru,José Paolo Guerrero Gonzáles,False,20.799999999999997
2024-06-25,Peru,Anderson Santamaría Bardales,False,28.15
2024-06-25,Peru,Wilder José Cartagena Mendoza,True,90.0
2024-06-25,Peru,Gianluca Lapadula Vargas,True,69.2
2024-06-25,Peru,Sergio Fernando Peña Flores,True,78.21666666666667
2024-06-25,Peru,Andy Jorman Polo Andrade,True,90.0
2024-06-25,Peru,Alexander Martín Marquinho Callens Asín,True,90.0
2024-06-25,Peru,Marcos Johan López Lanfranco,True,90.0
2024-06-25,Peru,Luis Alfonso Abram Ugarelli,False,0.0
2024-06-25,Peru,Miguel Gianpierre Araujo Blanco,True,82.05
2024-06-25,Peru,Aldo Sebastián Corzo Chávez,False,0.0
2024-06-25,Peru,Carlos Alberto Cáceda Oyaguez,False,0.0
2024-06-25,Peru,Jesús Abdallah Castillo Molina,False,0.0
2024-06-25,Peru,Carlos Augusto Zambrano Ochandarte,True,78.11666666666666
2024-06-25,Peru,José Daniel Rivera Martínez,False,0.0
2024-06-25,Peru,Joao Alberto Grimaldo Ubidia,False,0.0
2024-06-25,Peru,Franco Zanelatto Téllez,False,0.0
2024-06-25,Peru,Diego Alonso Romero Cachay,False,0.0
2024-06-25,Peru,Piero Aldair Quispe Córdova,True,61.733333333333334
2024-06-25,Peru,Brayan Roberto Reyna Casaverde,False,28.266666666666666
2024-06-25,Peru,Oliver Sonne,False,0.0
2024-06-25,Canada,Stephen Antunes Eustáquio,True,90.0
2024-06-25,Canada,Alphonso Davies,True,90.0
2024-06-25,Canada,Jonathan Osorio,False,45.0
2024-06-25,Canada,Samuel Piette,False,0.0
2024-06-25,Canada,Richie Laryea,True,65.76666666666667
2024-06-25,Canada,Cyle Larin,True,81.55
2024-06-25,Canada,Mathieu Choiniere,False,0.0
2024-06-25,Canada,Liam Millar,True,45.0
2024-06-25,Canada,Jonathan David,True,90.0
2024-06-25,Canada,Maxime Crépeau,True,90.0
2024-06-25,Canada,Derek Cornelius,True,45.0
2024-06-25,Canada,Kamal Miller,False,45.0
2024-06-25,Canada,Tajon Buchanan,False,24.233333333333334
2024-06-25,Canada,Thelonius Bair,False,0.0
2024-06-25,Canada,Jacob Shaffelburg,False,45.0
2024-06-25,Canada,Joel Waterman,False,0.0
2024-06-25,Canada,Dayne Tristan St. Clair,False,0.0
2024-06-25,Canada,Thomas McGill,False,0.0
2024-06-25,Canada,Alistair Johnston,True,90.0
2024-06-25,Canada,Luc Rollet De Fougerolles,False,0.0
2024-06-25,Canada,Ismael Koné,True,45.0
2024-06-25,Canada,Tanitoluwa Oluwaseyi,False,8.450000000000003
2024-06-25,Canada,Ali Ahmed,False,0.0
2024-06-25,Canada,Kyle Hiebert,False,0.0
2024-06-25,Canada,Jacen Russell-Rowe,False,0.0
2024-06-25,Canada,Moise Bombito,True,90.0
2024-06-25,Brazil,Danilo Luiz da Silva,True,90.0
2024-06-25,Brazil,Marcos Aoás Corrêa,True,90.0
2024-06-25,Brazil,Alisson Ramsés Becker,True,90.0
2024-06-25,Brazil,Gabriel dos Santos Magalhães,False,0.0
2024-06-25,Brazil,Douglas Luiz Soares de Paulo,False,0.0
2024-06-25,Brazil,Andreas Hoelgebaum Pereira,False,0.0
2024-06-25,Brazil,Guilherme Antonio Arana Lopes,True,90.0
2024-06-25,Brazil,Wendell Nascimento Borges,False,0.0
2024-06-25,Brazil,Raphael Dias Belloli,True,69.31666666666666
2024-06-25,Brazil,Gleison Bremer Silva Nascimento,False,0.0
2024-06-25,Brazil,Éder Gabriel Militão,True,90.0
2024-06-25,Brazil,Vinícius José Paixão de Oliveira Júnior,True,70.2
2024-06-25,Brazil,Lucas Tolentino Coelho de Lima,True,90.0
2024-06-25,Brazil,Rodrygo Silva de Goes,True,90.0
2024-06-25,Brazil,Bruno Guimarães Rodriguez Moura,True,90.0
2024-06-25,Brazil,Eduardo Gabriel Aquino Cossa,False,0.0
2024-06-25,Brazil,Rafael Pires Monteiro,False,0.0
2024-06-25,Brazil,Éderson José dos Santos Lourenço da Silva,False,0.0
2024-06-25,Brazil,Gabriel Teodoro Martinelli Silva,False,7.599999999999994
2024-06-25,Brazil,Francisco Evanilson de Lima Barbosa,False,0.0
2024-06-25,Brazil,Bento Matheus Krepski Neto,False,0.0
2024-06-25,Brazil,Sávio Moreira de Oliveira,False,20.683333333333337
2024-06-25,Brazil,João Victor Gomes da Silva,True,82.4
2024-06-25,Brazil,Yan Bueno Couto,False,0.0
2024-06-25,Brazil,Lucas Lopes Beraldo,False,0.0
2024-06-25,Brazil,Endrick Felipe Moreira de Sousa,False,19.799999999999997
2024-06-25,Costa Rica,Joel Nathaniel Campbell Samuels,False,22.733333333333334
2024-06-25,Costa Rica,Francisco Javier Calvo Quesada,True,90.0
2024-06-25,Costa Rica,Joseph Martín Mora Cortéz,False,0.0
2024-06-25,Costa Rica,Julio César Cascante Solórzano,False,0.0
2024-06-25,Costa Rica,Ariel Lassiter,True,91.28333333333333
2024-06-25,Costa Rica,Juan Pablo Vargas Campos,True,90.0
2024-06-25,Costa Rica,Manfred Ugalde,True,63.1
2024-06-25,Costa Rica,Aarón Moisés Cruz Esquivel,False,0.0
2024-06-25,Costa Rica,Kevin José Chamorro Rodríguez,False,0.0
2024-06-25,Costa Rica,Patrick Gilmar Sequeira Mejías,True,90.0
2024-06-25,Costa Rica,Douglas Esteban Sequeira Borbón,False,0.0
2024-06-25,Costa Rica,Fernán José Faerrón Tristán,False,0.0
2024-06-25,Costa Rica,Brandon Aguilera Zamora,True,91.3
2024-06-25,Costa Rica,Jefferson Brenes Rojas,True,62.85
2024-06-25,Costa Rica,Josimar Alcócer,False,0.0
2024-06-25,Costa Rica,Anthony Daniel Contreras Enríquez,False,0.0
2024-06-25,Costa Rica,Yeison Molina Ruiz,False,0.0
2024-06-25,Costa Rica,Haxzel Quirós Cruz,True,90.0
2024-06-25,Costa Rica,Orlando Moisés Galo Calderón,True,91.53333333333333
2024-06-25,Costa Rica,Kenneth Vargas,False,0.0
2024-06-25,Costa Rica,Alejandro Jesús Bran Flores,False,28.68333333333333
2024-06-25,Costa Rica,Jeyland Yahir Mitchell Baltodano,True,89.08333333333334
2024-06-25,Costa Rica,Warren Steven Madrigal Molina,False,28.43333333333333
2024-06-25,Costa Rica,Álvaro José Zamora Mata,True,68.8
2024-06-25,Costa Rica,Gerald Taylor,False,0.23333333333333428
2024-06-25,Costa Rica,Andy Rojas Maroto,False,0.0
2024-07-03,Paraguay,Júnior Osmar Ignacio Alonso Mujica,False,0.0
2024-07-03,Paraguay,Fabián Cornelio Balbuena González,True,90.0
2024-07-03,Paraguay,Miguel Ángel Almirón Rejala,True,45.0
2024-07-03,Paraguay,Alejandro Romero Gamarra,False,16.683333333333337
2024-07-03,Paraguay,Carlos Miguel Coronel,False,0.0
2024-07-03,Paraguay,Gustavo Raúl Gómez Portillo,False,0.0
2024-07-03,Paraguay,Adam Fernando Bareiro Gamarra,True,45.0
2024-07-03,Paraguay,Derlis Alberto González Galeano,False,7.766666666666666
2024-07-03,Paraguay,Víctor Gustavo Velázquez Ramos,True,73.16666666666667
2024-07-03,Paraguay,Omar Federico Alderete Fernández,True,90.0
2024-07-03,Paraguay,Ángel Rodrigo Romero Villamayor,False,45.0
2024-07-03,Paraguay,Richard Rafael Sánchez Guerrero,False,0.0
2024-07-03,Paraguay,Julio César Enciso Espínola,True,90.0
2024-07-03,Paraguay,Iván Rodrigo Ramírez Segovia,False,16.83333333333333
2024-07-03,Paraguay,Alfredo Ariel Aguilar,False,0.0
2024-07-03,Paraguay,Hernesto Ezequiel Caballero Benítez,False,45.0
2024-07-03,Paraguay,Rodrigo Mario Morínigo Acosta,True,90.0
2024-07-03,Paraguay,Mathías Adalberto Villasanti Rolón,True,73.31666666666666
2024-07-03,Paraguay,Damián Josué Bobadilla Benítez,True,82.23333333333333
2024-07-03,Paraguay,Ramón Sosa Acosta,True,90.0
2024-07-03,Paraguay,Néstor Rafael Giménez Florentín,True,90.0
2024-07-03,Costa Rica,Joel Nathaniel Campbell Samuels,True,67.9
2024-07-03,Costa Rica,Francisco Javier Calvo Quesada,True,90.0
2024-07-03,Costa Rica,Joseph Martín Mora Cortéz,True,87.61666666666666
2024-07-03,Costa Rica,Julio César Cascante Solórzano,False,2.38333333333334
2024-07-03,Costa Rica,Ariel Lassiter,False,0.0
2024-07-03,Costa Rica,Juan Pablo Vargas Campos,True,90.0
2024-07-03,Costa Rica,Aarón Moisés Cruz Esquivel,False,0.0
2024-07-03,Costa Rica,Kevin José Chamorro Rodríguez,False,0.0
2024-07-03,Costa Rica,Patrick Gilmar Sequeira Mejías,True,90.0
2024-07-03,Costa Rica,Douglas Esteban Sequeira Borbón,False,0.0
2024-07-03,Costa Rica,Fernán José Faerrón Tristán,False,0.0
2024-07-03,Costa Rica,Brandon Aguilera Zamora,False,22.099999999999994
2024-07-03,Costa Rica,Jefferson Brenes Rojas,True,77.91666666666667
2024-07-03,Costa Rica,Josimar Alcócer,True,67.9
2024-07-03,Costa Rica,Anthony Daniel Contreras Enríquez,False,12.066666666666663
2024-07-03,Costa Rica,Yeison Molina Ruiz,False,0.0
2024-07-03,Costa Rica,Haxzel Quirós Cruz,False,0.0
2024-07-03,Costa Rica,Orlando Moisés Galo Calderón,True,90.0
2024-07-03,Costa Rica,Kenneth Vargas,False,0.0
2024-07-03,Costa Rica,Alejandro Jesús Bran Flores,False,12.083333333333329
2024-07-03,Costa Rica,Jeyland Yahir Mitchell Baltodano,True,89.18333333333334
2024-07-03,Costa Rica,Warren Steven Madrigal Molina,True,77.93333333333334
2024-07-03,Costa Rica,Álvaro José Zamora Mata,False,22.099999999999994
2024-07-03,Costa Rica,Gerald Taylor,True,90.0
2024-07-03,Costa Rica,Andy Rojas Maroto,False,0.0
2024-07-06,Colombia,Davinson Sánchez Mina,True,90.0
2024-07-06,Colombia,David Ospina Ramírez,False,0.0
2024-07-06,Colombia,Johan Andrés Mojica Palacio,True,90.0
2024-07-06,Colombia,Juan Fernando Quintero Paniagua,False,17.516666666666666
2024-07-06,Colombia,James David Rodríguez Rubio,True,71.73333333333333
2024-07-06,Colombia,Santiago Arias Naranjo,False,17.78333333333333
2024-07-06,Colombia,Andrés Mateus Uribe Villa,True,90.0
2024-07-06,Colombia,Yerry Fernando Mina González,False,0.0
2024-07-06,Colombia,Miguel Ángel Borja Hernández,False,11.900000000000006
2024-07-06,Colombia,Jhon Andrés Córdoba Copete,True,77.48333333333332
2024-07-06,Colombia,Luis Fernando Sinisterra Lucumí,False,25.299999999999997
2024-07-06,Colombia,Luis Fernando Díaz Marulanda,True,64.26666666666667
2024-07-06,Colombia,Álvaro David Montero Perales,False,0.0
2024-07-06,Colombia,Camilo Andrés Vargas Gil,True,90.0
2024-07-06,Colombia,Jhon Adolfo Arias Andrade,True,65.21666666666667
2024-07-06,Colombia,Daniel Muñoz Mejía,True,72.21666666666667
2024-07-06,Colombia,Deiver Andrés Machado Mena,False,0.0
2024-07-06,Colombia,Rafael Santos Borré Amaury,False,0.0
2024-07-06,Colombia,Carlos Eccehomo Cuesta Figueroa,True,90.0
2024-07-06,Colombia,Jorge Andrés Carrascal Guardo,False,24.78333333333333
2024-07-06,Colombia,Jhon Jáder Durán Palacio,False,0.0
2024-07-06,Colombia,Richard Rios Montoya,True,90.0
2024-07-06,Colombia,Kevin Duvan Castaño Gil,False,0.0
2024-07-06,Colombia,Yaser Esneider Asprilla Martínez,False,0.0
2024-07-06,Panama,Erick Javier Davis Grajales,True,82.21666666666667
2024-07-06,Panama,Edgar Yoel Bárcenas Herrera,True,90.0
2024-07-06,Panama,Michael Amir Murillo Bermudez,True,90.0
2024-07-06,Panama,Ismael Díaz De León,False,5.716666666666669
2024-07-06,Panama,Cristian Jesús Martínez,True,61.416666666666664
2024-07-06,Panama,Roderick Alonso Miller Molina,True,45.0
2024-07-06,Panama,Carlos Miguel Harvey Cesneros,False,45.0
2024-07-06,Panama,Abdiel Armando Ayarza Cocanegra,False,28.583333333333336
2024-07-06,Panama,Luis Ricardo Mejía Cajar,False,0.0
2024-07-06,Panama,César Rodolfo Blackman Camarena,True,45.0
2024-07-06,Panama,Eduardo Antonio Guerrero Lozcano,False,45.0
2024-07-06,Panama,José Fajardo Nelson,True,83.81666666666666
2024-07-06,Panama,Orlando Mosquera,True,90.0
2024-07-06,Panama,César Augusto Yanis Velasco,False,0.0
2024-07-06,Panama,Freddy Elías Góndola Smith,False,0.0
2024-07-06,Panama,José Ángel Córdoba Chambers,True,89.41666666666667
2024-07-06,Panama,César Jair Samudio Murillo,False,0.0
2024-07-06,Panama,Eduardo Antonio Anderson Gómez,False,0.0
2024-07-06,Panama,Edgardo Isaac Fariña Wynter,True,90.0
2024-07-06,Panama,Omar Javier Valencia Arauz,False,7.783333333333331
2024-07-06,Panama,Jovani Francisco Welch Lopez,True,90.0
2024-07-06,Panama,Kahiser Lenis Navarro,False,0.0
2024-07-06,Panama,Iván Alejandro Anderson Hernández,False,0.0
2024-07-15,Argentina,Ángel Fabián Di María Hernández,True,190.11666666666667
2024-07-15,Argentina,Nicolás Hernán Otamendi,False,0.36666666666666003
2024-07-15,Argentina,Giovani Lo Celso,False,0.0
2024-07-15,Argentina,Lionel Andrés Messi Cuccittini,True,65.28333333333333
2024-07-15,Argentina,Nicolás Alejandro Tagliafico,True,190.48333333333335
2024-07-15,Argentina,Franco Armani,False,0.0
2024-07-15,Argentina,Gerónimo Rulli,False,0.0
2024-07-15,Argentina,Damián Emiliano Martínez,True,90.0
2024-07-15,Argentina,Germán Alejandro Pezzella,False,0.0
2024-07-15,Argentina,Rodrigo Javier De Paul,True,190.48333333333332
2024-07-15,Argentina,Lautaro Javier Martínez,False,0.0
2024-07-15,Argentina,Leandro Daniel Paredes,False,0.5
2024-07-15,Argentina,Marcos Javier Acuña,False,0.0
2024-07-15,Argentina,Cristian Gabriel Romero,True,90.0
2024-07-15,Argentina,Nicolás Iván González,False,24.183333333333337
2024-07-15,Argentina,Guido Rodríguez,False,0.0
2024-07-15,Argentina,Lisandro Martínez,True,90.0
2024-07-15,Argentina,Alexis Mac Allister,True,96.28333333333333
2024-07-15,Argentina,Gonzalo Ariel Montiel,True,71.28333333333333
2024-07-15,Argentina,Exequiel Alejandro Palacios,False,0.0
2024-07-15,Argentina,Lucas Martínez Quarta,False,0.0
2024-07-15,Argentina,Nahuel Molina Lucero,False,18.71666666666667
2024-07-15,Argentina,Julián Álvarez,True,96.05
2024-07-15,Argentina,Enzo Fernandez,True,96.78333333333333
2024-07-15,Argentina,Alejandro Garnacho Ferreyra,False,0.0
2024-07-15,Argentina,Valentin Carboni,False,0.0
2024-07-15,Colombia,Davinson Sánchez Mina,True,90.0
2024-07-15,Colombia,David Ospina Ramírez,False,0.0
2024-07-15,Colombia,Jefferson Andrés Lerma Solís,True,105.0
2024-07-15,Colombia,Johan Andrés Mojica Palacio,True,90.0
2024-07-15,Colombia,Juan Fernando Quintero Paniagua,False,0.0
2024-07-15,Colombia,James David Rodríguez Rubio,True,90.0
2024-07-15,Colombia,Santiago Arias Naranjo,True,90.0
2024-07-15,Colombia,Andrés Mateus Uribe Villa,False,0.0
2024-07-15,Colombia,Yerry Fernando Mina González,False,0.0
2024-07-15,Colombia,Miguel Ángel Borja Hernández,False,0.0
2024-07-15,Colombia,Jhon Andrés Córdoba Copete,True,87.86666666666666
2024-07-15,Colombia,Luis Fernando Sinisterra Lucumí,False,0.0
2024-07-15,Colombia,Jhon Janer Lucumí Bonilla,False,0.0
2024-07-15,Colombia,Luis Fernando Díaz Marulanda,True,105.0
2024-07-15,Colombia,Álvaro David Montero Perales,False,0.0
2024-07-15,Colombia,Camilo Andrés Vargas Gil,True,90.0
2024-07-15,Colombia,Jhon Adolfo Arias Andrade,True,105.0
2024-07-15,Colombia,Deiver Andrés Machado Mena,False,0.0
2024-07-15,Colombia,Rafael Santos Borré Amaury,False,2.13333333333334
2024-07-15,Colombia,Carlos Eccehomo Cuesta Figueroa,True,90.0
2024-07-15,Colombia,Jorge Andrés Carrascal Guardo,False,0.0
2024-07-15,Colombia,Jhon Jáder Durán Palacio,False,0.0
2024-07-15,Colombia,Richard Rios Montoya,True,87.91666666666667
2024-07-15,Colombia,Kevin Duvan Castaño Gil,False,2.0833333333333286
2024-07-15,Colombia,Yaser Esneider Asprilla Martínez,False,0.0
2024-07-14,Uruguay,Luis Alberto Suárez Díaz,False,45.0
2024-07-14,Uruguay,Nahitan Michel Nández Acosta,True,90.0
2024-07-14,Uruguay,Giorgian Daniel De Arrascaeta Benedetti,False,45.0
2024-07-14,Uruguay,José María Giménez de Vargas,True,89.08333333333333
2024-07-14,Uruguay,Rodrigo Bentancur Colmán,True,90.0
2024-07-14,Uruguay,Federico Santiago Valverde Dipetta,True,90.0
2024-07-14,Uruguay,Mathías Olivera Miramontes,False,0.0
2024-07-14,Uruguay,Lucas René Olaza Catrofe,False,24.233333333333334
2024-07-14,Uruguay,Paul Brian Rodríguez Bravo,False,29.4
2024-07-14,Uruguay,Darwin Gabriel Núñez Ribeiro,True,45.0
2024-07-14,Uruguay,Ronald Federico Araújo da Silva,False,0.0
2024-07-14,Uruguay,Matías Nicolás Viña Susperreguy,True,65.76666666666667
2024-07-14,Uruguay,Maximiliano Javier Araújo Vilches,True,60.75
2024-07-14,Uruguay,Sebastián Enzo Cáceres Ramos,True,90.0
2024-07-14,Uruguay,Facundo Pellistri Rebollo,True,60.6
2024-07-14,Uruguay,Manuel Ugarte Ribeiro,True,45.0
2024-07-14,Uruguay,Agustín Canobbio Graviz,False,0.0
2024-07-14,Uruguay,Brian Alexis Ocampo Ferreira,False,0.0
2024-07-14,Uruguay,Cristian Gonzalo Olivera Ibarra,False,29.25
2024-07-14,Uruguay,Sergio Rochet Álvarez,True,90.0
2024-07-14,Uruguay,Emiliano Martínez Toranza,False,0.0
2024-07-14,Uruguay,Santiago Andrés Mele Castanero,False,0.0
2024-07-14,Uruguay,Franco Israel Wibmer,False,0.0
2024-07-14,Uruguay,Nicolás Marichal Pérez,False,0.0
2024-07-14,Canada,Stephen Antunes Eustáquio,False,0.0
2024-07-14,Canada,Alphonso Davies,False,28.75
2024-07-14,Canada,Jonathan Osorio,True,76.21666666666667
2024-07-14,Canada,Samuel Piette,False,0.0
2024-07-14,Canada,Richie Laryea,True,90.0
2024-07-14,Canada,Cyle Larin,False,0.0
2024-07-14,Canada,Mathieu Choiniere,True,90.0
2024-07-14,Canada,Liam Millar,False,13.783333333333331
2024-07-14,Canada,Jonathan David,False,23.58333333333333
2024-07-14,Canada,Maxime Crépeau,False,0.0
2024-07-14,Canada,Derek Cornelius,False,23.566666666666663
2024-07-14,Canada,Kamal Miller,False,0.0
2024-07-14,Canada,Thelonius Bair,False,13.783333333333331
2024-07-14,Canada,Jacob Shaffelburg,True,90.0
2024-07-14,Canada,Joel Waterman,False,0.0
2024-07-14,Canada,Dayne Tristan St. Clair,True,90.0
2024-07-14,Canada,Thomas McGill,False,0.0
2024-07-14,Canada,Alistair Johnston,True,61.25
2024-07-14,Canada,Luc Rollet De Fougerolles,True,66.43333333333334
2024-07-14,Canada,Ismael Koné,True,90.0
2024-07-14,Canada,Tanitoluwa Oluwaseyi,True,66.41666666666667
2024-07-14,Canada,Ali Ahmed,True,76.21666666666667
2024-07-14,Canada,Kyle Hiebert,False,0.0
2024-07-14,Canada,Jacen Russell-Rowe,False,0.0
2024-07-14,Canada,Moise Bombito,True,90.0
2024-07-11,Colombia,Davinson Sánchez Mina,True,90.0
2024-07-11,Colombia,David Ospina Ramírez,False,0.0
2024-07-11,Colombia,Jefferson Andrés Lerma Solís,True,90.0
2024-07-11,Colombia,Johan Andrés Mojica Palacio,True,90.0
2024-07-11,Colombia,Juan Fernando Quintero Paniagua,False,0.0
2024-07-11,Colombia,James David Rodríguez Rubio,True,61.28333333333333
2024-07-11,Colombia,Santiago Arias Naranjo,False,45.0
2024-07-11,Colombia,Andrés Mateus Uribe Villa,False,29.25
2024-07-11,Colombia,Yerry Fernando Mina González,False,15.0
2024-07-11,Colombia,Miguel Ángel Borja Hernández,False,0.0
2024-07-11,Colombia,Jhon Andrés Córdoba Copete,True,75.0
2024-07-11,Colombia,Luis Fernando Sinisterra Lucumí,False,4.38333333333334
2024-07-11,Colombia,Jhon Janer Lucumí Bonilla,False,0.0
2024-07-11,Colombia,Luis Fernando Díaz Marulanda,True,85.61666666666666
2024-07-11,Colombia,Álvaro David Montero Perales,False,0.0
2024-07-11,Colombia,Camilo Andrés Vargas Gil,True,90.0
2024-07-11,Colombia,Jhon Adolfo Arias Andrade,True,45.0
2024-07-11,Colombia,Daniel Muñoz Mejía,True,90.0
2024-07-11,Colombia,Deiver Andrés Machado Mena,False,0.0
2024-07-11,Colombia,Rafael Santos Borré Amaury,False,0.0
2024-07-11,Colombia,Carlos Eccehomo Cuesta Figueroa,True,90.0
2024-07-11,Colombia,Jorge Andrés Carrascal Guardo,False,0.0
2024-07-11,Colombia,Jhon Jáder Durán Palacio,False,0.0
2024-07-11,Colombia,Richard Rios Montoya,True,59.93333333333334
2024-07-11,Colombia,Kevin Duvan Castaño Gil,False,28.71666666666667
2024-07-11,Colombia,Yaser Esneider Asprilla Martínez,False,0.0
2024-07-11,Uruguay,Luis Alberto Suárez Díaz,False,23.91666666666667
2024-07-11,Uruguay,Giorgian Daniel De Arrascaeta Benedetti,False,45.0
2024-07-11,Uruguay,José María Giménez de Vargas,True,90.0
2024-07-11,Uruguay,Rodrigo Bentancur Colmán,True,34.083333333333336
2024-07-11,Uruguay,Guillermo Varela Olivera,False,31.999999999999993
2024-07-11,Uruguay,Federico Santiago Valverde Dipetta,True,90.0
2024-07-11,Uruguay,Mathías Olivera Miramontes,True,45.0
2024-07-11,Uruguay,Lucas René Olaza Catrofe,False,0.0
2024-07-11,Uruguay,Diego Nicolás De La Cruz Arcosa,True,89.45
2024-07-11,Uruguay,Paul Brian Rodríguez Bravo,False,0.0
2024-07-11,Uruguay,Darwin Gabriel Núñez Ribeiro,True,90.0
2024-07-11,Uruguay,Ronald Federico Araújo da Silva,False,0.0
2024-07-11,Uruguay,Matías Nicolás Viña Susperreguy,False,0.0
2024-07-11,Uruguay,Maximiliano Javier Araújo Vilches,True,90.0
2024-07-11,Uruguay,Sebastián Enzo Cáceres Ramos,True,90.0
2024-07-11,Uruguay,Facundo Pellistri Rebollo,True,45.0
2024-07-11,Uruguay,Manuel Ugarte Ribeiro,True,90.0
2024-07-11,Uruguay,Agustín Canobbio Graviz,False,0.5499999999999972
2024-07-11,Uruguay,Brian Alexis Ocampo Ferreira,False,0.0
2024-07-11,Uruguay,Cristian Gonzalo Olivera Ibarra,False,45.0
2024-07-11,Uruguay,Sergio Rochet Álvarez,True,90.0
2024-07-11,Uruguay,Emiliano Martínez Toranza,False,0.0
2024-07-11,Uruguay,Santiago Andrés Mele Castanero,False,0.0
2024-07-11,Uruguay,Franco Israel Wibmer,False,0.0
2024-07-11,Uruguay,Nicolás Marichal Pérez,False,0.0
2024-07-10,Argentina,Ángel Fabián Di María Hernández,True,77.6
2024-07-10,Argentina,Nicolás Hernán Otamendi,False,26.28333333333333
2024-07-10,Argentina,Giovani Lo Celso,False,0.0
2024-07-10,Argentina,Lionel Andrés Messi Cuccittini,True,90.0
2024-07-10,Argentina,Nicolás Alejandro Tagliafico,True,63.71666666666667
2024-07-10,Argentina,Franco Armani,False,0.0
2024-07-10,Argentina,Gerónimo Rulli,False,0.0
2024-07-10,Argentina,Damián Emiliano Martínez,True,90.0
2024-07-10,Argentina,Germán Alejandro Pezzella,False,0.0
2024-07-10,Argentina,Rodrigo Javier De Paul,True,90.0
2024-07-10,Argentina,Lautaro Javier Martínez,False,12.86666666666666
2024-07-10,Argentina,Leandro Daniel Paredes,False,0.0
2024-07-10,Argentina,Marcos Javier Acuña,False,0.0
2024-07-10,Argentina,Cristian Gabriel Romero,True,90.0
2024-07-10,Argentina,Nicolás Iván González,False,12.400000000000006
2024-07-10,Argentina,Guido Rodríguez,False,0.0
2024-07-10,Argentina,Lisandro Martínez,True,90.0
2024-07-10,Argentina,Alexis Mac Allister,True,77.45
2024-07-10,Argentina,Gonzalo Ariel Montiel,True,71.23333333333333
2024-07-10,Argentina,Exequiel Alejandro Palacios,False,12.549999999999997
2024-07-10,Argentina,Lucas Martínez Quarta,False,0.0
2024-07-10,Argentina,Nahuel Molina Lucero,False,18.766666666666666
2024-07-10,Argentina,Julián Álvarez,True,77.13333333333334
2024-07-10,Argentina,Enzo Fernandez,True,90.0
2024-07-10,Argentina,Alejandro Garnacho Ferreyra,False,0.0
2024-07-10,Argentina,Valentin Carboni,False,0.0
2024-07-10,Canada,Stephen Antunes Eustáquio,True,71.03333333333333
2024-07-10,Canada,Alphonso Davies,True,69.98333333333333
2024-07-10,Canada,Jonathan Osorio,False,19.233333333333334
2024-07-10,Canada,Samuel Piette,False,0.0
2024-07-10,Canada,Richie Laryea,True,54.36666666666667
2024-07-10,Canada,Cyle Larin,True,90.0
2024-07-10,Canada,Mathieu Choiniere,False,18.96666666666667
2024-07-10,Canada,Liam Millar,False,35.71666666666667
2024-07-10,Canada,Jonathan David,True,63.56666666666667
2024-07-10,Canada,Maxime Crépeau,True,90.0
2024-07-10,Canada,Derek Cornelius,True,90.0
2024-07-10,Canada,Kamal Miller,False,0.0
2024-07-10,Canada,Thelonius Bair,False,0.0
2024-07-10,Canada,Jacob Shaffelburg,True,54.28333333333333
2024-07-10,Canada,Joel Waterman,False,0.0
2024-07-10,Canada,Dayne Tristan St. Clair,False,0.0
2024-07-10,Canada,Thomas McGill,False,0.0
2024-07-10,Canada,Alistair Johnston,True,90.0
2024-07-10,Canada,Luc Rollet De Fougerolles,False,0.0
2024-07-10,Canada,Ismael Koné,True,90.0
2024-07-10,Canada,Tanitoluwa Oluwaseyi,False,26.43333333333333
2024-07-10,Canada,Ali Ahmed,False,35.63333333333333
2024-07-10,Canada,Kyle Hiebert,False,0.0
2024-07-10,Canada,Jacen Russell-Rowe,False,0.0
2024-07-10,Canada,Moise Bombito,True,90.0
2024-07-07,Brazil,Danilo Luiz da Silva,True,90.0
2024-07-07,Brazil,Marcos Aoás Corrêa,True,90.0
2024-07-07,Brazil,Alisson Ramsés Becker,True,90.0
2024-07-07,Brazil,Gabriel dos Santos Magalhães,False,0.0
2024-07-07,Brazil,Douglas Luiz Soares de Paulo,False,7.099999999999994
2024-07-07,Brazil,Andreas Hoelgebaum Pereira,False,7.099999999999994
2024-07-07,Brazil,Guilherme Antonio Arana Lopes,True,90.0
2024-07-07,Brazil,Wendell Nascimento Borges,False,0.0
2024-07-07,Brazil,Raphael Dias Belloli,True,82.9
2024-07-07,Brazil,Gleison Bremer Silva Nascimento,False,0.0
2024-07-07,Brazil,Éder Gabriel Militão,True,90.0
2024-07-07,Brazil,Lucas Tolentino Coelho de Lima,True,82.9
2024-07-07,Brazil,Rodrygo Silva de Goes,True,86.53333333333333
2024-07-07,Brazil,Bruno Guimarães Rodriguez Moura,True,86.56666666666666
2024-07-07,Brazil,Eduardo Gabriel Aquino Cossa,False,0.0
2024-07-07,Brazil,Rafael Pires Monteiro,False,0.0
2024-07-07,Brazil,Éderson José dos Santos Lourenço da Silva,False,0.0
2024-07-07,Brazil,Gabriel Teodoro Martinelli Silva,False,3.4666666666666686
2024-07-07,Brazil,Francisco Evanilson de Lima Barbosa,False,3.433333333333337
2024-07-07,Brazil,Bento Matheus Krepski Neto,False,0.0
2024-07-07,Brazil,Sávio Moreira de Oliveira,False,7.099999999999994
2024-07-07,Brazil,João Victor Gomes da Silva,True,82.9
2024-07-07,Brazil,Yan Bueno Couto,False,0.0
2024-07-07,Brazil,Lucas Lopes Beraldo,False,0.0
2024-07-07,Brazil,Endrick Felipe Moreira de Sousa,True,90.0
2024-07-07,Uruguay,Luis Alberto Suárez Díaz,False,0.0
2024-07-07,Uruguay,Nahitan Michel Nández Acosta,True,82.8
2024-07-07,Uruguay,Giorgian Daniel De Arrascaeta Benedetti,False,12.400000000000006
2024-07-07,Uruguay,José María Giménez de Vargas,False,57.083333333333336
2024-07-07,Uruguay,Rodrigo Bentancur Colmán,False,24.0
2024-07-07,Uruguay,Guillermo Varela Olivera,False,13.033333333333331
2024-07-07,Uruguay,Federico Santiago Valverde Dipetta,True,90.0
2024-07-07,Uruguay,Mathías Olivera Miramontes,True,90.0
2024-07-07,Uruguay,Lucas René Olaza Catrofe,False,0.0
2024-07-07,Uruguay,Diego Nicolás De La Cruz Arcosa,True,66.0
2024-07-07,Uruguay,Paul Brian Rodríguez Bravo,False,0.0
2024-07-07,Uruguay,Darwin Gabriel Núñez Ribeiro,True,77.6
2024-07-07,Uruguay,Ronald Federico Araújo da Silva,True,32.916666666666664
2024-07-07,Uruguay,Matías Nicolás Viña Susperreguy,True,45.0
2024-07-07,Uruguay,Maximiliano Javier Araújo Vilches,True,90.0
2024-07-07,Uruguay,Sebastián Enzo Cáceres Ramos,False,45.0
2024-07-07,Uruguay,Facundo Pellistri Rebollo,True,76.96666666666667
2024-07-07,Uruguay,Manuel Ugarte Ribeiro,True,90.0
2024-07-07,Uruguay,Agustín Canobbio Graviz,False,0.0
2024-07-07,Uruguay,Brian Alexis Ocampo Ferreira,False,0.0
2024-07-07,Uruguay,Cristian Gonzalo Olivera Ibarra,False,0.0
2024-07-07,Uruguay,Sergio Rochet Álvarez,True,90.0
2024-07-07,Uruguay,Emiliano Martínez Toranza,False,0.0
2024-07-07,Uruguay,Santiago Andrés Mele Castanero,False,0.0
2024-07-07,Uruguay,Franco Israel Wibmer,False,0.0
2024-07-07,Uruguay,Nicolás Marichal Pérez,False,0.0
2024-06-24,Uruguay,Luis Alberto Suárez Díaz,False,0.0
2024-06-24,Uruguay,Nahitan Michel Nández Acosta,True,90.0
2024-06-24,Uruguay,Giorgian Daniel De Arrascaeta Benedetti,True,59.833333333333336
2024-06-24,Uruguay,José María Giménez de Vargas,False,45.0
2024-06-24,Uruguay,Rodrigo Bentancur Colmán,False,5.483333333333334
2024-06-24,Uruguay,Guillermo Varela Olivera,False,0.0
2024-06-24,Uruguay,Federico Santiago Valverde Dipetta,True,84.51666666666667
2024-06-24,Uruguay,Mathías Olivera Miramontes,True,59.8
2024-06-24,Uruguay,Lucas René Olaza Catrofe,False,0.0
2024-06-24,Uruguay,Diego Nicolás De La Cruz Arcosa,False,30.166666666666664
2024-06-24,Uruguay,Paul Brian Rodríguez Bravo,False,0.0
2024-06-24,Uruguay,Darwin Gabriel Núñez Ribeiro,True,90.0
2024-06-24,Uruguay,Ronald Federico Araújo da Silva,True,44.733333333333334
2024-06-24,Uruguay,Matías Nicolás Viña Susperreguy,True,90.0
2024-06-24,Uruguay,Maximiliano Javier Araújo Vilches,True,90.0
2024-06-24,Uruguay,Sebastián Enzo Cáceres Ramos,False,30.200000000000003
2024-06-24,Uruguay,Facundo Pellistri Rebollo,True,90.0
2024-06-24,Uruguay,Manuel Ugarte Ribeiro,True,90.0
2024-06-24,Uruguay,Agustín Canobbio Graviz,False,0.0
2024-06-24,Uruguay,Brian Alexis Ocampo Ferreira,False,0.0
2024-06-24,Uruguay,Cristian Gonzalo Olivera Ibarra,False,0.0
2024-06-24,Uruguay,Sergio Rochet Álvarez,True,90.0
2024-06-24,Uruguay,Emiliano Martínez Toranza,False,0.0
2024-06-24,Uruguay,Santiago Andrés Mele Castanero,False,0.0
2024-06-24,Uruguay,Franco Israel Wibmer,False,0.0
2024-06-24,Uruguay,Nicolás Marichal Pérez,False,0.0
2024-06-24,Panama,José Luis Rodríguez Francis,True,80.03333333333333
2024-06-24,Panama,Erick Javier Davis Grajales,True,90.0
2024-06-24,Panama,Edgar Yoel Bárcenas Herrera,True,88.48333333333333
2024-06-24,Panama,Michael Amir Murillo Bermudez,True,90.0
2024-06-24,Panama,Ismael Díaz De León,False,0.0
2024-06-24,Panama,Cristian Jesús Martínez,True,63.8
2024-06-24,Panama,Roderick Alonso Miller Molina,True,90.0
2024-06-24,Panama,Carlos Miguel Harvey Cesneros,False,0.0
2024-06-24,Panama,Abdiel Armando Ayarza Cocanegra,False,2.11666666666666
2024-06-24,Panama,Luis Ricardo Mejía Cajar,False,0.0
2024-06-24,Panama,César Rodolfo Blackman Camarena,False,0.0
2024-06-24,Panama,Adalberto Eliécer Carrasquilla Alcázar,True,87.88333333333334
2024-06-24,Panama,Eduardo Antonio Guerrero Lozcano,False,6.933333333333337
2024-06-24,Panama,José Fajardo Nelson,True,83.06666666666666
2024-06-24,Panama,Orlando Mosquera,True,90.0
2024-06-24,Panama,César Augusto Yanis Velasco,False,0.0
2024-06-24,Panama,Freddy Elías Góndola Smith,False,6.733333333333334
2024-06-24,Panama,José Ángel Córdoba Chambers,True,90.0
2024-06-24,Panama,César Jair Samudio Murillo,False,0.0
2024-06-24,Panama,Eduardo Antonio Anderson Gómez,False,0.0
2024-06-24,Panama,Edgardo Isaac Fariña Wynter,True,90.0
2024-06-24,Panama,Omar Javier Valencia Arauz,False,0.0
2024-06-24,Panama,Jovani Francisco Welch Lopez,False,25.75
2024-06-24,Panama,Kahiser Lenis Navarro,False,1.5166666666666657
2024-06-24,Panama,Iván Alejandro Anderson Hernández,False,0.0
2024-07-06,Venezuela,José Salomón Rondón Giménez,True,90.0
2024-07-06,Venezuela,Tomás Eduardo Rincón Hernández,False,0.0
2024-07-06,Venezuela,Yordan Hernando Osorio Paredes,True,91.08333333333333
2024-07-06,Venezuela,Jhonder Leonel Cádiz Fernández,False,30.866666666666667
2024-07-06,Venezuela,Jefferson David Savarino Quintero,False,6.900000000000006
2024-07-06,Venezuela,Cristian Sleiker Cásseres Yepes,True,59.13333333333333
2024-07-06,Venezuela,Yangel Clemente Herrera Ravelo,True,90.0
2024-07-06,Venezuela,José David Contreras Bernard,False,0.0
2024-07-06,Venezuela,Alexander David González Sibulo,False,0.0
2024-07-06,Venezuela,Yeferson Julio Soteldo Martínez,True,83.1
2024-07-06,Venezuela,Jhon Carlos Chancellor Cedeño,False,0.0
2024-07-06,Venezuela,Rafael Enrique Romo Pérez,True,90.0
2024-07-06,Venezuela,Eduard Alexander Bello Gil,True,83.26666666666667
2024-07-06,Venezuela,Christian Frederick Bayoi Makoun Reyes,False,0.0
2024-07-06,Venezuela,Miguel Ángel Navarro Zárate,True,90.0
2024-07-06,Venezuela,Joel David Graterol Nader,False,0.0
2024-07-06,Venezuela,José Andrés Martínez Torres,True,90.95
2024-07-06,Venezuela,Eric Kleybel Ramírez Matheus,False,0.0
2024-07-06,Venezuela,Wilker José Ángel Romero,False,0.0
2024-07-06,Venezuela,Nahuel Adolfo Ferraresi Hernández,True,89.73333333333333
2024-07-06,Venezuela,Daniel Alejandro Pereira Gil,False,0.0
2024-07-06,Venezuela,Jon Mikel Aramburu Mejías,True,90.0
2024-07-06,Venezuela,Kervin Mario Andrade Navarro,False,0.0
2024-07-06,Venezuela,Matías Rafael Lacava González,False,6.733333333333334
2024-07-06,Venezuela,Telasco José Segovia Pérez,False,0.0
2024-07-06,Canada,Stephen Antunes Eustáquio,True,90.0
2024-07-06,Canada,Alphonso Davies,True,90.0
2024-07-06,Canada,Jonathan Osorio,True,80.76666666666667
2024-07-06,Canada,Samuel Piette,False,0.0
2024-07-06,Canada,Richie Laryea,True,71.6
2024-07-06,Canada,Cyle Larin,True,71.58333333333333
2024-07-06,Canada,Mathieu Choiniere,False,0.0
2024-07-06,Canada,Liam Millar,False,28.233333333333334
2024-07-06,Canada,Jonathan David,True,90.0
2024-07-06,Canada,Maxime Crépeau,True,90.0
2024-07-06,Canada,Derek Cornelius,True,89.8
2024-07-06,Canada,Kamal Miller,False,0.0
2024-07-06,Canada,Thelonius Bair,False,0.0
2024-07-06,Canada,Jacob Shaffelburg,True,60.56666666666666
2024-07-06,Canada,Joel Waterman,False,0.0
2024-07-06,Canada,Dayne Tristan St. Clair,False,0.0
2024-07-06,Canada,Thomas McGill,False,0.0
2024-07-06,Canada,Alistair Johnston,True,89.28333333333333
2024-07-06,Canada,Luc Rollet De Fougerolles,False,0.0
2024-07-06,Canada,Ismael Koné,False,9.233333333333334
2024-07-06,Canada,Tanitoluwa Oluwaseyi,False,18.41666666666667
2024-07-06,Canada,Ali Ahmed,False,18.400000000000006
2024-07-06,Canada,Kyle Hiebert,False,0.0
2024-07-06,Canada,Jacen Russell-Rowe,False,0.0
2024-07-06,Canada,Moise Bombito,True,90.0
2024-07-05,Argentina,Ángel Fabián Di María Hernández,False,0.0
2024-07-05,Argentina,Nicolás Hernán Otamendi,False,12.5
2024-07-05,Argentina,Giovani Lo Celso,False,12.533333333333331
2024-07-05,Argentina,Lionel Andrés Messi Cuccittini,True,90.0
2024-07-05,Argentina,Nicolás Alejandro Tagliafico,True,90.0
2024-07-05,Argentina,Franco Armani,False,0.0
2024-07-05,Argentina,Gerónimo Rulli,False,0.0
2024-07-05,Argentina,Damián Emiliano Martínez,True,90.0
2024-07-05,Argentina,Germán Alejandro Pezzella,False,0.0
2024-07-05,Argentina,Rodrigo Javier De Paul,True,90.0
2024-07-05,Argentina,Lautaro Javier Martínez,True,64.1
2024-07-05,Argentina,Leandro Daniel Paredes,False,0.0
2024-07-05,Argentina,Marcos Javier Acuña,False,0.0
2024-07-05,Argentina,Cristian Gabriel Romero,True,90.0
2024-07-05,Argentina,Nicolás Iván González,True,90.0
2024-07-05,Argentina,Guido Rodríguez,False,0.0
2024-07-05,Argentina,Lisandro Martínez,True,77.46666666666667
2024-07-05,Argentina,Alexis Mac Allister,True,89.81666666666666
2024-07-05,Argentina,Gonzalo Ariel Montiel,False,0.0
2024-07-05,Argentina,Exequiel Alejandro Palacios,False,0.0
2024-07-05,Argentina,Lucas Martínez Quarta,False,0.0
2024-07-05,Argentina,Nahuel Molina Lucero,True,94.73333333333333
2024-07-05,Argentina,Julián Álvarez,False,25.900000000000006
2024-07-05,Argentina,Enzo Fernandez,True,77.5
2024-07-05,Argentina,Alejandro Garnacho Ferreyra,False,0.0
2024-07-05,Argentina,Valentin Carboni,False,0.0
2024-07-05,Ecuador,Carlos Armando Gruezo Arboleda,True,79.0
2024-07-05,Ecuador,John Yeboah Zamora,False,11.0
2024-07-05,Ecuador,Ángel Israel Mena Delgado,False,10.983333333333334
2024-07-05,Ecuador,Enner Remberto Valencia Lastra,True,79.01666666666667
2024-07-05,Ecuador,Felix Eduardo Torres Caicedo,True,90.0
2024-07-05,Ecuador,Alexander Domínguez Carabalí,True,90.0
2024-07-05,Ecuador,José Adoni Cifuentes Charcopa,False,0.0
2024-07-05,Ecuador,Hernán Ismael Galíndez,False,0.0
2024-07-05,Ecuador,Janner Hitcler Corozo Alman,False,0.0
2024-07-05,Ecuador,Julio Joao Ortiz Landázuri,False,0.0
2024-07-05,Ecuador,Moisés Isaac Caicedo Corozo,True,89.2
2024-07-05,Ecuador,Angelo Smit Preciado Quiñónez,True,90.0
2024-07-05,Ecuador,Wellington Moisés Ramírez Preciado,False,0.0
2024-07-05,Ecuador,Alan Steven Franco Palma,True,86.41666666666667
2024-07-05,Ecuador,Piero Martín Hincapié Reyna,True,90.0
2024-07-05,Ecuador,Jeremy Leonel Sarmiento Morante,True,75.68333333333334
2024-07-05,Ecuador,Willian Joel Pacho Tenorio,True,90.0
2024-07-05,Ecuador,Jackson Gabriel Porozo Vernaza,False,0.0
2024-07-05,Ecuador,José Andrés Hurtado Cheme,False,0.0
2024-07-05,Ecuador,Jordy Josué Caicedo Medina,False,3.5833333333333286
2024-07-05,Ecuador,Alan Steve Minda García,False,14.316666666666663
2024-07-05,Ecuador,Joel Leandro Ordóñez Guerrero,False,0.0
2024-07-05,Ecuador,Layan Manuel Loor Requelme,False,0.0
2024-07-05,Ecuador,Kevin José Rodríguez Cortez,False,14.316666666666663
2024-07-05,Ecuador,Ray Kendry Páez Andrade,True,75.68333333333334
2024-07-05,Ecuador,Norman Andres Micolta Arroyo,False,0.0
2024-06-30,Chile,Alexis Alejandro Sánchez Sánchez,True,90.0
2024-06-30,Chile,Ben Brereton Díaz,False,13.700000000000003
2024-06-30,Chile,Guillermo Alfonso Maripán Loaysa,True,90.0
2024-06-30,Chile,Erick Antonio Pulgar Farfán,False,45.0
2024-06-30,Chile,Mauricio Aníbal Isla Isla,True,90.0
2024-06-30,Chile,Igor Lichnovsky Osorio,True,90.0
2024-06-30,Chile,Eduardo Jesús Vargas Rojas,True,45.0
2024-06-30,Chile,Matías Ezequiel Catalán,False,0.0
2024-06-30,Chile,Gabriel Arias Arroyo,True,90.0
2024-06-30,Chile,Víctor Alejandro Dávila Zavala,True,76.3
2024-06-30,Chile,Paulo César Díaz Huincales,False,0.0
2024-06-30,Chile,Rodrigo Eduardo Echeverría Sáez,True,81.16666666666666
2024-06-30,Chile,Benjamín Kuscevic Jaramillo,False,0.0
2024-06-30,Chile,Marcos Nikolas Bolados Hidalgo,False,45.0
2024-06-30,Chile,Brayan Josué Cortés Fernández,False,0.0
2024-06-30,Chile,Nicolás Esteban Fernández Muñoz,False,0.0
2024-06-30,Chile,Gabriel Alonso Suazo Urbina,True,85.81666666666666
2024-06-30,Chile,Marcelino Ignacio Nuñez Espinoza,True,45.0
2024-06-30,Chile,Thomas Ignacio Galdames Millán,False,60.25
2024-06-30,Chile,Cristián Alexander Zavala Briones,False,0.0
2024-06-30,Chile,Esteban Andres Pavez Suazo,False,0.0
2024-06-30,Chile,Maximiliano Gabriel Guerrero Pena,False,0.0
2024-06-30,Chile,Darío Esteban Osorio Osorio,True,29.75
2024-06-30,Chile,César Ignacio Pérez Maldonado,False,8.466666666666669
2024-06-30,Canada,Stephen Antunes Eustáquio,True,90.0
2024-06-30,Canada,Alphonso Davies,True,94.21666666666667
2024-06-30,Canada,Jonathan Osorio,True,90.0
2024-06-30,Canada,Samuel Piette,False,0.0
2024-06-30,Canada,Richie Laryea,True,75.46666666666667
2024-06-30,Canada,Cyle Larin,True,75.36666666666666
2024-06-30,Canada,Mathieu Choiniere,False,0.0
2024-06-30,Canada,Liam Millar,False,25.766666666666666
2024-06-30,Canada,Jonathan David,True,93.91666666666667
2024-06-30,Canada,Maxime Crépeau,True,90.0
2024-06-30,Canada,Derek Cornelius,True,94.21666666666667
2024-06-30,Canada,Kamal Miller,False,0.0
2024-06-30,Canada,Tajon Buchanan,False,14.533333333333331
2024-06-30,Canada,Thelonius Bair,False,0.0
2024-06-30,Canada,Jacob Shaffelburg,True,63.95
2024-06-30,Canada,Joel Waterman,False,0.0
2024-06-30,Canada,Dayne Tristan St. Clair,False,0.0
2024-06-30,Canada,Thomas McGill,False,0.0
2024-06-30,Canada,Alistair Johnston,True,94.21666666666667
2024-06-30,Canada,Luc Rollet De Fougerolles,False,0.0
2024-06-30,Canada,Ismael Koné,False,0.0
2024-06-30,Canada,Tanitoluwa Oluwaseyi,False,14.63333333333334
2024-06-30,Canada,Ali Ahmed,False,0.0
2024-06-30,Canada,Kyle Hiebert,False,0.0
2024-06-30,Canada,Jacen Russell-Rowe,False,0.0
2024-06-30,Canada,Moise Bombito,True,90.0
2024-06-28,Colombia,Davinson Sánchez Mina,True,90.0
2024-06-28,Colombia,David Ospina Ramírez,False,0.0
2024-06-28,Colombia,Jefferson Andrés Lerma Solís,True,71.1
2024-06-28,Colombia,Johan Andrés Mojica Palacio,True,90.0
2024-06-28,Colombia,Juan Fernando Quintero Paniagua,False,0.0
2024-06-28,Colombia,James David Rodríguez Rubio,True,71.51666666666667
2024-06-28,Colombia,Santiago Arias Naranjo,False,0.0
2024-06-28,Colombia,Andrés Mateus Uribe Villa,False,45.0
2024-06-28,Colombia,Yerry Fernando Mina González,False,0.0
2024-06-28,Colombia,Miguel Ángel Borja Hernández,False,0.0
2024-06-28,Colombia,Jhon Andrés Córdoba Copete,True,76.76666666666667
2024-06-28,Colombia,Luis Fernando Sinisterra Lucumí,False,0.0
2024-06-28,Colombia,Luis Fernando Díaz Marulanda,True,76.38333333333334
2024-06-28,Colombia,Álvaro David Montero Perales,False,0.0
2024-06-28,Colombia,Camilo Andrés Vargas Gil,True,90.0
2024-06-28,Colombia,Jhon Adolfo Arias Andrade,True,90.0
2024-06-28,Colombia,Daniel Muñoz Mejía,True,90.0
2024-06-28,Colombia,Deiver Andrés Machado Mena,False,0.0
2024-06-28,Colombia,Rafael Santos Borré Amaury,False,13.233333333333334
2024-06-28,Colombia,Carlos Eccehomo Cuesta Figueroa,True,90.0
2024-06-28,Colombia,Jorge Andrés Carrascal Guardo,False,0.0
2024-06-28,Colombia,Jhon Jáder Durán Palacio,False,13.61666666666666
2024-06-28,Colombia,Richard Rios Montoya,True,45.0
2024-06-28,Colombia,Kevin Duvan Castaño Gil,False,18.900000000000006
2024-06-28,Colombia,Yaser Esneider Asprilla Martínez,False,18.483333333333334
2024-06-28,Costa Rica,Joel Nathaniel Campbell Samuels,False,45.0
2024-06-28,Costa Rica,Francisco Javier Calvo Quesada,True,90.0
2024-06-28,Costa Rica,Joseph Martín Mora Cortéz,False,45.0
2024-06-28,Costa Rica,Julio César Cascante Solórzano,False,0.0
2024-06-28,Costa Rica,Ariel Lassiter,True,45.0
2024-06-28,Costa Rica,Juan Pablo Vargas Campos,True,90.0
2024-06-28,Costa Rica,Manfred Ugalde,True,45.0
2024-06-28,Costa Rica,Aarón Moisés Cruz Esquivel,False,0.0
2024-06-28,Costa Rica,Kevin José Chamorro Rodríguez,False,0.0
2024-06-28,Costa Rica,Patrick Gilmar Sequeira Mejías,True,90.0
2024-06-28,Costa Rica,Douglas Esteban Sequeira Borbón,False,0.0
2024-06-28,Costa Rica,Fernán José Faerrón Tristán,False,0.0
2024-06-28,Costa Rica,Brandon Aguilera Zamora,True,65.11666666666666
2024-06-28,Costa Rica,Jefferson Brenes Rojas,False,24.88333333333334
2024-06-28,Costa Rica,Josimar Alcócer,False,24.53333333333333
2024-06-28,Costa Rica,Anthony Daniel Contreras Enríquez,False,0.0
2024-06-28,Costa Rica,Yeison Molina Ruiz,False,0.0
2024-06-28,Costa Rica,Haxzel Quirós Cruz,True,90.0
2024-06-28,Costa Rica,Orlando Moisés Galo Calderón,True,90.0
2024-06-28,Costa Rica,Kenneth Vargas,False,0.0
2024-06-28,Costa Rica,Alejandro Jesús Bran Flores,False,0.0
2024-06-28,Costa Rica,Jeyland Yahir Mitchell Baltodano,True,90.0
2024-06-28,Costa Rica,Warren Steven Madrigal Molina,True,82.23333333333333
2024-06-28,Costa Rica,Álvaro José Zamora Mata,True,65.46666666666667
2024-06-28,Costa Rica,Gerald Taylor,False,0.0
2024-06-28,Costa Rica,Andy Rojas Maroto,False,7.766666666666666
2024-06-27,United States,Timothy Weah,True,87.41666666666667
2024-06-27,United States,Antonee Robinson,True,90.0
2024-06-27,United States,Shaquell Moore,False,0.0
2024-06-27,United States,Christian Pulisic,True,90.0
2024-06-27,United States,Weston McKennie,True,90.0
2024-06-27,United States,Matthew Charles Turner,True,45.0
2024-06-27,United States,Miles Gordon Robinson,False,0.0
2024-06-27,United States,Sean Johnson,False,0.0
2024-06-27,United States,Tyler Adams,True,45.0
2024-06-27,United States,Cameron Carter-Vickers,False,45.0
2024-06-27,United States,Tim Ream,True,85.6
2024-06-27,United States,Mark McKenzie,False,0.0
2024-06-27,United States,Ethan Horvath,False,45.0
2024-06-27,United States,Haji Wright,False,0.0
2024-06-27,United States,Joshua Sargent,False,4.400000000000006
2024-06-27,United States,Brenden Aaronson,False,0.0
2024-06-27,United States,Ricardo Daniel Pepi,False,18.549999999999997
2024-06-27,United States,João Lucas de Souza Cardoso,False,45.0
2024-06-27,United States,Luca de la Torre,False,0.0
2024-06-27,United States,Giovanni Reyna,True,45.0
2024-06-27,United States,Joseph Scally,True,90.0
2024-06-27,United States,Yunus Dimoara Musah,False,0.0
2024-06-27,United States,Malik Tillman,False,0.0
2024-06-27,United States,Chris Richards,True,90.0
2024-06-27,United States,Kristoffer Lund,False,0.0
2024-06-27,United States,Folarin Balogun,True,71.45
2024-06-27,Panama,Erick Javier Davis Grajales,True,90.0
2024-06-27,Panama,Edgar Yoel Bárcenas Herrera,True,90.2
2024-06-27,Panama,Michael Amir Murillo Bermudez,True,90.0
2024-06-27,Panama,Ismael Díaz De León,False,0.0
2024-06-27,Panama,Cristian Jesús Martínez,True,75.05
2024-06-27,Panama,Roderick Alonso Miller Molina,True,90.0
2024-06-27,Panama,Carlos Miguel Harvey Cesneros,False,0.0
2024-06-27,Panama,Abdiel Armando Ayarza Cocanegra,False,15.150000000000006
2024-06-27,Panama,Luis Ricardo Mejía Cajar,False,0.0
2024-06-27,Panama,César Rodolfo Blackman Camarena,True,59.13333333333333
2024-06-27,Panama,Adalberto Eliécer Carrasquilla Alcázar,True,87.18333333333334
2024-06-27,Panama,Eduardo Antonio Guerrero Lozcano,True,45.0
2024-06-27,Panama,José Fajardo Nelson,False,45.0
2024-06-27,Panama,Orlando Mosquera,True,90.0
2024-06-27,Panama,César Augusto Yanis Velasco,False,0.0
2024-06-27,Panama,Freddy Elías Góndola Smith,False,31.06666666666667
2024-06-27,Panama,José Ángel Córdoba Chambers,True,90.0
2024-06-27,Panama,César Jair Samudio Murillo,False,0.0
2024-06-27,Panama,Eduardo Antonio Anderson Gómez,False,0.0
2024-06-27,Panama,Edgardo Isaac Fariña Wynter,True,90.0
2024-06-27,Panama,Omar Javier Valencia Arauz,False,0.0
2024-06-27,Panama,Jovani Francisco Welch Lopez,False,0.0
2024-06-27,Panama,Kahiser Lenis Navarro,False,0.0
2024-06-27,Panama,Iván Alejandro Anderson Hernández,False,0.0
2024-07-02,Panama,Erick Javier Davis Grajales,True,90.0
2024-07-02,Panama,Edgar Yoel Bárcenas Herrera,True,90.0
2024-07-02,Panama,Michael Amir Murillo Bermudez,True,45.0
2024-07-02,Panama,Ismael Díaz De León,False,0.0
2024-07-02,Panama,Cristian Jesús Martínez,True,73.1
2024-07-02,Panama,Roderick Alonso Miller Molina,False,0.0
2024-07-02,Panama,Carlos Miguel Harvey Cesneros,True,73.33333333333333
2024-07-02,Panama,Abdiel Armando Ayarza Cocanegra,False,16.900000000000006
2024-07-02,Panama,Luis Ricardo Mejía Cajar,False,0.0
2024-07-02,Panama,César Rodolfo Blackman Camarena,True,90.0
2024-07-02,Panama,Eduardo Antonio Guerrero Lozcano,False,16.66666666666667
2024-07-02,Panama,José Fajardo Nelson,True,82.46666666666667
2024-07-02,Panama,Orlando Mosquera,True,90.0
2024-07-02,Panama,César Augusto Yanis Velasco,False,0.4000000000000057
2024-07-02,Panama,Freddy Elías Góndola Smith,False,7.533333333333331
2024-07-02,Panama,José Ángel Córdoba Chambers,True,90.0
2024-07-02,Panama,César Jair Samudio Murillo,False,0.0
2024-07-02,Panama,Eduardo Antonio Anderson Gómez,False,0.0
2024-07-02,Panama,Edgardo Isaac Fariña Wynter,True,90.0
2024-07-02,Panama,Omar Javier Valencia Arauz,False,0.0
2024-07-02,Panama,Jovani Francisco Welch Lopez,True,89.6
2024-07-02,Panama,Kahiser Lenis Navarro,False,45.0
2024-07-02,Panama,Iván Alejandro Anderson Hernández,False,0.0
2024-07-02,Bolivia,Bruno Miranda Villagomez,False,27.31666666666667
2024-07-02,Bolivia,Boris Cespedes,True,63.31666666666667
2024-07-02,Bolivia,Luis Fernando Haquín Lopez,True,90.0
2024-07-02,Bolivia,Jaume Cuéllar Mendoza,False,0.0
2024-07-02,Bolivia,Adrian Jhonny Jusino Cerruto,False,0.0
2024-07-02,Bolivia,Roberto Carlos Fernández Toro,False,0.0
2024-07-02,Bolivia,Guillermo Viscarra Bruckner,True,90.0
2024-07-02,Bolivia,Leonel Justiniano Arauz,False,26.68333333333333
2024-07-02,Bolivia,Carlos Emilio Lampe Porras,False,0.0
2024-07-02,Bolivia,Rodrigo Luis Ramallo Cornejo,False,0.0
2024-07-02,Bolivia,Fernando Javier Saucedo Pereyra,False,9.61666666666666
2024-07-02,Bolivia,Carmelo Algarañaz Añez,True,90.0
2024-07-02,Bolivia,César Alejandro Menacho Claros,False,0.0
2024-07-02,Bolivia,Gabriel Alejandro Villamíl Cortéz,True,62.733333333333334
2024-07-02,Bolivia,Lucas Leónidas Chávez Cruz,False,9.599999999999994
2024-07-02,Bolivia,Ramiro Vaca Ponce,True,80.38333333333334
2024-07-02,Bolivia,José Manuel Sagredo Chávez,True,90.0
2024-07-02,Bolivia,Jesús Manuel Sagredo Chávez,False,0.0
2024-07-02,Bolivia,Marcelo Sebastián Suárez Justiniano,True,90.0
2024-07-02,Bolivia,Diego Daniel Medina Roman,False,0.0
2024-07-02,Bolivia,Robson Matheus Tome de Araujo Benegas,False,0.0
2024-07-02,Bolivia,Miguel Ángel Terceros,True,80.4
2024-07-02,Bolivia,Yomar Rene Rocha Rodriguez,True,62.68333333333333
2024-07-02,Bolivia,Adalid Terrazas Abasto,False,27.266666666666666
2024-07-02,Bolivia,Gustavo Javier Almada Gonzales,False,0.0
2024-07-02,Bolivia,Héctor Manuel Cuellar Rosales,True,90.0
2024-06-21,Argentina,Ángel Fabián Di María Hernández,True,66.8
2024-06-21,Argentina,Nicolás Hernán Otamendi,False,14.36666666666666
2024-06-21,Argentina,Giovani Lo Celso,False,23.200000000000003
2024-06-21,Argentina,Lionel Andrés Messi Cuccittini,True,89.06666666666666
2024-06-21,Argentina,Nicolás Alejandro Tagliafico,False,1.1666666666666714
2024-06-21,Argentina,Franco Armani,False,0.0
2024-06-21,Argentina,Gerónimo Rulli,False,0.0
2024-06-21,Argentina,Damián Emiliano Martínez,True,90.0
2024-06-21,Argentina,Germán Alejandro Pezzella,False,0.0
2024-06-21,Argentina,Rodrigo Javier De Paul,True,90.0
2024-06-21,Argentina,Lautaro Javier Martínez,False,14.166666666666671
2024-06-21,Argentina,Leandro Daniel Paredes,True,75.63333333333334
2024-06-21,Argentina,Marcos Javier Acuña,True,88.83333333333333
2024-06-21,Argentina,Cristian Gabriel Romero,True,90.0
2024-06-21,Argentina,Nicolás Iván González,False,0.0
2024-06-21,Argentina,Guido Rodríguez,False,0.0
2024-06-21,Argentina,Lisandro Martínez,True,90.0
2024-06-21,Argentina,Alexis Mac Allister,True,90.0
2024-06-21,Argentina,Gonzalo Ariel Montiel,False,1.1666666666666714
2024-06-21,Argentina,Exequiel Alejandro Palacios,False,0.0
2024-06-21,Argentina,Lucas Martínez Quarta,False,0.0
2024-06-21,Argentina,Nahuel Molina Lucero,True,88.83333333333333
2024-06-21,Argentina,Julián Álvarez,True,75.83333333333333
2024-06-21,Argentina,Enzo Fernandez,False,0.0
2024-06-21,Argentina,Alejandro Garnacho Ferreyra,False,0.0
2024-06-21,Argentina,Valentin Carboni,False,0.0
2024-06-21,Canada,Stephen Antunes Eustáquio,True,90.0
2024-06-21,Canada,Alphonso Davies,True,90.0
2024-06-21,Canada,Jonathan Osorio,False,5.38333333333334
2024-06-21,Canada,Samuel Piette,False,0.0
2024-06-21,Canada,Richie Laryea,False,10.650000000000006
2024-06-21,Canada,Cyle Larin,True,79.35
2024-06-21,Canada,Mathieu Choiniere,False,0.0
2024-06-21,Canada,Liam Millar,True,84.7
2024-06-21,Canada,Jonathan David,True,90.0
2024-06-21,Canada,Maxime Crépeau,True,90.0
2024-06-21,Canada,Derek Cornelius,True,90.0
2024-06-21,Canada,Kamal Miller,False,0.0
2024-06-21,Canada,Tajon Buchanan,True,58.93333333333333
2024-06-21,Canada,Thelonius Bair,False,0.0
2024-06-21,Canada,Jacob Shaffelburg,False,31.06666666666667
2024-06-21,Canada,Joel Waterman,False,0.0
2024-06-21,Canada,Dayne Tristan St. Clair,False,0.0
2024-06-21,Canada,Thomas McGill,False,0.0
2024-06-21,Canada,Alistair Johnston,True,90.0
2024-06-21,Canada,Luc Rollet De Fougerolles,False,0.0
2024-06-21,Canada,Ismael Koné,True,84.61666666666666
2024-06-21,Canada,Tanitoluwa Oluwaseyi,False,0.0
2024-06-21,Canada,Ali Ahmed,False,0.0
2024-06-21,Canada,Kyle Hiebert,False,0.0
2024-06-21,Canada,Jacen Russell-Rowe,False,5.299999999999997
2024-06-21,Canada,Moise Bombito,True,90.0
2022-12-01,Morocco,Sofiane Boufal,True,64.16666666666667
2022-12-01,Morocco,Abdelhamid Sabiri,True,64.46666666666667
2022-12-01,Morocco,Romain Saïss,True,90.0
2022-12-01,Morocco,Munir Mohand Mohamedi,False,0.0
2022-12-01,Morocco,Sofyan Amrabat,True,90.0
2022-12-01,Morocco,Hakim Ziyech,True,75.6
2022-12-01,Morocco,Achraf Hakimi Mouh,True,84.91666666666667
2022-12-01,Morocco,Youssef En-Nesyri,True,90.0
2022-12-01,Morocco,Yassine Bounou,True,90.0
2022-12-01,Morocco,Jawad El Yamiq,False,14.200000000000003
2022-12-01,Morocco,Nayef Aguerd,True,90.0
2022-12-01,Morocco,Noussair Mazraoui,True,90.0
2022-12-01,Morocco,Ilias Chair,False,0.0
2022-12-01,Morocco,Zakaria Aboukhlal,False,25.83333333333333
2022-12-01,Morocco,Selim Amallah,False,25.53333333333333
2022-12-01,Morocco,Yahia Attiyat allah,False,0.0
2022-12-01,Morocco,Azzedine Ounahi,True,75.8
2022-12-01,Morocco,Abderrazak Hamdallah,False,14.400000000000006
2022-12-01,Morocco,Badr Banoun,False,0.0
2022-12-01,Morocco,Yahya Jabrane,False,5.083333333333329
2022-12-01,Morocco,Anass Zaroury,False,0.0
2022-12-01,Morocco,Ahmed Reda Tagnaouti,False,0.0
2022-12-01,Morocco,Achraf Dari,False,0.0
2022-12-01,Morocco,Abdessamad Ezzalzouli,False,0.0
2022-12-01,Morocco,Bilal El Khannous,False,0.0
2022-12-01,Morocco,Walid Cheddira,False,0.0
2022-12-01,Canada,Ike Ugbo,False,0.0
2022-12-01,Canada,David Wallace Wotherspoon,False,14.599999999999994
2022-12-01,Canada,David Junior Hoilett,True,75.4
2022-12-01,Canada,Stephen Antunes Eustáquio,False,0.0
2022-12-01,Canada,Steven de Sousa Vitoria,True,90.0
2022-12-01,Canada,Alphonso Davies,True,90.0
2022-12-01,Canada,Jonathan Osorio,True,65.06666666666666
2022-12-01,Canada,Samuel Piette,False,0.0
2022-12-01,Canada,Liam Fraser,False,0.0
2022-12-01,Canada,Milan Borjan,True,90.0
2022-12-01,Canada,Richie Laryea,False,24.933333333333337
2022-12-01,Canada,Mark Anthony Kaye,True,59.85
2022-12-01,Canada,Cyle Larin,True,59.78333333333333
2022-12-01,Canada,Liam Millar,False,0.0
2022-12-01,Canada,Jonathan David,False,30.21666666666667
2022-12-01,Canada,Derek Cornelius,False,0.0
2022-12-01,Canada,Kamal Miller,True,90.0
2022-12-01,Canada,Tajon Buchanan,True,90.0
2022-12-01,Canada,Lucas Daniel Cavallini,False,0.0
2022-12-01,Canada,Sam Adekugbe,True,60.2
2022-12-01,Canada,Atiba Hutchinson,False,30.15
2022-12-01,Canada,Joel Waterman,False,0.0
2022-12-01,Canada,Dayne Tristan St. Clair,False,0.0
2022-12-01,Canada,Alistair Johnston,True,90.0
2022-12-01,Canada,James Pantemis,False,0.0
2022-12-01,Canada,Ismael Koné,False,29.799999999999997
2022-11-21,England,Kyle Walker,False,0.0
2022-11-21,England,Raheem Sterling,True,70.45
2022-11-21,England,John Stones,True,90.0
2022-11-21,England,Kieran Trippier,True,90.0
2022-11-21,England,Marcus Rashford,False,19.549999999999997
2022-11-21,England,Harry Maguire,True,68.71666666666667
2022-11-21,England,Luke Shaw,True,90.0
2022-11-21,England,Jordan Pickford,True,90.0
2022-11-21,England,Nick Pope,False,0.0
2022-11-21,England,Jordan Brian Henderson,False,0.0
2022-11-21,England,Callum Wilson,False,14.833333333333329
2022-11-21,England,Trent Alexander-Arnold,False,0.0
2022-11-21,England,Declan Rice,True,90.0
2022-11-21,England,Phil Foden,False,19.53333333333333
2022-11-21,England,Kalvin Phillips,False,0.0
2022-11-21,England,Mason Mount,True,70.46666666666667
2022-11-21,England,Jack Grealish,False,19.549999999999997
2022-11-21,England,James Maddison,False,0.0
2022-11-21,England,Conor Coady,False,0.0
2022-11-21,England,Harry Kane,True,74.78333333333333
2022-11-21,England,Eric Dier,False,19.53333333333333
2022-11-21,England,Bukayo Saka,True,70.45
2022-11-21,England,Aaron Ramsdale,False,0.0
2022-11-21,England,Ben White,False,0.0
2022-11-21,England,Conor Gallagher,False,0.0
2022-11-21,England,Jude Bellingham,True,90.0
2022-11-21,Iran,Morteza Pouraliganji,True,90.0
2022-11-21,Iran,Roozbeh Cheshmi,True,45.0
2022-11-21,Iran,Sardar Azmoun,False,13.299999999999997
2022-11-21,Iran,Mehdi Taremi,True,90.0
2022-11-21,Iran,Alireza Safar Beiranvand,True,19.2
2022-11-21,Iran,Seyed Majid Hosseini,True,90.0
2022-11-21,Iran,Ehsan Hajsafi,True,90.0
2022-11-21,Iran,Karim Ansarifard,False,0.0
2022-11-21,Iran,Ramin Rezaeian,False,0.0
2022-11-21,Iran,Alireza Jahanbakhsh,True,45.0
2022-11-21,Iran,Saman Ghoddos,False,0.0
2022-11-21,Iran,Vahid Amiri,False,0.0
2022-11-21,Iran,Milad Mohammadi,True,62.83333333333333
2022-11-21,Iran,Saeid Ezatolahi Afagh,False,45.0
2022-11-21,Iran,Amir Abedzadeh,False,0.0
2022-11-21,Iran,Sadegh Moharrami,True,90.0
2022-11-21,Iran,Ali Gholizadeh,False,45.0
2022-11-21,Iran,Mehdi Torabi,False,27.166666666666664
2022-11-21,Iran,Ahmad Nourollahi,True,76.7
2022-11-21,Iran,Mohammad Hossein Kanani Zadegan,False,45.0
2022-11-21,Iran,Shoja Khalilzadeh,False,0.0
2022-11-21,Iran,Payam Niazmand,False,0.0
2022-11-21,Iran,Ali Karimi,True,45.0
2022-11-21,Iran,Seyed Hossein Hosseini,False,70.8
2022-11-21,Iran,Abolfazl Jalali,False,0.0
2022-12-01,Belgium,Youri Tielemans,False,18.38333333333334
2022-12-01,Belgium,Jan Vertonghen,True,90.0
2022-12-01,Belgium,Kevin De Bruyne,True,90.0
2022-12-01,Belgium,Thomas Meunier,True,86.61666666666666
2022-12-01,Belgium,Romelu Lukaku Menama,False,45.0
2022-12-01,Belgium,Michy Batshuayi Tunga,False,0.0
2022-12-01,Belgium,Thibaut Courtois,True,90.0
2022-12-01,Belgium,Simon Mignolet,False,0.0
2022-12-01,Belgium,Eden Hazard,False,3.38333333333334
2022-12-01,Belgium,Dries Mertens,True,45.0
2022-12-01,Belgium,Thorgan Hazard,False,31.916666666666664
2022-12-01,Belgium,Yannick Ferreira Carrasco,True,71.5
2022-12-01,Belgium,Axel Witsel,True,90.0
2022-12-01,Belgium,Leander Dendoncker,True,71.61666666666666
2022-12-01,Belgium,Timothy Castagne,True,90.0
2022-12-01,Belgium,Koen Casteels,False,0.0
2022-12-01,Belgium,Wout Faes,False,0.0
2022-12-01,Belgium,Ikoma Loïs Openda,False,0.0
2022-12-01,Belgium,Hans Vanaken,False,0.0
2022-12-01,Belgium,Leandro Trossard,True,58.083333333333336
2022-12-01,Belgium,Toby Alderweireld,True,90.0
2022-12-01,Belgium,Jeremy Doku,False,18.5
2022-12-01,Belgium,Charles De Ketelaere,False,0.0
2022-12-01,Belgium,Arthur Theate,False,0.0
2022-12-01,Belgium,Zeno Debast,False,0.0
2022-12-01,Croatia,Nikola Vlašić,False,0.0
2022-12-01,Croatia,Dejan Lovren,True,90.0
2022-12-01,Croatia,Mateo Kovačić,True,90.9
2022-12-01,Croatia,Andrej Kramarić,True,63.7
2022-12-01,Croatia,Luka Modrić,True,90.0
2022-12-01,Croatia,Domagoj Vida,False,0.0
2022-12-01,Croatia,Marcelo Brozović,True,90.0
2022-12-01,Croatia,Ivan Perišić,True,90.0
2022-12-01,Croatia,Bruno Petković,False,26.733333333333334
2022-12-01,Croatia,Ante Budimir,False,0.0
2022-12-01,Croatia,Borna Barišić,False,0.0
2022-12-01,Croatia,Mario Pašalić,False,26.299999999999997
2022-12-01,Croatia,Borna Sosa,True,90.0
2022-12-01,Croatia,Mislav Oršić,False,0.0
2022-12-01,Croatia,Dominik Livaković,True,90.0
2022-12-01,Croatia,Marko Livaja,True,63.266666666666666
2022-12-01,Croatia,Ivica Ivušić,False,0.0
2022-12-01,Croatia,Lovro Majer,False,0.0
2022-12-01,Croatia,Josip Juranović,True,90.0
2022-12-01,Croatia,Ivo Grbić,False,0.0
2022-12-01,Croatia,Kristijan Jakić,False,0.0
2022-12-01,Croatia,Martin Erlić,False,0.0
2022-12-01,Croatia,Joško Gvardiol,True,90.0
2022-12-01,Croatia,Josip Šutalo,False,0.0
2022-12-01,Croatia,Luka Sučić,False,0.0
2022-12-01,Croatia,Josip Stanišić,False,0.0
2022-11-25,Netherlands,Memphis Depay,False,45.0
2022-11-25,Netherlands,Vincent Janssen,False,0.0
2022-11-25,Netherlands,Nathan Aké,True,90.0
2022-11-25,Netherlands,Daley Blind,True,90.0
2022-11-25,Netherlands,Virgil van Dijk,True,90.0
2022-11-25,Netherlands,Davy Klaassen,True,68.93333333333334
2022-11-25,Netherlands,Marten de Roon,False,10.966666666666669
2022-11-25,Netherlands,Steven Berghuis,False,21.066666666666663
2022-11-25,Netherlands,Stefan de Vrij,False,0.0
2022-11-25,Netherlands,Wout Weghorst,False,11.066666666666663
2022-11-25,Netherlands,Remko Pasveer,False,0.0
2022-11-25,Netherlands,Teun Koopmeiners,True,79.03333333333333
2022-11-25,Netherlands,Matthijs de Ligt,False,0.0
2022-11-25,Netherlands,Frenkie de Jong,True,90.0
2022-11-25,Netherlands,Tyrell Malacia,False,0.0
2022-11-25,Netherlands,Denzel Dumfries,True,90.0
2022-11-25,Netherlands,Steven Bergwijn,True,45.0
2022-11-25,Netherlands,Andries Noppert,True,90.0
2022-11-25,Netherlands,Justin Bijlow,False,0.0
2022-11-25,Netherlands,Luuk de Jong,False,0.0
2022-11-25,Netherlands,Cody Mathès Gakpo,True,78.93333333333334
2022-11-25,Netherlands,Noa Lang,False,0.0
2022-11-25,Netherlands,Jurriën David Norman Timber,True,90.0
2022-11-25,Netherlands,Kenneth Taylor,False,0.0
2022-11-25,Netherlands,Jeremie Frimpong,False,0.0
2022-11-25,Netherlands,Xavi Simons,False,0.0
2022-11-25,Ecuador,Carlos Armando Gruezo Arboleda,False,0.0
2022-11-25,Ecuador,Romario Andrés Ibarra Mina,False,0.8499999999999943
2022-11-25,Ecuador,Diego José Palacios Espinoza,False,0.0
2022-11-25,Ecuador,Jhegson Sebastián Méndez Carabalí,True,90.0
2022-11-25,Ecuador,Pervis Josué Estupiñán Tenorio,True,90.0
2022-11-25,Ecuador,Xavier Ricardo Arreaga Bermello,False,0.0
2022-11-25,Ecuador,Robert Abel Arboleda Escobar,False,0.0
2022-11-25,Ecuador,Ángel Israel Mena Delgado,False,0.0
2022-11-25,Ecuador,Enner Remberto Valencia Lastra,True,89.03333333333333
2022-11-25,Ecuador,Felix Eduardo Torres Caicedo,True,90.0
2022-11-25,Ecuador,Gonzalo Jordy Plata Jiménez,True,89.15
2022-11-25,Ecuador,Alexander Domínguez Carabalí,False,0.0
2022-11-25,Ecuador,Eduar Ayrton Preciado García,False,0.0
2022-11-25,Ecuador,Michael Steveen Estrada Martínez,True,73.38333333333334
2022-11-25,Ecuador,José Adoni Cifuentes Charcopa,False,0.0
2022-11-25,Ecuador,Hernán Ismael Galíndez,True,90.0
2022-11-25,Ecuador,Moisés Isaac Caicedo Corozo,True,90.0
2022-11-25,Ecuador,Angelo Smit Preciado Quiñónez,True,89.78333333333335
2022-11-25,Ecuador,Wellington Moisés Ramírez Preciado,False,0.0
2022-11-25,Ecuador,Alan Steven Franco Palma,False,0.0
2022-11-25,Ecuador,Piero Martín Hincapié Reyna,True,90.0
2022-11-25,Ecuador,Jeremy Leonel Sarmiento Morante,False,16.61666666666666
2022-11-25,Ecuador,Willian Joel Pacho Tenorio,False,0.0
2022-11-25,Ecuador,Jackson Gabriel Porozo Vernaza,True,90.0
2022-11-25,Ecuador,Djorkaeff Neicer Reasco González,False,0.0
2022-11-25,Ecuador,Kevin José Rodríguez Cortez,False,0.9666666666666686
2022-12-01,Japan,Eiji Kawashima,False,0.0
2022-12-01,Japan,Maya Yoshida,True,90.0
2022-12-01,Japan,Hiroki Sakai,False,0.0
2022-12-01,Japan,Yuto Nagatomo,True,45.0
2022-12-01,Japan,Gaku Shibasaki,False,0.0
2022-12-01,Japan,Ritsu Doan,False,45.0
2022-12-01,Japan,Takumi Minamino,False,0.0
2022-12-01,Japan,Takuma Asano,False,28.96666666666667
2022-12-01,Japan,Daichi Kamada,True,68.81666666666666
2022-12-01,Japan,Junya Ito,True,90.0
2022-12-01,Japan,Wataru Endo,False,3.5
2022-12-01,Japan,Takehiro Tomiyasu,False,21.183333333333337
2022-12-01,Japan,Shūichi Gonda,True,90.0
2022-12-01,Japan,Daniel Schmidt,False,0.0
2022-12-01,Japan,Ko Itakura,True,90.0
2022-12-01,Japan,Daizen Maeda,True,61.03333333333333
2022-12-01,Japan,Takefusa Kubo,True,45.0
2022-12-01,Japan,Yuki Soma,False,0.0
2022-12-01,Japan,Ao Tanaka,True,86.5
2022-12-01,Japan,Miki Yamane,False,0.0
2022-12-01,Japan,Kaoru Mitoma,False,45.0
2022-12-01,Japan,Shogo Taniguchi,True,90.0
2022-12-01,Japan,Hidemasa Morita,True,90.0
2022-12-01,Japan,Ayase Ueda,False,0.0
2022-12-01,Japan,Hiroki Ito,False,0.0
2022-12-01,Japan,Shuto Machino,False,0.0
2022-12-01,Spain,Álvaro Borja Morata Martín,True,56.28333333333333
2022-12-01,Spain,César Azpilicueta Tanco,True,45.0
2022-12-01,Spain,David Raya Martin,False,0.0
2022-12-01,Spain,Aymeric Laporte,False,0.0
2022-12-01,Spain,Jorge Resurrección Merodio,False,0.0
2022-12-01,Spain,Sergio Busquets i Burgos,True,90.0
2022-12-01,Spain,Jordi Alba Ramos,False,21.099999999999994
2022-12-01,Spain,Marco Asensio Willemsen,False,33.71666666666667
2022-12-01,Spain,Daniel Carvajal Ramos,False,45.0
2022-12-01,Spain,Carlos Soler Barragán,False,0.0
2022-12-01,Spain,Pablo Sarabia García,False,0.0
2022-12-01,Spain,Ferrán Torres García,False,33.9
2022-12-01,Spain,Rodrigo Hernández Cascante,True,90.0
2022-12-01,Spain,Marcos Llorente Moreno,False,0.0
2022-12-01,Spain,Pau Francisco Torres,True,90.0
2022-12-01,Spain,Robert Lynch Sanchez,False,0.0
2022-12-01,Spain,Unai Simón Mendibil,True,90.0
2022-12-01,Spain,Daniel Olmo Carvajal,True,90.0
2022-12-01,Spain,Pedro González López,True,90.0
2022-12-01,Spain,Anssumane Fati,False,22.78333333333333
2022-12-01,Spain,Eric García Martret,False,0.0
2022-12-01,Spain,Hugo Guillamón Sanmartín,False,0.0
2022-12-01,Spain,Alejandro Balde Martínez,True,68.9
2022-12-01,Spain,Yeremy Jesús Pino Santos,False,0.0
2022-12-01,Spain,Nicholas Williams Arthuer,True,56.1
2022-12-01,Spain,Pablo Martín Páez Gavira,True,67.21666666666667
2022-11-25,England,Kyle Walker,False,0.0
2022-11-25,England,Raheem Sterling,True,67.85
2022-11-25,England,John Stones,True,90.0
2022-11-25,England,Kieran Trippier,True,90.0
2022-11-25,England,Marcus Rashford,False,12.299999999999997
2022-11-25,England,Harry Maguire,True,90.0
2022-11-25,England,Luke Shaw,True,90.0
2022-11-25,England,Jordan Pickford,True,90.0
2022-11-25,England,Nick Pope,False,0.0
2022-11-25,England,Jordan Brian Henderson,False,21.71666666666667
2022-11-25,England,Callum Wilson,False,0.0
2022-11-25,England,Trent Alexander-Arnold,False,0.0
2022-11-25,England,Declan Rice,True,90.0
2022-11-25,England,Phil Foden,False,0.0
2022-11-25,England,Kalvin Phillips,False,0.0
2022-11-25,England,Mason Mount,True,90.0
2022-11-25,England,Jack Grealish,False,22.150000000000006
2022-11-25,England,James Maddison,False,0.0
2022-11-25,England,Conor Coady,False,0.0
2022-11-25,England,Harry Kane,True,90.0
2022-11-25,England,Eric Dier,False,0.0
2022-11-25,England,Bukayo Saka,True,77.7
2022-11-25,England,Aaron Ramsdale,False,0.0
2022-11-25,England,Ben White,False,0.0
2022-11-25,England,Conor Gallagher,False,0.0
2022-11-25,England,Jude Bellingham,True,68.28333333333333
2022-11-25,United States,Timothy Weah,True,82.35
2022-11-25,United States,DeAndre Yedlin,False,0.0
2022-11-25,United States,Antonee Robinson,True,90.0
2022-11-25,United States,Shaquell Moore,False,12.783333333333331
2022-11-25,United States,Christian Pulisic,True,90.0
2022-11-25,United States,Weston McKennie,True,76.7
2022-11-25,United States,Matthew Charles Turner,True,90.0
2022-11-25,United States,Walker Zimmerman,True,90.0
2022-11-25,United States,Sean Johnson,False,0.0
2022-11-25,United States,Tyler Adams,True,90.0
2022-11-25,United States,Aaron Long,False,0.0
2022-11-25,United States,Kellyn Kai Perry-Acosta,False,0.0
2022-11-25,United States,Cristian Roldán León,False,0.0
2022-11-25,United States,Cameron Carter-Vickers,False,0.0
2022-11-25,United States,Tim Ream,True,90.0
2022-11-25,United States,Ethan Horvath,False,0.0
2022-11-25,United States,Sergino Dest,True,77.21666666666667
2022-11-25,United States,Haji Wright,True,82.5
2022-11-25,United States,Joshua Sargent,False,7.5
2022-11-25,United States,Jesus Ferreira,False,0.0
2022-11-25,United States,Jordan Morris,False,0.0
2022-11-25,United States,Brenden Aaronson,False,13.299999999999997
2022-11-25,United States,Luca de la Torre,False,0.0
2022-11-25,United States,Giovanni Reyna,False,7.650000000000006
2022-11-25,United States,Joseph Scally,False,0.0
2022-11-25,United States,Yunus Dimoara Musah,True,90.0
2022-11-29,United States,Timothy Weah,True,81.13333333333334
2022-11-29,United States,DeAndre Yedlin,False,0.0
2022-11-29,United States,Antonee Robinson,True,90.0
2022-11-29,United States,Shaquell Moore,False,8.849999999999994
2022-11-29,United States,Christian Pulisic,True,42.983333333333334
2022-11-29,United States,Weston McKennie,True,64.8
2022-11-29,United States,Matthew Charles Turner,True,90.0
2022-11-29,United States,Walker Zimmerman,False,8.86666666666666
2022-11-29,United States,Sean Johnson,False,0.0
2022-11-29,United States,Tyler Adams,True,90.0
2022-11-29,United States,Aaron Long,False,0.0
2022-11-29,United States,Kellyn Kai Perry-Acosta,False,25.200000000000003
2022-11-29,United States,Cristian Roldán León,False,0.0
2022-11-29,United States,Cameron Carter-Vickers,True,90.0
2022-11-29,United States,Tim Ream,True,90.0
2022-11-29,United States,Ethan Horvath,False,0.0
2022-11-29,United States,Sergino Dest,True,81.15
2022-11-29,United States,Haji Wright,False,13.083333333333329
2022-11-29,United States,Joshua Sargent,True,75.51666666666667
2022-11-29,United States,Jesus Ferreira,False,0.0
2022-11-29,United States,Jordan Morris,False,0.0
2022-11-29,United States,Brenden Aaronson,False,45.0
2022-11-29,United States,Luca de la Torre,False,0.0
2022-11-29,United States,Giovanni Reyna,False,0.0
2022-11-29,United States,Joseph Scally,False,0.0
2022-11-29,United States,Yunus Dimoara Musah,True,90.0
2022-11-29,Iran,Morteza Pouraliganji,True,90.0
2022-11-29,Iran,Roozbeh Cheshmi,False,0.0
2022-11-29,Iran,Sardar Azmoun,True,87.45
2022-11-29,Iran,Mehdi Taremi,True,90.0
2022-11-29,Iran,Alireza Safar Beiranvand,True,90.0
2022-11-29,Iran,Seyed Majid Hosseini,True,90.0
2022-11-29,Iran,Ehsan Hajsafi,True,71.05
2022-11-29,Iran,Karim Ansarifard,False,13.066666666666663
2022-11-29,Iran,Ramin Rezaeian,True,90.0
2022-11-29,Iran,Saman Ghoddos,False,45.0
2022-11-29,Iran,Vahid Amiri,False,0.0
2022-11-29,Iran,Milad Mohammadi,True,46.0
2022-11-29,Iran,Saeid Ezatolahi Afagh,True,90.0
2022-11-29,Iran,Amir Abedzadeh,False,0.0
2022-11-29,Iran,Sadegh Moharrami,False,0.0
2022-11-29,Iran,Ali Gholizadeh,True,76.93333333333334
2022-11-29,Iran,Mehdi Torabi,False,19.400000000000006
2022-11-29,Iran,Ahmad Nourollahi,True,70.19999999999999
2022-11-29,Iran,Mohammad Hossein Kanani Zadegan,False,0.0
2022-11-29,Iran,Shoja Khalilzadeh,False,0.0
2022-11-29,Iran,Payam Niazmand,False,0.0
2022-11-29,Iran,Ali Karimi,False,45.0
2022-11-29,Iran,Seyed Hossein Hosseini,False,0.0
2022-11-29,Iran,Abolfazl Jalali,False,18.950000000000003
2022-11-23,Croatia,Nikola Vlašić,True,44.8
2022-11-23,Croatia,Dejan Lovren,True,90.0
2022-11-23,Croatia,Mateo Kovačić,True,78.71666666666667
2022-11-23,Croatia,Andrej Kramarić,True,69.96666666666667
2022-11-23,Croatia,Luka Modrić,True,90.0
2022-11-23,Croatia,Domagoj Vida,False,0.0
2022-11-23,Croatia,Marcelo Brozović,True,90.0
2022-11-23,Croatia,Ivan Perišić,True,89.26666666666667
2022-11-23,Croatia,Bruno Petković,False,0.0
2022-11-23,Croatia,Ante Budimir,False,0.0
2022-11-23,Croatia,Borna Barišić,False,0.0
2022-11-23,Croatia,Mario Pašalić,False,45.150000000000006
2022-11-23,Croatia,Borna Sosa,True,90.0
2022-11-23,Croatia,Mislav Oršić,False,0.88333333333334
2022-11-23,Croatia,Dominik Livaković,True,90.0
2022-11-23,Croatia,Marko Livaja,False,20.03333333333333
2022-11-23,Croatia,Ivica Ivušić,False,0.0
2022-11-23,Croatia,Lovro Majer,False,11.283333333333331
2022-11-23,Croatia,Josip Juranović,True,90.0
2022-11-23,Croatia,Ivo Grbić,False,0.0
2022-11-23,Croatia,Kristijan Jakić,False,0.0
2022-11-23,Croatia,Martin Erlić,False,0.0
2022-11-23,Croatia,Joško Gvardiol,True,90.0
2022-11-23,Croatia,Josip Šutalo,False,0.0
2022-11-23,Croatia,Luka Sučić,False,0.0
2022-11-23,Croatia,Josip Stanišić,False,0.0
2022-11-23,Morocco,Sofiane Boufal,True,64.76666666666667
2022-11-23,Morocco,Abdelhamid Sabiri,False,8.783333333333331
2022-11-23,Morocco,Romain Saïss,True,90.0
2022-11-23,Morocco,Munir Mohand Mohamedi,False,0.0
2022-11-23,Morocco,Sofyan Amrabat,True,90.0
2022-11-23,Morocco,Hakim Ziyech,True,90.0
2022-11-23,Morocco,Achraf Hakimi Mouh,True,90.0
2022-11-23,Morocco,Youssef En-Nesyri,True,80.76666666666667
2022-11-23,Morocco,Yassine Bounou,True,90.0
2022-11-23,Morocco,Jawad El Yamiq,False,0.0
2022-11-23,Morocco,Nayef Aguerd,True,90.0
2022-11-23,Morocco,Noussair Mazraoui,True,59.36666666666667
2022-11-23,Morocco,Ilias Chair,False,0.0
2022-11-23,Morocco,Zakaria Aboukhlal,False,0.0
2022-11-23,Morocco,Selim Amallah,True,90.0
2022-11-23,Morocco,Yahia Attiyat allah,False,30.133333333333333
2022-11-23,Morocco,Azzedine Ounahi,True,81.21666666666667
2022-11-23,Morocco,Abderrazak Hamdallah,False,9.233333333333334
2022-11-23,Morocco,Badr Banoun,False,0.0
2022-11-23,Morocco,Yahya Jabrane,False,0.0
2022-11-23,Morocco,Anass Zaroury,False,0.0
2022-11-23,Morocco,Ahmed Reda Tagnaouti,False,0.0
2022-11-23,Morocco,Achraf Dari,False,0.0
2022-11-23,Morocco,Abdessamad Ezzalzouli,False,25.233333333333334
2022-11-23,Morocco,Bilal El Khannous,False,0.0
2022-11-23,Morocco,Walid Cheddira,False,0.0
2022-11-25,Wales,Ben Davies,True,90.0
2022-11-25,Wales,Wayne Hennessey,True,86.91666666666667
2022-11-25,Wales,Aaron Ramsey,True,86.8
2022-11-25,Wales,Tom Lockyer,False,0.0
2022-11-25,Wales,Kieffer Roberto Francisco Moore,True,89.46666666666665
2022-11-25,Wales,Adam Davies,False,0.0
2022-11-25,Wales,Chris Mepham,True,90.0
2022-11-25,Wales,Connor Roberts,True,56.88333333333333
2022-11-25,Wales,Ethan Ampadu,True,76.86666666666666
2022-11-25,Wales,Gareth Frank Bale,True,90.0
2022-11-25,Wales,Harry Wilson,True,56.9
2022-11-25,Wales,Daniel Ward,False,3.200000000000003
2022-11-25,Wales,Chris Gunter,False,0.0
2022-11-25,Wales,Joe Allen,False,13.13333333333334
2022-11-25,Wales,Jonathan Williams,False,0.0
2022-11-25,Wales,Joe Rodon,True,90.0
2022-11-25,Wales,Daniel James,False,33.1
2022-11-25,Wales,Mark Thomas Harris,False,0.0
2022-11-25,Wales,Matthew Robert Smith,False,0.0
2022-11-25,Wales,Joseff Morrell,False,0.0
2022-11-25,Wales,Brennan Johnson,False,33.11666666666667
2022-11-25,Wales,Benjamin Cabango,False,0.0
2022-11-25,Wales,Dylan Levitt,False,0.0
2022-11-25,Wales,Neco Williams,True,90.0
2022-11-25,Wales,Sorba Thomas,False,0.0
2022-11-25,Wales,Rubin Colwill,False,0.0
2022-11-25,Iran,Morteza Pouraliganji,True,90.0
2022-11-25,Iran,Roozbeh Cheshmi,False,12.599999999999994
2022-11-25,Iran,Sardar Azmoun,True,65.96666666666667
2022-11-25,Iran,Mehdi Taremi,True,90.0
2022-11-25,Iran,Alireza Safar Beiranvand,False,0.0
2022-11-25,Iran,Seyed Majid Hosseini,True,90.0
2022-11-25,Iran,Ehsan Hajsafi,True,75.8
2022-11-25,Iran,Karim Ansarifard,False,22.700000000000003
2022-11-25,Iran,Ramin Rezaeian,True,90.0
2022-11-25,Iran,Alireza Jahanbakhsh,False,14.283333333333331
2022-11-25,Iran,Saman Ghoddos,False,0.0
2022-11-25,Iran,Vahid Amiri,False,0.0
2022-11-25,Iran,Milad Mohammadi,True,90.0
2022-11-25,Iran,Saeid Ezatolahi Afagh,True,82.18333333333334
2022-11-25,Iran,Amir Abedzadeh,False,0.0
2022-11-25,Iran,Sadegh Moharrami,False,0.0
2022-11-25,Iran,Ali Gholizadeh,True,75.71666666666667
2022-11-25,Iran,Mehdi Torabi,False,14.200000000000003
2022-11-25,Iran,Ahmad Nourollahi,True,77.4
2022-11-25,Iran,Mohammad Hossein Kanani Zadegan,False,0.0
2022-11-25,Iran,Shoja Khalilzadeh,False,0.0
2022-11-25,Iran,Payam Niazmand,False,0.0
2022-11-25,Iran,Ali Karimi,False,7.816666666666663
2022-11-25,Iran,Seyed Hossein Hosseini,True,90.0
2022-11-25,Iran,Abolfazl Jalali,False,0.0
2022-11-30,France,Marcus Thuram,False,0.0
2022-11-30,France,Kylian Mbappé Lottin,False,27.416666666666664
2022-11-30,France,Adrien Rabiot,False,27.28333333333333
2022-11-30,France,Hugo Lloris,False,0.0
2022-11-30,France,Alphonse Areola,False,0.0
2022-11-30,France,Steve Mandanda,True,90.0
2022-11-30,France,Olivier Giroud,False,0.0
2022-11-30,France,Jules Koundé,False,0.0
2022-11-30,France,Benjamin Pavard,False,0.0
2022-11-30,France,Ousmane Dembélé,False,11.900000000000006
2022-11-30,France,Raphaël Varane,True,62.56666666666667
2022-11-30,France,Antoine Griezmann,False,17.733333333333334
2022-11-30,France,Theo Bernard François Hernández,False,0.0
2022-11-30,France,Jordan Veretout,True,62.71666666666667
2022-11-30,France,Mattéo Guendouzi Olié,True,78.1
2022-11-30,France,Axel Disasi,True,90.0
2022-11-30,France,Kingsley Coman,True,62.583333333333336
2022-11-30,France,Dayotchanculle Upamecano,False,0.0
2022-11-30,France,Aurélien Djani Tchouaméni,True,90.0
2022-11-30,France,Ibrahima Konaté,True,90.0
2022-11-30,France,Youssouf Fofana,True,72.26666666666667
2022-11-30,France,William Saliba,False,27.43333333333333
2022-11-30,France,Randal Kolo Muani,True,90.0
2022-11-30,France,Eduardo Camavinga,True,90.0
2022-11-30,Tunisia,Wahbi Khazri,True,59.06666666666667
2022-11-30,Tunisia,Naïm Sliti,False,0.0
2022-11-30,Tunisia,Ellyes Joris Skhiri,True,90.0
2022-11-30,Tunisia,Ali Maâloul,True,90.0
2022-11-30,Tunisia,Ferjani Sassi,False,0.0
2022-11-30,Tunisia,Yassine Meriah,True,90.0
2022-11-30,Tunisia,Mouez Hassen,False,0.0
2022-11-30,Tunisia,Dylan Daniel Mahmoud Bronn,False,0.0
2022-11-30,Tunisia,Aymen Mathlouthi,False,0.0
2022-11-30,Tunisia,Ghilane Chalali,False,16.13333333333334
2022-11-30,Tunisia,Mohamed Dräger,False,0.0
2022-11-30,Tunisia,Issam Jebali,False,30.93333333333333
2022-11-30,Tunisia,Youssef Msakni,False,0.0
2022-11-30,Tunisia,Nader Ghandri,True,90.0
2022-11-30,Tunisia,Ali Abdi,False,7.066666666666663
2022-11-30,Tunisia,Montassar Omar Talbi,True,90.0
2022-11-30,Tunisia,Anis Ben Slimane,True,82.93333333333334
2022-11-30,Tunisia,Aïssa Bilal Laïdouni,True,90.0
2022-11-30,Tunisia,Hannibal Mejbri,False,0.0
2022-11-30,Tunisia,Seifeddine Jaziri,False,0.0
2022-11-30,Tunisia,Mohamed Ali Ben Romdhane,True,73.48333333333332
2022-11-30,Tunisia,Aymen Dahmen,True,90.0
2022-11-30,Tunisia,Wajdi Kechrida,True,90.0
2022-11-30,Tunisia,Taha Yassine Khenissi,False,0.0
2022-11-30,Tunisia,Bechir Ben Said,False,0.0
2022-11-30,Tunisia,Bilel Ifa,False,0.0
2022-11-29,Wales,Ben Davies,True,58.61666666666667
2022-11-29,Wales,Aaron Ramsey,True,90.0
2022-11-29,Wales,Tom Lockyer,False,0.0
2022-11-29,Wales,Kieffer Roberto Francisco Moore,True,90.0
2022-11-29,Wales,Adam Davies,False,0.0
2022-11-29,Wales,Chris Mepham,True,90.0
2022-11-29,Wales,Connor Roberts,False,54.06666666666667
2022-11-29,Wales,Ethan Ampadu,True,90.0
2022-11-29,Wales,Gareth Frank Bale,True,45.0
2022-11-29,Wales,Harry Wilson,False,13.75
2022-11-29,Wales,Daniel Ward,True,90.0
2022-11-29,Wales,Chris Gunter,False,0.0
2022-11-29,Wales,Joe Allen,True,80.33333333333333
2022-11-29,Wales,Jonathan Williams,False,0.0
2022-11-29,Wales,Joe Rodon,True,90.0
2022-11-29,Wales,Daniel James,True,76.25
2022-11-29,Wales,Mark Thomas Harris,False,0.0
2022-11-29,Wales,Matthew Robert Smith,False,0.0
2022-11-29,Wales,Joseff Morrell,False,31.383333333333333
2022-11-29,Wales,Brennan Johnson,False,45.0
2022-11-29,Wales,Benjamin Cabango,False,0.0
2022-11-29,Wales,Dylan Levitt,False,0.0
2022-11-29,Wales,Neco Williams,True,35.93333333333333
2022-11-29,Wales,Sorba Thomas,False,0.0
2022-11-29,Wales,Rubin Colwill,False,9.666666666666671
2022-11-29,England,Kyle Walker,True,56.833333333333336
2022-11-29,England,Raheem Sterling,False,0.0
2022-11-29,England,John Stones,True,90.0
2022-11-29,England,Kieran Trippier,False,25.16666666666667
2022-11-29,England,Marcus Rashford,True,75.01666666666667
2022-11-29,England,Harry Maguire,True,90.0
2022-11-29,England,Luke Shaw,True,64.83333333333333
2022-11-29,England,Jordan Pickford,True,90.0
2022-11-29,England,Nick Pope,False,0.0
2022-11-29,England,Jordan Brian Henderson,True,90.0
2022-11-29,England,Callum Wilson,False,32.9
2022-11-29,England,Trent Alexander-Arnold,False,33.166666666666664
2022-11-29,England,Declan Rice,True,57.21666666666667
2022-11-29,England,Phil Foden,True,90.0
2022-11-29,England,Kalvin Phillips,False,32.78333333333333
2022-11-29,England,Mason Mount,False,0.0
2022-11-29,England,Jack Grealish,False,14.983333333333334
2022-11-29,England,James Maddison,False,0.0
2022-11-29,England,Conor Coady,False,0.0
2022-11-29,England,Harry Kane,True,57.1
2022-11-29,England,Eric Dier,False,0.0
2022-11-29,England,Bukayo Saka,False,0.0
2022-11-29,England,Aaron Ramsdale,False,0.0
2022-11-29,England,Conor Gallagher,False,0.0
2022-11-29,England,Jude Bellingham,True,90.0
2022-11-24,Cameroon,André-Frank Zambo Anguissa,True,90.0
2022-11-24,Cameroon,Jean-Eric Maxim Choupo-Moting,True,73.66666666666667
2022-11-24,Cameroon,Karl Brillant Toko Ekambi,True,73.45
2022-11-24,Cameroon,Georges-Kévin Nkoudou Mbida,False,16.549999999999997
2022-11-24,Cameroon,Bryan Mbeumo,True,80.73333333333333
2022-11-24,Cameroon,Jean-Charles Castelletto,True,90.0
2022-11-24,Cameroon,Nicolas Alexis Julio N'Koulou Ndoubena,True,90.0
2022-11-24,Cameroon,Enzo Ebosse,False,0.0
2022-11-24,Cameroon,André Onana,True,90.0
2022-11-24,Cameroon,Samuel Yves Oum Gwet,True,90.0
2022-11-24,Cameroon,Jules Olivier Ntcham,False,0.0
2022-11-24,Cameroon,Vincent Paté Aboubakar,False,16.33333333333333
2022-11-24,Cameroon,Pierre Kunde Malong,False,0.0
2022-11-24,Cameroon,Nouhou Tolo,True,90.0
2022-11-24,Cameroon,Devis Rogers Epassy Mboka,False,0.0
2022-11-24,Cameroon,Jean Pierre Nsamé,False,0.0
2022-11-24,Cameroon,Nicolas Moumi Ngamaleu,False,9.266666666666666
2022-11-24,Cameroon,Ngoran Suiru Fai Collins,True,90.0
2022-11-24,Cameroon,Olivier Mbaissidara Mbaizo,False,0.0
2022-11-24,Cameroon,Gaël Ondoua,False,22.11666666666666
2022-11-24,Cameroon,Martin Hongla Yma II,True,67.88333333333334
2022-11-24,Cameroon,Jerome Ngom Mbekeli,False,0.0
2022-11-24,Cameroon,Simon Brady Ngapandouetnbu,False,0.0
2022-11-24,Cameroon,Christian Mougang Bassogog,False,0.0
2022-11-24,Cameroon,Christopher Wooh,False,0.0
2022-11-24,Cameroon,Souaibou Marou,False,0.0
2022-11-24,Switzerland,Granit Xhaka,True,90.0
2022-11-24,Switzerland,Xherdan Shaqiri,True,69.93333333333334
2022-11-24,Switzerland,Edimilson Fernandes,False,0.0
2022-11-24,Switzerland,Fabian Lukas Schär,False,0.0
2022-11-24,Switzerland,Denis Lemi Zakaria Lako Lado,False,0.0
2022-11-24,Switzerland,Haris Seferović,False,18.63333333333334
2022-11-24,Switzerland,Ricardo Iván Rodríguez Araya,True,89.88333333333334
2022-11-24,Switzerland,Breel-Donald Embolo,True,71.36666666666666
2022-11-24,Switzerland,Manuel Obafemi Akanji,True,90.0
2022-11-24,Switzerland,Yann Sommer,True,90.0
2022-11-24,Switzerland,Remo Freuler,True,90.0
2022-11-24,Switzerland,Silvan Widmer,True,90.0
2022-11-24,Switzerland,Fabian Frei,False,19.03333333333333
2022-11-24,Switzerland,Nico Elvedi,True,90.0
2022-11-24,Switzerland,Michel Aebischer,False,0.0
2022-11-24,Switzerland,Christian Fassnacht,False,0.0
2022-11-24,Switzerland,Djibril Sow,True,70.96666666666667
2022-11-24,Switzerland,Gregor Kobel,False,0.0
2022-11-24,Switzerland,Jonas Omlin,False,0.0
2022-11-24,Switzerland,Noah Okafor,False,18.83333333333333
2022-11-24,Switzerland,Eray Ervin Cömert,False,0.11666666666666003
2022-11-24,Switzerland,Ruben Vargas,True,80.51666666666667
2022-11-24,Switzerland,Ardon Jashari,False,0.0
2022-11-24,Switzerland,Philipp Köhn,False,0.0
2022-11-24,Switzerland,Fabian Rieder,False,9.483333333333334
2022-11-24,Ghana,Alexander Djiku,True,91.71666666666667
2022-11-24,Ghana,André Ayew Pelé,True,76.36666666666666
2022-11-24,Ghana,Jordan Ayew,False,15.75
2022-11-24,Ghana,Daniel Amartey,True,90.0
2022-11-24,Ghana,Thomas Teye Partey,True,92.11666666666666
2022-11-24,Ghana,Iñaki Williams Arthuer,True,92.11666666666666
2022-11-24,Ghana,Lawrence Ati-Zigi,True,90.0
2022-11-24,Ghana,Antoine Semenyo,False,0.3999999999999915
2022-11-24,Ghana,Elisha Owusu,False,0.0
2022-11-24,Ghana,Denis Odoi,False,0.0
2022-11-24,Ghana,Abdul Rahman Baba,True,92.11666666666666
2022-11-24,Ghana,Joseph Aidoo,False,0.0
2022-11-24,Ghana,Mohammed Kudus,True,75.66666666666667
2022-11-24,Ghana,Gideon Mensah,False,0.0
2022-11-24,Ghana,Daniel-Kofi Kyereh,False,0.01666666666666572
2022-11-24,Ghana,Mohamed Salisu,True,90.0
2022-11-24,Ghana,Salis Abdul Samed,True,92.1
2022-11-24,Ghana,Tariq Lamptey,False,26.44999999999999
2022-11-24,Ghana,Kamaldeen Sulemana,False,0.0
2022-11-24,Ghana,Kamal Sowah,False,0.0
2022-11-24,Ghana,Osman Bukari,False,16.44999999999999
2022-11-24,Ghana,Alidu Seidu,True,65.66666666666667
2022-11-24,Ghana,Abdul Manaf Nurudeen,False,0.0
2022-11-24,Ghana,Daniel Afriyie Barnieh,False,0.0
2022-11-24,Ghana,Abdul Fatawu Issahaku,False,0.0
2022-11-24,Ghana,Ibrahim Danlad,False,0.0
2022-11-24,Portugal,Bernardo Mota Veiga de Carvalho e Silva,True,87.51666666666667
2022-11-24,Portugal,João Mário Naval da Costa Eduardo,False,2.61666666666666
2022-11-24,Portugal,Bruno Miguel Borges Fernandes,True,90.0
2022-11-24,Portugal,Rui Pedro dos Santos Patrício,False,0.0
2022-11-24,Portugal,Rúben Santos Gato Alves Dias,True,90.0
2022-11-24,Portugal,Cristiano Ronaldo dos Santos Aveiro,True,87.3
2022-11-24,Portugal,Raphaël Adelino José Guerreiro,True,90.0
2022-11-24,Portugal,William Silva de Carvalho,False,34.18333333333333
2022-11-24,Portugal,André Miguel Valente Silva,False,0.0
2022-11-24,Portugal,João Pedro Cavaco Cancelo,True,90.0
2022-11-24,Portugal,Rúben Diogo Da Silva Neves,True,76.76666666666667
2022-11-24,Portugal,Ricardo Jorge Luz Horta,False,0.0
2022-11-24,Portugal,Otávio Edmilson da Silva Monteiro,True,55.81666666666667
2022-11-24,Portugal,João Félix Sequeira,True,87.38333333333334
2022-11-24,Portugal,João Maria Lobo Alves Palhinha Gonçalves,False,2.4833333333333343
2022-11-24,Portugal,Danilo Luís Hélio Pereira,True,90.0
2022-11-24,Portugal,José Diogo Dalot Teixeira,False,0.0
2022-11-24,Portugal,Rafael Alexandre Conceição Leão,False,13.233333333333334
2022-11-24,Portugal,José Pedro Malheiro de Sá,False,0.0
2022-11-24,Portugal,Kléper Laveran Lima Ferreira,False,0.0
2022-11-24,Portugal,Diogo Meireles Costa,True,90.0
2022-11-24,Portugal,Vitor Machado Ferreira,False,0.0
2022-11-24,Portugal,Gonçalo Matias Ramos,False,2.700000000000003
2022-11-24,Portugal,Matheus Luiz Nunes,False,0.0
2022-11-24,Portugal,António João Pereira Albuquerque Tavares Silva,False,0.0
2022-11-21,Senegal,Ismaïla Sarr,True,90.0
2022-11-21,Senegal,Youssouf Sabaly,True,90.0
2022-11-21,Senegal,Idrissa Gana Gueye,True,90.0
2022-11-21,Senegal,Fodé Ballo Touré,False,0.0
2022-11-21,Senegal,Cheikhou Kouyaté,True,71.26666666666667
2022-11-21,Senegal,Nampalys Mendy,True,90.0
2022-11-21,Senegal,Kalidou Koulibaly,True,90.0
2022-11-21,Senegal,Edouard Mendy,True,90.0
2022-11-21,Senegal,Abdou Diallo,True,61.416666666666664
2022-11-21,Senegal,Alfred Benjamin Gomis,False,0.0
2022-11-21,Senegal,Mamadou Loum N'Diaye,False,0.0
2022-11-21,Senegal,Famara Diedhiou,False,0.0
2022-11-21,Senegal,Pape Abou Cissé,True,90.0
2022-11-21,Senegal,Timothy Dieng,False,0.0
2022-11-21,Senegal,Boulaye Dia,True,68.18333333333334
2022-11-21,Senegal,Krépin Diatta,True,73.2
2022-11-21,Senegal,Pape Gueye,False,16.816666666666663
2022-11-21,Senegal,Pathé Ismaël Ciss,False,0.0
2022-11-21,Senegal,Ismail Jakobs,False,28.583333333333336
2022-11-21,Senegal,Moustapha Name,False,0.0
2022-11-21,Senegal,Formose Mendy,False,0.0
2022-11-21,Senegal,Nicolas Jackson,False,16.799999999999997
2022-11-21,Senegal,Pape Matar Sarr,False,0.0
2022-11-21,Senegal,Iliman Ndiaye,False,0.0
2022-11-21,Senegal,Cheikh Ahmadou Bamba Mbacke Dieng,False,21.816666666666663
2022-11-21,Senegal,Moussa N''Diaye,False,0.0
2022-11-21,Netherlands,Memphis Depay,False,32.28333333333334
2022-11-21,Netherlands,Vincent Janssen,True,61.38333333333333
2022-11-21,Netherlands,Nathan Aké,True,90.0
2022-11-21,Netherlands,Daley Blind,True,90.0
2022-11-21,Netherlands,Virgil van Dijk,True,90.0
2022-11-21,Netherlands,Davy Klaassen,False,15.583333333333343
2022-11-21,Netherlands,Marten de Roon,False,0.08333333333334281
2022-11-21,Netherlands,Steven Berghuis,True,78.23333333333333
2022-11-21,Netherlands,Stefan de Vrij,False,0.0
2022-11-21,Netherlands,Wout Weghorst,False,0.0
2022-11-21,Netherlands,Remko Pasveer,False,0.0
2022-11-21,Netherlands,Teun Koopmeiners,False,15.433333333333337
2022-11-21,Netherlands,Matthijs de Ligt,True,90.0
2022-11-21,Netherlands,Frenkie de Jong,True,90.0
2022-11-21,Netherlands,Tyrell Malacia,False,0.0
2022-11-21,Netherlands,Denzel Dumfries,True,90.0
2022-11-21,Netherlands,Steven Bergwijn,True,78.08333333333333
2022-11-21,Netherlands,Andries Noppert,True,90.0
2022-11-21,Netherlands,Justin Bijlow,False,0.0
2022-11-21,Netherlands,Luuk de Jong,False,0.0
2022-11-21,Netherlands,Cody Mathès Gakpo,True,93.58333333333333
2022-11-21,Netherlands,Noa Lang,False,0.0
2022-11-21,Netherlands,Jurriën David Norman Timber,False,0.0
2022-11-21,Netherlands,Kenneth Taylor,False,0.0
2022-11-21,Netherlands,Jeremie Frimpong,False,0.0
2022-11-21,Netherlands,Xavi Simons,False,0.0
2022-11-21,Wales,Ben Davies,True,90.0
2022-11-21,Wales,Wayne Hennessey,True,90.0
2022-11-21,Wales,Aaron Ramsey,True,90.0
2022-11-21,Wales,Tom Lockyer,False,0.0
2022-11-21,Wales,Kieffer Roberto Francisco Moore,False,45.0
2022-11-21,Wales,Adam Davies,False,0.0
2022-11-21,Wales,Chris Mepham,True,90.0
2022-11-21,Wales,Connor Roberts,True,90.0
2022-11-21,Wales,Ethan Ampadu,True,94.41666666666667
2022-11-21,Wales,Gareth Frank Bale,True,90.0
2022-11-21,Wales,Harry Wilson,True,92.3
2022-11-21,Wales,Daniel Ward,False,0.0
2022-11-21,Wales,Chris Gunter,False,0.0
2022-11-21,Wales,Joe Allen,False,0.0
2022-11-21,Wales,Jonathan Williams,False,0.0
2022-11-21,Wales,Joe Rodon,True,90.0
2022-11-21,Wales,Daniel James,True,45.0
2022-11-21,Wales,Mark Thomas Harris,False,0.0
2022-11-21,Wales,Matthew Robert Smith,False,0.0
2022-11-21,Wales,Joseff Morrell,False,0.0
2022-11-21,Wales,Brennan Johnson,False,11.683333333333337
2022-11-21,Wales,Benjamin Cabango,False,0.0
2022-11-21,Wales,Dylan Levitt,False,0.0
2022-11-21,Wales,Neco Williams,True,77.49999999999999
2022-11-21,Wales,Sorba Thomas,False,0.0
2022-11-21,Wales,Rubin Colwill,False,0.0
2022-11-21,United States,Timothy Weah,True,87.55
2022-11-21,United States,DeAndre Yedlin,False,15.75
2022-11-21,United States,Antonee Robinson,True,90.0
2022-11-21,United States,Shaquell Moore,False,0.0
2022-11-21,United States,Christian Pulisic,True,89.66666666666667
2022-11-21,United States,Weston McKennie,True,65.2
2022-11-21,United States,Matthew Charles Turner,True,90.0
2022-11-21,United States,Walker Zimmerman,True,90.0
2022-11-21,United States,Sean Johnson,False,0.0
2022-11-21,United States,Tyler Adams,True,90.0
2022-11-21,United States,Aaron Long,False,0.0
2022-11-21,United States,Kellyn Kai Perry-Acosta,False,15.75
2022-11-21,United States,Cristian Roldán León,False,0.0
2022-11-21,United States,Cameron Carter-Vickers,False,0.0
2022-11-21,United States,Tim Ream,True,90.0
2022-11-21,United States,Ethan Horvath,False,0.0
2022-11-21,United States,Sergino Dest,True,74.25
2022-11-21,United States,Haji Wright,False,16.516666666666666
2022-11-21,United States,Joshua Sargent,True,73.48333333333333
2022-11-21,United States,Jesus Ferreira,False,0.0
2022-11-21,United States,Jordan Morris,False,2.450000000000003
2022-11-21,United States,Brenden Aaronson,False,24.799999999999997
2022-11-21,United States,Luca de la Torre,False,0.0
2022-11-21,United States,Giovanni Reyna,False,0.0
2022-11-21,United States,Joseph Scally,False,0.0
2022-11-21,United States,Yunus Dimoara Musah,True,74.25
2022-11-26,Poland,Kamil Glik,True,90.0
2022-11-26,Poland,Grzegorz Krychowiak,True,90.0
2022-11-26,Poland,Jan Bednarek,False,0.0
2022-11-26,Poland,Sebastian Szymański,False,0.0
2022-11-26,Poland,Robert Gumny,False,0.0
2022-11-26,Poland,Artur Jędrzejczyk,False,0.0
2022-11-26,Poland,Matty Cash,True,90.0
2022-11-26,Poland,Piotr Zieliński,True,62.13333333333333
2022-11-26,Poland,Arkadiusz Milik,True,70.61666666666666
2022-11-26,Poland,Kamil Grosicki,False,0.0
2022-11-26,Poland,Robert Lewandowski,True,90.0
2022-11-26,Poland,Wojciech Szczęsny,True,90.0
2022-11-26,Poland,Bartosz Bereszyński,True,90.0
2022-11-26,Poland,Przemysław Frankowski,True,90.0
2022-11-26,Poland,Szymon Żurkowski,False,0.0
2022-11-26,Poland,Mateusz Wieteska,False,0.0
2022-11-26,Poland,Damian Szymański,False,0.0
2022-11-26,Poland,Karol Świderski,False,0.0
2022-11-26,Poland,Łukasz Skorupski,False,0.0
2022-11-26,Poland,Krystian Bielik,True,90.0
2022-11-26,Poland,Krzysztof Piątek,False,19.38333333333334
2022-11-26,Poland,Kamil Grabara,False,0.0
2022-11-26,Poland,Michał Skóraś,False,0.0
2022-11-26,Poland,Jakub Kamiński,False,27.866666666666667
2022-11-26,Poland,Jakub Piotr Kiwior,True,90.0
2022-11-26,Poland,Nicola Zalewski,False,0.0
2022-11-26,Saudi Arabia,Abdullah Ibrahim Otayf,False,0.0
2022-11-26,Saudi Arabia,Salem Mohammed Al Dawsari,True,94.98333333333333
2022-11-26,Saudi Arabia,Hattan Babhir,False,0.29999999999999716
2022-11-26,Saudi Arabia,Mohammed Al Burayk,True,64.36666666666667
2022-11-26,Saudi Arabia,Mohammed Kanoo,True,89.80000000000001
2022-11-26,Saudi Arabia,Mohammed Khalil Al Owais,True,90.0
2022-11-26,Saudi Arabia,Ali Albulayhi,True,89.4
2022-11-26,Saudi Arabia,Abdulelah Al Amri,True,89.88333333333333
2022-11-26,Saudi Arabia,Ali Al Hassan,False,0.0
2022-11-26,Saudi Arabia,Firas Tariq Nasser Al Albirakan,True,94.98333333333333
2022-11-26,Saudi Arabia,Abdullah Mohammed Madu,False,0.0
2022-11-26,Saudi Arabia,Saleh Khalid Al Shehri,True,85.0
2022-11-26,Saudi Arabia,Hassan Mohammed Al-Tambakti,False,0.0
2022-11-26,Saudi Arabia,Sami Khalil Al Naji,True,45.0
2022-11-26,Saudi Arabia,Mohammed Al Rubaie Al Yami,False,0.0
2022-11-26,Saudi Arabia,Abdulrahman Al-Obood,False,10.049999999999997
2022-11-26,Saudi Arabia,Saud Abdullah Abdul Hamid,True,90.0
2022-11-26,Saudi Arabia,Nawaf Shaker Al Abid,False,49.68333333333334
2022-11-26,Saudi Arabia,Nawaf Alaqidi,False,0.0
2022-11-26,Saudi Arabia,Abdulelah Saad Hameed Al-Malki,True,84.93333333333334
2022-11-26,Saudi Arabia,Sultan Abdullah Salim Al Ghannam,False,25.25
2022-11-26,Saudi Arabia,Nasser Al Dawsari,False,5.0
2022-11-26,Saudi Arabia,Haitham Mohammed Asiri,False,0.0
2022-11-29,Netherlands,Memphis Depay,True,65.75
2022-11-29,Netherlands,Vincent Janssen,False,24.25
2022-11-29,Netherlands,Nathan Aké,True,90.0
2022-11-29,Netherlands,Daley Blind,True,90.0
2022-11-29,Netherlands,Virgil van Dijk,True,90.0
2022-11-29,Netherlands,Davy Klaassen,True,65.4
2022-11-29,Netherlands,Marten de Roon,True,82.16666666666667
2022-11-29,Netherlands,Steven Berghuis,False,24.599999999999994
2022-11-29,Netherlands,Stefan de Vrij,False,0.0
2022-11-29,Netherlands,Wout Weghorst,False,7.900000000000006
2022-11-29,Netherlands,Remko Pasveer,False,0.0
2022-11-29,Netherlands,Teun Koopmeiners,False,7.833333333333329
2022-11-29,Netherlands,Matthijs de Ligt,False,0.0
2022-11-29,Netherlands,Frenkie de Jong,True,85.98333333333333
2022-11-29,Netherlands,Tyrell Malacia,False,0.0
2022-11-29,Netherlands,Denzel Dumfries,True,90.0
2022-11-29,Netherlands,Steven Bergwijn,False,0.0
2022-11-29,Netherlands,Andries Noppert,True,90.0
2022-11-29,Netherlands,Justin Bijlow,False,0.0
2022-11-29,Netherlands,Luuk de Jong,False,0.0
2022-11-29,Netherlands,Cody Mathès Gakpo,True,82.1
2022-11-29,Netherlands,Noa Lang,False,0.0
2022-11-29,Netherlands,Jurriën David Norman Timber,True,90.0
2022-11-29,Netherlands,Kenneth Taylor,False,4.016666666666666
2022-11-29,Netherlands,Jeremie Frimpong,False,0.0
2022-11-29,Netherlands,Xavi Simons,False,0.0
2022-11-29,Qatar,Akram Hassan Afif,True,90.0
2022-11-29,Qatar,Hassan Khalid Al Heidos,True,63.78333333333333
2022-11-29,Qatar,Ahmed Alaa Eldin Abdelmotaal,False,5.533333333333331
2022-11-29,Qatar,Karim Boudiaf,False,26.18333333333333
2022-11-29,Qatar,Boualem Khoukhi,True,90.0
2022-11-29,Qatar,Abdelkarim Hassan Al Haj Fadlalla,True,90.0
2022-11-29,Qatar,Almoez Ali Zainalabiddin Abdulla,True,64.2
2022-11-29,Qatar,Saad Abdullah Al Sheeb,False,0.0
2022-11-29,Qatar,Assim Omer Al Haj Madibo,True,63.81666666666667
2022-11-29,Qatar,Bassam Hisham Al Rawi,False,0.0
2022-11-29,Qatar,Tarek Salman Salman,False,0.0
2022-11-29,Qatar,Pedro Miguel Correia,True,90.0
2022-11-29,Qatar,Meshaal Aissa Barsham,True,90.0
2022-11-29,Qatar,Mosaab Khoder Jibril,False,5.416666666666671
2022-11-29,Qatar,Abdulaziz Hatem Mohammed Abdullah,True,84.46666666666667
2022-11-29,Qatar,Salem Ali Al Hajri,False,0.0
2022-11-29,Qatar,Ismaeel Mohammad Mohammad,True,84.28333333333333
2022-11-29,Qatar,Homam Alamin Ahmed,True,89.46666666666665
2022-11-29,Qatar,Mohammed Muntari,False,25.799999999999997
2022-11-29,Qatar,Mohammed Waed Abdulwahhab Al Bayati,False,0.0
2022-11-29,Qatar,Jassem Gaber Abdulsallam,False,0.0
2022-11-29,Qatar,Yousef Hassan Mohamed Ali,False,0.0
2022-11-29,Qatar,Khalid Muneer Mazeed,False,0.0
2022-11-29,Qatar,Ali Assadalla Thaimn Qambar,False,26.21666666666667
2022-11-29,Qatar,Mostafa Taerk Mashaal,False,0.0
2022-11-29,Qatar,Naif Abdulraheem Al Hadhrami,False,0.0
2022-11-26,France,Marcus Thuram,False,28.016666666666666
2022-11-26,France,Kylian Mbappé Lottin,True,90.0
2022-11-26,France,Adrien Rabiot,True,92.25
2022-11-26,France,Hugo Lloris,True,90.0
2022-11-26,France,Alphonse Areola,False,0.0
2022-11-26,France,Steve Mandanda,False,0.0
2022-11-26,France,Olivier Giroud,True,61.983333333333334
2022-11-26,France,Jules Koundé,True,90.0
2022-11-26,France,Benjamin Pavard,False,0.0
2022-11-26,France,Ousmane Dembélé,True,74.16666666666667
2022-11-26,France,Raphaël Varane,True,73.85
2022-11-26,France,Antoine Griezmann,True,92.21666666666667
2022-11-26,France,Theo Bernard François Hernández,True,90.0
2022-11-26,France,Jordan Veretout,False,0.0
2022-11-26,France,Mattéo Guendouzi Olié,False,0.0
2022-11-26,France,Axel Disasi,False,0.0
2022-11-26,France,Kingsley Coman,False,15.833333333333329
2022-11-26,France,Dayotchanculle Upamecano,True,90.0
2022-11-26,France,Aurélien Djani Tchouaméni,True,92.06666666666666
2022-11-26,France,Ibrahima Konaté,False,16.150000000000006
2022-11-26,France,Youssouf Fofana,False,0.03333333333333144
2022-11-26,France,William Saliba,False,0.0
2022-11-26,France,Randal Kolo Muani,False,0.0
2022-11-26,France,Eduardo Camavinga,False,0.0
2022-11-26,Denmark,Christian Dannemann Eriksen,True,90.0
2022-11-26,Denmark,Pierre-Emile Højbjerg,True,90.0
2022-11-26,Denmark,Kasper Schmeichel,True,90.0
2022-11-26,Denmark,Andreas Christensen,True,90.0
2022-11-26,Denmark,Martin Braithwaite Christensen,False,45.0
2022-11-26,Denmark,Jens Stryger Larsen,False,0.0
2022-11-26,Denmark,Simon Thorup Kjær,False,0.0
2022-11-26,Denmark,Yussuf Yurary Poulsen,False,0.0
2022-11-26,Denmark,Andreas Evald Cornelius,True,45.0
2022-11-26,Denmark,Kasper Dolberg,False,17.049999999999997
2022-11-26,Denmark,Daniel Wass,False,0.0
2022-11-26,Denmark,Christian Nørgaard,False,5.733333333333334
2022-11-26,Denmark,Joachim Andersen,True,90.0
2022-11-26,Denmark,Frederik Rønnow,False,0.0
2022-11-26,Denmark,Rasmus Nissen Kristensen,True,91.61666666666666
2022-11-26,Denmark,Robert Skov,False,0.0
2022-11-26,Denmark,Joakim Mæhle,True,90.0
2022-11-26,Denmark,Andreas Skov Olsen,False,0.0
2022-11-26,Denmark,Victor Nelsson,True,90.0
2022-11-26,Denmark,Mathias Jensen,False,0.0
2022-11-26,Denmark,Jonas Older Wind,False,0.0
2022-11-26,Denmark,Mikkel Damsgaard,True,72.95
2022-11-26,Denmark,Alexander Hartmann Bah,False,0.0
2022-11-26,Denmark,Oliver Christensen,False,0.0
2022-11-26,Denmark,Jesper Lindstrøm,True,84.26666666666667
2022-11-23,Germany,Leroy Sané,False,0.0
2022-11-23,Germany,Antonio Rüdiger,True,90.0
2022-11-23,Germany,Kevin Trapp,False,0.0
2022-11-23,Germany,Julian Brandt,False,0.0
2022-11-23,Germany,Thomas Müller,True,66.61666666666666
2022-11-23,Germany,Manuel Neuer,True,90.0
2022-11-23,Germany,Joshua Kimmich,True,90.0
2022-11-23,Germany,Niklas Süle,True,90.0
2022-11-23,Germany,Leon Goretzka,False,22.91666666666667
2022-11-23,Germany,Mario Götze,False,11.783333333333331
2022-11-23,Germany,Serge Gnabry,True,89.01666666666667
2022-11-23,Germany,Lukas Klostermann,False,0.0
2022-11-23,Germany,Thilo Kehrer,False,0.0
2022-11-23,Germany,Niclas Füllkrug,False,11.766666666666666
2022-11-23,Germany,Jonas Hofmann,False,23.38333333333334
2022-11-23,Germany,Matthias Ginter,False,0.0
2022-11-23,Germany,Christian Günter,False,0.0
2022-11-23,Germany,Kai Havertz,True,78.23333333333333
2022-11-23,Germany,İlkay Gündoğan,True,67.08333333333333
2022-11-23,Germany,David Raum,True,90.0
2022-11-23,Germany,Marc-André ter Stegen,False,0.0
2022-11-23,Germany,Nico Schlotterbeck,True,90.0
2022-11-23,Germany,Armel Bella-Kotchap,False,0.0
2022-11-23,Germany,Karim-David Adeyemi,False,0.0
2022-11-23,Germany,Youssoufa Moukoko,False,0.9833333333333343
2022-11-23,Germany,Jamal Musiala,True,78.21666666666667
2022-11-23,Japan,Eiji Kawashima,False,0.0
2022-11-23,Japan,Maya Yoshida,True,90.0
2022-11-23,Japan,Hiroki Sakai,True,73.88333333333334
2022-11-23,Japan,Yuto Nagatomo,True,56.55
2022-11-23,Japan,Gaku Shibasaki,False,0.0
2022-11-23,Japan,Ritsu Doan,False,19.36666666666666
2022-11-23,Japan,Takumi Minamino,False,16.11666666666666
2022-11-23,Japan,Takuma Asano,False,33.35
2022-11-23,Japan,Daichi Kamada,True,90.0
2022-11-23,Japan,Junya Ito,True,90.0
2022-11-23,Japan,Wataru Endo,True,90.0
2022-11-23,Japan,Takehiro Tomiyasu,False,45.0
2022-11-23,Japan,Shūichi Gonda,True,90.0
2022-11-23,Japan,Daniel Schmidt,False,0.0
2022-11-23,Japan,Ko Itakura,True,90.0
2022-11-23,Japan,Daizen Maeda,True,56.65
2022-11-23,Japan,Takefusa Kubo,True,45.0
2022-11-23,Japan,Yuki Soma,False,0.0
2022-11-23,Japan,Ao Tanaka,True,70.63333333333334
2022-11-23,Japan,Miki Yamane,False,0.0
2022-11-23,Japan,Kaoru Mitoma,False,33.45
2022-11-23,Japan,Shogo Taniguchi,False,0.0
2022-11-23,Japan,Hidemasa Morita,False,0.0
2022-11-23,Japan,Ayase Ueda,False,0.0
2022-11-23,Japan,Hiroki Ito,False,0.0
2022-11-23,Japan,Shuto Machino,False,0.0
2022-11-22,Denmark,Christian Dannemann Eriksen,True,90.0
2022-11-22,Denmark,Pierre-Emile Højbjerg,True,90.0
2022-11-22,Denmark,Kasper Schmeichel,True,90.0
2022-11-22,Denmark,Andreas Christensen,True,90.0
2022-11-22,Denmark,Martin Braithwaite Christensen,False,0.0
2022-11-22,Denmark,Jens Stryger Larsen,False,0.0
2022-11-22,Denmark,Thomas Delaney,True,45.53333333333333
2022-11-22,Denmark,Simon Thorup Kjær,True,63.983333333333334
2022-11-22,Denmark,Yussuf Yurary Poulsen,False,0.0
2022-11-22,Denmark,Andreas Evald Cornelius,False,25.53333333333333
2022-11-22,Denmark,Kasper Dolberg,True,64.46666666666667
2022-11-22,Denmark,Daniel Wass,False,0.0
2022-11-22,Denmark,Christian Nørgaard,False,0.0
2022-11-22,Denmark,Joachim Andersen,True,90.0
2022-11-22,Denmark,Frederik Rønnow,False,0.0
2022-11-22,Denmark,Rasmus Nissen Kristensen,True,90.0
2022-11-22,Denmark,Robert Skov,False,0.0
2022-11-22,Denmark,Joakim Mæhle,True,90.0
2022-11-22,Denmark,Andreas Skov Olsen,True,64.46666666666667
2022-11-22,Denmark,Victor Nelsson,False,0.0
2022-11-22,Denmark,Mathias Jensen,False,26.016666666666666
2022-11-22,Denmark,Jonas Older Wind,False,0.0
2022-11-22,Denmark,Mikkel Damsgaard,False,44.46666666666667
2022-11-22,Denmark,Alexander Hartmann Bah,False,0.0
2022-11-22,Denmark,Oliver Christensen,False,0.0
2022-11-22,Denmark,Jesper Lindstrøm,False,25.53333333333333
2022-11-22,Tunisia,Wahbi Khazri,False,0.0
2022-11-22,Tunisia,Naïm Sliti,False,23.28333333333333
2022-11-22,Tunisia,Ellyes Joris Skhiri,True,90.0
2022-11-22,Tunisia,Ali Maâloul,False,0.0
2022-11-22,Tunisia,Ferjani Sassi,False,2.2333333333333343
2022-11-22,Tunisia,Yassine Meriah,True,90.0
2022-11-22,Tunisia,Mouez Hassen,False,0.0
2022-11-22,Tunisia,Dylan Daniel Mahmoud Bronn,True,90.0
2022-11-22,Tunisia,Aymen Mathlouthi,False,0.0
2022-11-22,Tunisia,Ghilane Chalali,False,0.0
2022-11-22,Tunisia,Mohamed Dräger,True,87.28333333333333
2022-11-22,Tunisia,Issam Jebali,True,80.01666666666667
2022-11-22,Tunisia,Youssef Msakni,True,79.78333333333333
2022-11-22,Tunisia,Nader Ghandri,False,0.0
2022-11-22,Tunisia,Ali Abdi,True,90.0
2022-11-22,Tunisia,Montassar Omar Talbi,True,90.0
2022-11-22,Tunisia,Anis Ben Slimane,True,66.71666666666667
2022-11-22,Tunisia,Aïssa Bilal Laïdouni,True,87.76666666666667
2022-11-22,Tunisia,Hannibal Mejbri,False,10.216666666666669
2022-11-22,Tunisia,Seifeddine Jaziri,False,0.0
2022-11-22,Tunisia,Mohamed Ali Ben Romdhane,False,0.0
2022-11-22,Tunisia,Aymen Dahmen,True,90.0
2022-11-22,Tunisia,Wajdi Kechrida,False,2.7166666666666686
2022-11-22,Tunisia,Taha Yassine Khenissi,False,9.983333333333334
2022-11-22,Tunisia,Bechir Ben Said,False,0.0
2022-11-22,Tunisia,Bilel Ifa,False,0.0
2022-11-22,Poland,Kamil Glik,True,89.31666666666666
2022-11-22,Poland,Grzegorz Krychowiak,True,90.0
2022-11-22,Poland,Jan Bednarek,False,0.0
2022-11-22,Poland,Sebastian Szymański,True,71.16666666666667
2022-11-22,Poland,Robert Gumny,False,0.0
2022-11-22,Poland,Artur Jędrzejczyk,False,0.0
2022-11-22,Poland,Matty Cash,True,90.0
2022-11-22,Poland,Piotr Zieliński,True,87.0
2022-11-22,Poland,Arkadiusz Milik,False,3.0
2022-11-22,Poland,Kamil Grosicki,False,0.0
2022-11-22,Poland,Robert Lewandowski,True,90.0
2022-11-22,Poland,Wojciech Szczęsny,True,90.0
2022-11-22,Poland,Bartosz Bereszyński,True,90.0
2022-11-22,Poland,Przemysław Frankowski,False,18.83333333333333
2022-11-22,Poland,Szymon Żurkowski,False,0.0
2022-11-22,Poland,Mateusz Wieteska,False,0.0
2022-11-22,Poland,Damian Szymański,False,0.0
2022-11-22,Poland,Karol Świderski,False,0.0
2022-11-22,Poland,Łukasz Skorupski,False,0.0
2022-11-22,Poland,Krystian Bielik,False,45.0
2022-11-22,Poland,Krzysztof Piątek,False,0.0
2022-11-22,Poland,Kamil Grabara,False,0.0
2022-11-22,Poland,Michał Skóraś,False,0.0
2022-11-22,Poland,Jakub Kamiński,True,90.0
2022-11-22,Poland,Jakub Piotr Kiwior,True,90.0
2022-11-22,Poland,Nicola Zalewski,True,45.0
2022-11-22,Mexico,José Andrés Guardado Hernández,False,0.0
2022-11-22,Mexico,Edson Omar Álvarez Velázquez,True,90.0
2022-11-22,Mexico,Raúl Alonso Jiménez Rodríguez,False,19.700000000000003
2022-11-22,Mexico,Hirving Rodrigo Lozano Bahena,True,90.0
2022-11-22,Mexico,Héctor Alfredo Moreno Herrera,True,90.0
2022-11-22,Mexico,Héctor Miguel Herrera López,True,70.25
2022-11-22,Mexico,Jesús Daniel Gallardo Vasconcelos,True,90.0
2022-11-22,Mexico,Francisco Guillermo Ochoa Magaña,True,90.0
2022-11-22,Mexico,Néstor Alejandro Araújo Razo,False,0.0
2022-11-22,Mexico,Carlos Uriel Antuna Romero,False,6.200000000000003
2022-11-22,Mexico,Érick Gabriel Gutiérrez Galaviz,False,0.0
2022-11-22,Mexico,Orbelín Pineda Alvarado,False,0.0
2022-11-22,Mexico,Carlos Alberto Rodríguez Gómez,False,19.75
2022-11-22,Mexico,Ernesto Alexis Vega Rojas,True,83.8
2022-11-22,Mexico,Rogelio Gabriel Funes Mori,False,0.0
2022-11-22,Mexico,Johan Felipe Vásquez Ibarra,False,0.0
2022-11-22,Mexico,César Jasib Montes Castro,True,89.73333333333332
2022-11-22,Mexico,Roberto Carlos Alvarado Hernández,False,0.0
2022-11-22,Mexico,Luis Francisco Romo Barrón,False,0.0
2022-11-22,Mexico,Alfredo Talavera Díaz,False,0.0
2022-11-22,Mexico,Henry Josué Martín Mex,True,70.3
2022-11-22,Mexico,Jorge Eduardo Sánchez Ramos,True,90.0
2022-11-22,Mexico,Gerardo Daniel Arteaga Zamora,False,0.0
2022-11-22,Mexico,Rodolfo Cota Robles,False,0.0
2022-11-22,Mexico,Luis Gerardo Chávez Magallón,True,90.0
2022-11-22,Mexico,Kevin Nahin Álvarez Campos,False,0.0
2022-11-25,Senegal,Ismaïla Sarr,True,73.95
2022-11-25,Senegal,Youssouf Sabaly,True,90.0
2022-11-25,Senegal,Idrissa Gana Gueye,True,90.0
2022-11-25,Senegal,Fodé Ballo Touré,False,0.0
2022-11-25,Senegal,Cheikhou Kouyaté,False,0.0
2022-11-25,Senegal,Nampalys Mendy,True,76.96666666666667
2022-11-25,Senegal,Kalidou Koulibaly,True,90.0
2022-11-25,Senegal,Edouard Mendy,True,90.0
2022-11-25,Senegal,Abdou Diallo,True,90.0
2022-11-25,Senegal,Alfred Benjamin Gomis,False,0.0
2022-11-25,Senegal,Mamadou Loum N'Diaye,False,0.0
2022-11-25,Senegal,Famara Diedhiou,True,73.78333333333333
2022-11-25,Senegal,Pape Abou Cissé,False,13.049999999999997
2022-11-25,Senegal,Timothy Dieng,False,0.0
2022-11-25,Senegal,Boulaye Dia,True,90.0
2022-11-25,Senegal,Krépin Diatta,True,63.71666666666667
2022-11-25,Senegal,Pape Gueye,False,0.0
2022-11-25,Senegal,Pathé Ismaël Ciss,False,26.28333333333333
2022-11-25,Senegal,Ismail Jakobs,True,76.95
2022-11-25,Senegal,Moustapha Name,False,0.0
2022-11-25,Senegal,Formose Mendy,False,0.0
2022-11-25,Senegal,Nicolas Jackson,False,0.0
2022-11-25,Senegal,Pape Matar Sarr,False,13.033333333333331
2022-11-25,Senegal,Iliman Ndiaye,False,16.049999999999997
2022-11-25,Senegal,Cheikh Ahmadou Bamba Mbacke Dieng,False,16.21666666666667
2022-11-25,Senegal,Moussa N''Diaye,False,0.0
2022-11-25,Qatar,Akram Hassan Afif,True,90.0
2022-11-25,Qatar,Hassan Khalid Al Heidos,True,74.28333333333333
2022-11-25,Qatar,Ahmed Alaa Eldin Abdelmotaal,False,0.0
2022-11-25,Qatar,Karim Boudiaf,True,68.31666666666666
2022-11-25,Qatar,Boualem Khoukhi,True,90.0
2022-11-25,Qatar,Abdelkarim Hassan Al Haj Fadlalla,True,90.0
2022-11-25,Qatar,Almoez Ali Zainalabiddin Abdulla,True,90.0
2022-11-25,Qatar,Saad Abdullah Al Sheeb,False,0.0
2022-11-25,Qatar,Assim Omer Al Haj Madibo,True,90.0
2022-11-25,Qatar,Tarek Salman Salman,False,7.86666666666666
2022-11-25,Qatar,Pedro Miguel Correia,True,81.66666666666667
2022-11-25,Qatar,Meshaal Aissa Barsham,True,90.0
2022-11-25,Qatar,Mosaab Khoder Jibril,False,0.0
2022-11-25,Qatar,Abdulaziz Hatem Mohammed Abdullah,False,21.683333333333337
2022-11-25,Qatar,Salem Ali Al Hajri,False,0.0
2022-11-25,Qatar,Ismaeel Mohammad Mohammad,True,90.0
2022-11-25,Qatar,Homam Alamin Ahmed,True,82.13333333333334
2022-11-25,Qatar,Mohammed Muntari,False,15.716666666666669
2022-11-25,Qatar,Mohammed Waed Abdulwahhab Al Bayati,False,7.766666666666666
2022-11-25,Qatar,Jassem Gaber Abdulsallam,False,0.0
2022-11-25,Qatar,Yousef Hassan Mohamed Ali,False,0.0
2022-11-25,Qatar,Khalid Muneer Mazeed,False,0.0
2022-11-25,Qatar,Ali Assadalla Thaimn Qambar,False,0.0
2022-11-25,Qatar,Mostafa Taerk Mashaal,False,0.0
2022-11-25,Qatar,Naif Abdulraheem Al Hadhrami,False,0.0
2022-11-23,Belgium,Youri Tielemans,True,45.0
2022-11-23,Belgium,Jan Vertonghen,True,90.0
2022-11-23,Belgium,Kevin De Bruyne,True,90.0
2022-11-23,Belgium,Thomas Meunier,False,45.0
2022-11-23,Belgium,Romelu Lukaku Menama,False,0.0
2022-11-23,Belgium,Michy Batshuayi Tunga,True,77.88333333333334
2022-11-23,Belgium,Thibaut Courtois,True,90.0
2022-11-23,Belgium,Simon Mignolet,False,0.0
2022-11-23,Belgium,Eden Hazard,True,61.81666666666667
2022-11-23,Belgium,Dries Mertens,False,0.0
2022-11-23,Belgium,Thorgan Hazard,False,0.0
2022-11-23,Belgium,Yannick Ferreira Carrasco,True,45.0
2022-11-23,Belgium,Axel Witsel,True,90.0
2022-11-23,Belgium,Leander Dendoncker,True,90.0
2022-11-23,Belgium,Timothy Castagne,True,90.0
2022-11-23,Belgium,Koen Casteels,False,0.0
2022-11-23,Belgium,Wout Faes,False,0.0
2022-11-23,Belgium,Ikoma Loïs Openda,False,12.11666666666666
2022-11-23,Belgium,Hans Vanaken,False,0.0
2022-11-23,Belgium,Leandro Trossard,False,28.18333333333333
2022-11-23,Belgium,Toby Alderweireld,True,90.0
2022-11-23,Belgium,Jeremy Doku,False,0.0
2022-11-23,Belgium,Charles De Ketelaere,False,0.0
2022-11-23,Belgium,Arthur Theate,False,0.0
2022-11-23,Belgium,Amadou Onana,False,45.0
2022-11-23,Belgium,Zeno Debast,False,0.0
2022-11-23,Canada,Ike Ugbo,False,0.0
2022-11-23,Canada,David Wallace Wotherspoon,False,0.0
2022-11-23,Canada,David Junior Hoilett,True,57.4
2022-11-23,Canada,Stephen Antunes Eustáquio,True,80.35
2022-11-23,Canada,Steven de Sousa Vitoria,True,90.0
2022-11-23,Canada,Alphonso Davies,True,90.0
2022-11-23,Canada,Jonathan Osorio,False,9.650000000000006
2022-11-23,Canada,Samuel Piette,False,0.0
2022-11-23,Canada,Liam Fraser,False,0.0
2022-11-23,Canada,Milan Borjan,True,90.0
2022-11-23,Canada,Richie Laryea,True,73.2
2022-11-23,Canada,Mark Anthony Kaye,False,0.0
2022-11-23,Canada,Cyle Larin,False,32.6
2022-11-23,Canada,Liam Millar,False,9.833333333333329
2022-11-23,Canada,Jonathan David,True,90.0
2022-11-23,Canada,Derek Cornelius,False,0.0
2022-11-23,Canada,Kamal Miller,True,90.0
2022-11-23,Canada,Tajon Buchanan,True,80.16666666666667
2022-11-23,Canada,Lucas Daniel Cavallini,False,0.0
2022-11-23,Canada,Sam Adekugbe,False,16.799999999999997
2022-11-23,Canada,Atiba Hutchinson,True,57.68333333333333
2022-11-23,Canada,Joel Waterman,False,0.0
2022-11-23,Canada,Dayne Tristan St. Clair,False,0.0
2022-11-23,Canada,Alistair Johnston,True,90.0
2022-11-23,Canada,James Pantemis,False,0.0
2022-11-23,Canada,Ismael Koné,False,32.31666666666667
2022-11-28,Brazil,Danilo Luiz da Silva,False,0.0
2022-11-28,Brazil,Ederson Santana de Moraes,False,0.0
2022-11-28,Brazil,Gabriel Fernando de Jesus,False,17.33333333333333
2022-11-28,Brazil,Fábio Henrique Tavares,False,0.0
2022-11-28,Brazil,Richarlison de Andrade,True,72.66666666666667
2022-11-28,Brazil,Thiago Emiliano da Silva,True,90.0
2022-11-28,Brazil,Daniel Alves da Silva,False,0.0
2022-11-28,Brazil,Marcos Aoás Corrêa,True,90.0
2022-11-28,Brazil,Carlos Henrique Casimiro,True,90.0
2022-11-28,Brazil,Alisson Ramsés Becker,True,90.0
2022-11-28,Brazil,Alex Sandro Lobo Silva,True,85.36666666666666
2022-11-28,Brazil,Frederico Rodrigues Santos,True,57.666666666666664
2022-11-28,Brazil,Raphael Dias Belloli,True,72.98333333333333
2022-11-28,Brazil,Alex Nicolao Telles,False,4.63333333333334
2022-11-28,Brazil,Gleison Bremer Silva Nascimento,False,0.0
2022-11-28,Brazil,Éder Gabriel Militão,True,90.0
2022-11-28,Brazil,Vinícius José Paixão de Oliveira Júnior,True,90.0
2022-11-28,Brazil,Lucas Tolentino Coelho de Lima,True,45.0
2022-11-28,Brazil,Weverton Pereira da Silva,False,0.0
2022-11-28,Brazil,Rodrygo Silva de Goes,False,45.0
2022-11-28,Brazil,Bruno Guimarães Rodriguez Moura,False,32.333333333333336
2022-11-28,Brazil,Éverton Augusto de Barros Ribeiro,False,0.0
2022-11-28,Brazil,Pedro Guilherme Abreu dos Santos,False,0.0
2022-11-28,Brazil,Antony Matheus dos Santos,False,17.016666666666666
2022-11-28,Brazil,Gabriel Teodoro Martinelli Silva,False,0.0
2022-11-28,Switzerland,Granit Xhaka,True,90.0
2022-11-28,Switzerland,Xherdan Shaqiri,False,0.0
2022-11-28,Switzerland,Edimilson Fernandes,False,32.13333333333333
2022-11-28,Switzerland,Fabian Lukas Schär,False,0.0
2022-11-28,Switzerland,Denis Lemi Zakaria Lako Lado,False,0.0
2022-11-28,Switzerland,Haris Seferović,False,15.216666666666669
2022-11-28,Switzerland,Ricardo Iván Rodríguez Araya,True,90.0
2022-11-28,Switzerland,Breel-Donald Embolo,True,74.78333333333333
2022-11-28,Switzerland,Manuel Obafemi Akanji,True,90.0
2022-11-28,Switzerland,Yann Sommer,True,90.0
2022-11-28,Switzerland,Remo Freuler,True,90.0
2022-11-28,Switzerland,Silvan Widmer,True,85.31666666666666
2022-11-28,Switzerland,Fabian Frei,False,4.683333333333337
2022-11-28,Switzerland,Nico Elvedi,True,90.0
2022-11-28,Switzerland,Renato Steffen,False,31.75
2022-11-28,Switzerland,Michel Aebischer,False,15.283333333333331
2022-11-28,Switzerland,Christian Fassnacht,False,0.0
2022-11-28,Switzerland,Djibril Sow,True,74.71666666666667
2022-11-28,Switzerland,Gregor Kobel,False,0.0
2022-11-28,Switzerland,Jonas Omlin,False,0.0
2022-11-28,Switzerland,Eray Ervin Cömert,False,0.0
2022-11-28,Switzerland,Ruben Vargas,True,57.86666666666667
2022-11-28,Switzerland,Ardon Jashari,False,0.0
2022-11-28,Switzerland,Philipp Köhn,False,0.0
2022-11-28,Switzerland,Fabian Rieder,True,58.25
2022-12-09,Netherlands,Memphis Depay,True,77.95
2022-12-09,Netherlands,Vincent Janssen,False,0.0
2022-12-09,Netherlands,Nathan Aké,True,90.0
2022-12-09,Netherlands,Daley Blind,True,64.01666666666667
2022-12-09,Netherlands,Virgil van Dijk,True,90.0
2022-12-09,Netherlands,Davy Klaassen,False,0.0
2022-12-09,Netherlands,Marten de Roon,True,45.0
2022-12-09,Netherlands,Steven Berghuis,False,45.0
2022-12-09,Netherlands,Stefan de Vrij,False,0.0
2022-12-09,Netherlands,Wout Weghorst,False,12.049999999999997
2022-12-09,Netherlands,Remko Pasveer,False,0.0
2022-12-09,Netherlands,Teun Koopmeiners,False,45.0
2022-12-09,Netherlands,Matthijs de Ligt,False,0.0
2022-12-09,Netherlands,Frenkie de Jong,True,90.0
2022-12-09,Netherlands,Tyrell Malacia,False,0.0
2022-12-09,Netherlands,Denzel Dumfries,True,90.0
2022-12-09,Netherlands,Steven Bergwijn,True,45.0
2022-12-09,Netherlands,Andries Noppert,True,90.0
2022-12-09,Netherlands,Justin Bijlow,False,0.0
2022-12-09,Netherlands,Luuk de Jong,False,25.983333333333334
2022-12-09,Netherlands,Cody Mathès Gakpo,True,157.68333333333334
2022-12-09,Netherlands,Noa Lang,False,0.0
2022-12-09,Netherlands,Jurriën David Norman Timber,True,90.0
2022-12-09,Netherlands,Kenneth Taylor,False,0.0
2022-12-09,Netherlands,Jeremie Frimpong,False,0.0
2022-12-09,Netherlands,Xavi Simons,False,0.0
2022-12-09,Argentina,Ángel Fabián Di María Hernández,False,1.8166666666666629
2022-12-09,Argentina,Nicolás Hernán Otamendi,True,136.48333333333335
2022-12-09,Argentina,Lionel Andrés Messi Cuccittini,True,136.48333333333335
2022-12-09,Argentina,Nicolás Alejandro Tagliafico,False,12.849999999999994
2022-12-09,Argentina,Paulo Bruno Exequiel Dybala,False,0.0
2022-12-09,Argentina,Franco Armani,False,0.0
2022-12-09,Argentina,Ángel Martín Correa,False,0.0
2022-12-09,Argentina,Gerónimo Rulli,False,0.0
2022-12-09,Argentina,Damián Emiliano Martínez,True,90.0
2022-12-09,Argentina,Alejandro Darío Gómez,False,0.0
2022-12-09,Argentina,Germán Alejandro Pezzella,False,0.0
2022-12-09,Argentina,Rodrigo Javier De Paul,True,65.61666666666667
2022-12-09,Argentina,Lautaro Javier Martínez,False,9.083333333333329
2022-12-09,Argentina,Leandro Daniel Paredes,False,24.21666666666667
2022-12-09,Argentina,Marcos Javier Acuña,True,77.15
2022-12-09,Argentina,Cristian Gabriel Romero,True,77.46666666666667
2022-12-09,Argentina,Juan Marcos Foyth,False,0.0
2022-12-09,Argentina,Guido Rodríguez,False,0.0
2022-12-09,Argentina,Lisandro Martínez,True,134.66666666666669
2022-12-09,Argentina,Alexis Mac Allister,True,90.0
2022-12-09,Argentina,Gonzalo Ariel Montiel,False,7.833333333333329
2022-12-09,Argentina,Exequiel Alejandro Palacios,False,0.0
2022-12-09,Argentina,Thiago Ezequiel Almada,False,0.0
2022-12-09,Argentina,Nahuel Molina Lucero,True,128.65
2022-12-09,Argentina,Julián Álvarez,True,80.91666666666667
2022-12-09,Argentina,Enzo Fernandez,True,112.83333333333333
2022-12-01,Germany,Leroy Sané,True,90.0
2022-12-01,Germany,Antonio Rüdiger,True,90.0
2022-12-01,Germany,Kevin Trapp,False,0.0
2022-12-01,Germany,Julian Brandt,False,0.0
2022-12-01,Germany,Thomas Müller,True,65.85
2022-12-01,Germany,Manuel Neuer,True,90.0
2022-12-01,Germany,Joshua Kimmich,True,90.0
2022-12-01,Germany,Niklas Süle,True,93.61666666666666
2022-12-01,Germany,Leon Goretzka,True,45.0
2022-12-01,Germany,Mario Götze,False,24.13333333333334
2022-12-01,Germany,Serge Gnabry,True,90.0
2022-12-01,Germany,Lukas Klostermann,False,45.0
2022-12-01,Germany,Thilo Kehrer,False,0.0
2022-12-01,Germany,Niclas Füllkrug,False,36.06666666666667
2022-12-01,Germany,Jonas Hofmann,False,0.0
2022-12-01,Germany,Matthias Ginter,False,0.0
2022-12-01,Germany,Christian Günter,False,0.0
2022-12-01,Germany,Kai Havertz,False,24.150000000000006
2022-12-01,Germany,İlkay Gündoğan,True,53.93333333333333
2022-12-01,Germany,David Raum,True,65.86666666666666
2022-12-01,Germany,Marc-André ter Stegen,False,0.0
2022-12-01,Germany,Nico Schlotterbeck,False,0.0
2022-12-01,Germany,Armel Bella-Kotchap,False,0.0
2022-12-01,Germany,Karim-David Adeyemi,False,0.0
2022-12-01,Germany,Youssoufa Moukoko,False,0.0
2022-12-01,Germany,Jamal Musiala,True,90.0
2022-12-01,Costa Rica,Joel Nathaniel Campbell Samuels,True,90.0
2022-12-01,Costa Rica,Celso Borges Mora,True,90.0
2022-12-01,Costa Rica,Bryan Ruiz González,False,0.0
2022-12-01,Costa Rica,Johan Alberto Venegas Ulloa,True,73.23333333333333
2022-12-01,Costa Rica,Keylor Navas Gamboa,True,90.0
2022-12-01,Costa Rica,Óscar Esau Duarte Gaitán,True,90.0
2022-12-01,Costa Rica,Bryan Oviedo,True,92.48333333333333
2022-12-01,Costa Rica,Yeltsin Ignacio Tejeda Valverde,True,92.53333333333333
2022-12-01,Costa Rica,Kendall Jamaal Waston Manley,True,90.0
2022-12-01,Costa Rica,Ronald Alberto Matarrita Ulate,False,19.349999999999994
2022-12-01,Costa Rica,Juan Pablo Vargas Campos,True,90.0
2022-12-01,Costa Rica,Patrick Gilmar Sequeira Mejías,False,0.0
2022-12-01,Costa Rica,Brandon Aguilera Zamora,True,45.0
2022-12-01,Costa Rica,Keysher Fuller Spence,True,73.5
2022-12-01,Costa Rica,Esteban Alvarado Brown,False,0.0
2022-12-01,Costa Rica,Carlos Manuel Martínez Castro,False,0.0
2022-12-01,Costa Rica,Anthony Daniel Contreras Enríquez,False,0.09999999999999432
2022-12-01,Costa Rica,Gerson Torres Barrantes,False,0.0
2022-12-01,Costa Rica,Jewison Bennette,False,16.5
2022-12-01,Costa Rica,Douglas Andrey López Araya,False,0.0
2022-12-01,Costa Rica,Youstin Delfin Salas Gómez,False,47.58333333333333
2022-12-01,Costa Rica,Daniel Alonso Chacón Salas,False,0.0
2022-12-01,Costa Rica,Roan Roberto Wilson Gordon,False,0.0
2022-12-01,Costa Rica,Álvaro José Zamora Mata,False,0.0
2022-12-01,Costa Rica,Anthony William Hernández González,False,0.0
2022-11-27,Japan,Eiji Kawashima,False,0.0
2022-11-27,Japan,Maya Yoshida,True,90.0
2022-11-27,Japan,Hiroki Sakai,False,0.0
2022-11-27,Japan,Yuto Nagatomo,True,45.0
2022-11-27,Japan,Gaku Shibasaki,False,0.0
2022-11-27,Japan,Ritsu Doan,True,66.18333333333334
2022-11-27,Japan,Takumi Minamino,False,8.183333333333337
2022-11-27,Japan,Takuma Asano,False,45.0
2022-11-27,Japan,Daichi Kamada,True,90.0
2022-11-27,Japan,Junya Ito,False,23.816666666666663
2022-11-27,Japan,Wataru Endo,True,90.0
2022-11-27,Japan,Takehiro Tomiyasu,False,0.0
2022-11-27,Japan,Shūichi Gonda,True,90.0
2022-11-27,Japan,Daniel Schmidt,False,0.0
2022-11-27,Japan,Ko Itakura,True,90.0
2022-11-27,Japan,Daizen Maeda,False,0.0
2022-11-27,Japan,Takefusa Kubo,False,0.0
2022-11-27,Japan,Yuki Soma,True,81.81666666666666
2022-11-27,Japan,Ao Tanaka,False,0.0
2022-11-27,Japan,Miki Yamane,True,61.56666666666667
2022-11-27,Japan,Kaoru Mitoma,False,28.43333333333333
2022-11-27,Japan,Shogo Taniguchi,False,0.0
2022-11-27,Japan,Hidemasa Morita,True,90.0
2022-11-27,Japan,Ayase Ueda,True,45.0
2022-11-27,Japan,Hiroki Ito,False,45.0
2022-11-27,Japan,Shuto Machino,False,0.0
2022-11-27,Costa Rica,Joel Nathaniel Campbell Samuels,True,94.33333333333333
2022-11-27,Costa Rica,Celso Borges Mora,True,88.81666666666666
2022-11-27,Costa Rica,Bryan Ruiz González,False,0.0
2022-11-27,Costa Rica,Johan Alberto Venegas Ulloa,False,0.0
2022-11-27,Costa Rica,Keylor Navas Gamboa,True,90.0
2022-11-27,Costa Rica,Óscar Esau Duarte Gaitán,True,90.0
2022-11-27,Costa Rica,Francisco Javier Calvo Quesada,True,90.0
2022-11-27,Costa Rica,Bryan Oviedo,True,90.0
2022-11-27,Costa Rica,Yeltsin Ignacio Tejeda Valverde,True,89.68333333333334
2022-11-27,Costa Rica,Kendall Jamaal Waston Manley,True,90.0
2022-11-27,Costa Rica,Ronald Alberto Matarrita Ulate,False,0.0
2022-11-27,Costa Rica,Juan Pablo Vargas Campos,False,0.0
2022-11-27,Costa Rica,Patrick Gilmar Sequeira Mejías,False,0.0
2022-11-27,Costa Rica,Brandon Aguilera Zamora,False,30.450000000000003
2022-11-27,Costa Rica,Keysher Fuller Spence,True,90.0
2022-11-27,Costa Rica,Esteban Alvarado Brown,False,0.0
2022-11-27,Costa Rica,Carlos Manuel Martínez Castro,False,0.0
2022-11-27,Costa Rica,Anthony Daniel Contreras Enríquez,True,64.45
2022-11-27,Costa Rica,Gerson Torres Barrantes,True,64.06666666666666
2022-11-27,Costa Rica,Jewison Bennette,False,30.066666666666663
2022-11-27,Costa Rica,Douglas Andrey López Araya,False,0.0
2022-11-27,Costa Rica,Youstin Delfin Salas Gómez,False,1.1833333333333371
2022-11-27,Costa Rica,Daniel Alonso Chacón Salas,False,0.18333333333333712
2022-11-27,Costa Rica,Roan Roberto Wilson Gordon,False,0.0
2022-11-27,Costa Rica,Álvaro José Zamora Mata,False,0.0
2022-11-27,Costa Rica,Anthony William Hernández González,False,0.0
2022-12-18,France,Marcus Thuram,False,48.983333333333334
2022-12-18,France,Kylian Mbappé Lottin,True,90.0
2022-12-18,France,Adrien Rabiot,True,95.16666666666667
2022-12-18,France,Hugo Lloris,True,90.0
2022-12-18,France,Alphonse Areola,False,0.0
2022-12-18,France,Steve Mandanda,False,0.0
2022-12-18,France,Olivier Giroud,True,41.016666666666666
2022-12-18,France,Jules Koundé,True,169.25
2022-12-18,France,Benjamin Pavard,False,0.0
2022-12-18,France,Ousmane Dembélé,True,40.53333333333333
2022-12-18,France,Raphaël Varane,True,161.13333333333333
2022-12-18,France,Antoine Griezmann,True,70.48333333333333
2022-12-18,France,Theo Bernard François Hernández,True,70.45
2022-12-18,France,Jordan Veretout,False,0.0
2022-12-18,France,Mattéo Guendouzi Olié,False,0.0
2022-12-18,France,Axel Disasi,False,0.0
2022-12-18,France,Kingsley Coman,False,19.516666666666666
2022-12-18,France,Dayotchanculle Upamecano,True,90.0
2022-12-18,France,Aurélien Djani Tchouaméni,True,90.0
2022-12-18,France,Ibrahima Konaté,False,0.0
2022-12-18,France,Youssouf Fofana,False,0.0
2022-12-18,France,William Saliba,False,0.0
2022-12-18,France,Randal Kolo Muani,False,49.46666666666667
2022-12-18,France,Eduardo Camavinga,False,19.549999999999997
2022-12-18,Argentina,Ángel Fabián Di María Hernández,True,63.85
2022-12-18,Argentina,Nicolás Hernán Otamendi,True,90.0
2022-12-18,Argentina,Lionel Andrés Messi Cuccittini,True,177.21666666666667
2022-12-18,Argentina,Nicolás Alejandro Tagliafico,True,120.76666666666667
2022-12-18,Argentina,Paulo Bruno Exequiel Dybala,False,0.03333333333333144
2022-12-18,Argentina,Franco Armani,False,0.0
2022-12-18,Argentina,Ángel Martín Correa,False,0.0
2022-12-18,Argentina,Gerónimo Rulli,False,0.0
2022-12-18,Argentina,Damián Emiliano Martínez,True,90.0
2022-12-18,Argentina,Alejandro Darío Gómez,False,0.0
2022-12-18,Argentina,Germán Alejandro Pezzella,False,0.1666666666666714
2022-12-18,Argentina,Rodrigo Javier De Paul,True,101.61666666666666
2022-12-18,Argentina,Lautaro Javier Martínez,False,13.716666666666669
2022-12-18,Argentina,Leandro Daniel Paredes,False,0.6500000000000057
2022-12-18,Argentina,Marcos Javier Acuña,False,44.68333333333333
2022-12-18,Argentina,Cristian Gabriel Romero,True,90.0
2022-12-18,Argentina,Juan Marcos Foyth,False,0.0
2022-12-18,Argentina,Guido Rodríguez,False,0.0
2022-12-18,Argentina,Lisandro Martínez,False,0.0
2022-12-18,Argentina,Alexis Mac Allister,True,115.36666666666666
2022-12-18,Argentina,Gonzalo Ariel Montiel,False,13.266666666666666
2022-12-18,Argentina,Exequiel Alejandro Palacios,False,0.0
2022-12-18,Argentina,Thiago Ezequiel Almada,False,0.0
2022-12-18,Argentina,Nahuel Molina Lucero,True,90.0
2022-12-18,Argentina,Julián Álvarez,True,101.81666666666666
2022-12-18,Argentina,Enzo Fernandez,True,102.26666666666667
2022-12-17,Croatia,Nikola Vlašić,False,28.93333333333333
2022-12-17,Croatia,Dejan Lovren,False,0.0
2022-12-17,Croatia,Mateo Kovačić,True,90.0
2022-12-17,Croatia,Andrej Kramarić,True,60.466666666666676
2022-12-17,Croatia,Luka Modrić,True,90.0
2022-12-17,Croatia,Domagoj Vida,False,0.0
2022-12-17,Croatia,Marcelo Brozović,False,0.0
2022-12-17,Croatia,Ivan Perišić,True,90.0
2022-12-17,Croatia,Bruno Petković,False,22.566666666666663
2022-12-17,Croatia,Ante Budimir,False,0.0
2022-12-17,Croatia,Borna Barišić,False,0.0
2022-12-17,Croatia,Mario Pašalić,False,23.08333333333333
2022-12-17,Croatia,Borna Sosa,False,0.0
2022-12-17,Croatia,Mislav Oršić,True,94.86666666666666
2022-12-17,Croatia,Dominik Livaković,True,90.0
2022-12-17,Croatia,Marko Livaja,True,66.96666666666667
2022-12-17,Croatia,Ivica Ivušić,False,0.0
2022-12-17,Croatia,Lovro Majer,True,66.91666666666667
2022-12-17,Croatia,Josip Juranović,False,0.0
2022-12-17,Croatia,Ivo Grbić,False,0.0
2022-12-17,Croatia,Kristijan Jakić,False,0.0
2022-12-17,Croatia,Martin Erlić,False,0.0
2022-12-17,Croatia,Joško Gvardiol,True,90.0
2022-12-17,Croatia,Josip Šutalo,True,90.0
2022-12-17,Croatia,Luka Sučić,False,0.0
2022-12-17,Croatia,Josip Stanišić,True,90.0
2022-12-17,Morocco,Sofiane Boufal,True,63.28333333333333
2022-12-17,Morocco,Abdelhamid Sabiri,True,45.0
2022-12-17,Morocco,Romain Saïss,False,0.0
2022-12-17,Morocco,Munir Mohand Mohamedi,False,0.0
2022-12-17,Morocco,Sofyan Amrabat,True,90.0
2022-12-17,Morocco,Hakim Ziyech,True,90.0
2022-12-17,Morocco,Achraf Hakimi Mouh,True,90.0
2022-12-17,Morocco,Youssef En-Nesyri,True,90.0
2022-12-17,Morocco,Yassine Bounou,True,90.0
2022-12-17,Morocco,Jawad El Yamiq,True,66.8
2022-12-17,Morocco,Nayef Aguerd,False,0.0
2022-12-17,Morocco,Ilias Chair,False,45.0
2022-12-17,Morocco,Zakaria Aboukhlal,False,0.0
2022-12-17,Morocco,Selim Amallah,False,23.200000000000003
2022-12-17,Morocco,Yahia Attiyat allah,True,90.0
2022-12-17,Morocco,Azzedine Ounahi,False,34.96666666666667
2022-12-17,Morocco,Abderrazak Hamdallah,False,0.0
2022-12-17,Morocco,Badr Banoun,False,26.6
2022-12-17,Morocco,Yahya Jabrane,False,0.0
2022-12-17,Morocco,Anass Zaroury,False,26.71666666666667
2022-12-17,Morocco,Ahmed Reda Tagnaouti,False,0.0
2022-12-17,Morocco,Achraf Dari,True,63.4
2022-12-17,Morocco,Abdessamad Ezzalzouli,False,0.0
2022-12-17,Morocco,Bilal El Khannous,True,55.03333333333333
2022-12-17,Morocco,Walid Cheddira,False,0.0
2022-12-02,Switzerland,Granit Xhaka,True,90.0
2022-12-02,Switzerland,Xherdan Shaqiri,True,68.28333333333333
2022-12-02,Switzerland,Edimilson Fernandes,False,22.150000000000006
2022-12-02,Switzerland,Fabian Lukas Schär,True,90.0
2022-12-02,Switzerland,Denis Lemi Zakaria Lako Lado,False,21.71666666666667
2022-12-02,Switzerland,Haris Seferović,False,0.0
2022-12-02,Switzerland,Ricardo Iván Rodríguez Araya,True,90.0
2022-12-02,Switzerland,Breel-Donald Embolo,True,95.4
2022-12-02,Switzerland,Manuel Obafemi Akanji,True,90.0
2022-12-02,Switzerland,Remo Freuler,True,90.0
2022-12-02,Switzerland,Silvan Widmer,True,90.0
2022-12-02,Switzerland,Fabian Frei,False,0.0
2022-12-02,Switzerland,Renato Steffen,False,0.0
2022-12-02,Switzerland,Michel Aebischer,False,0.0
2022-12-02,Switzerland,Christian Fassnacht,False,7.150000000000006
2022-12-02,Switzerland,Djibril Sow,True,67.85
2022-12-02,Switzerland,Gregor Kobel,True,90.0
2022-12-02,Switzerland,Jonas Omlin,False,0.0
2022-12-02,Switzerland,Noah Okafor,False,0.0
2022-12-02,Switzerland,Eray Ervin Cömert,False,0.0
2022-12-02,Switzerland,Ruben Vargas,True,82.85
2022-12-02,Switzerland,Ardon Jashari,False,0.0
2022-12-02,Switzerland,Fabian Rieder,False,0.0
2022-12-02,Serbia,Marko Grujić,False,0.0
2022-12-02,Serbia,Dušan Tadić,True,77.58333333333333
2022-12-02,Serbia,Aleksandar Mitrović,True,90.0
2022-12-02,Serbia,Sergej Milinković-Savić,True,66.98333333333333
2022-12-02,Serbia,Filip Kostić,True,90.0
2022-12-02,Serbia,Nikola Milenković,True,90.0
2022-12-02,Serbia,Nemanja Radonjić,False,12.333333333333329
2022-12-02,Serbia,Andrija Živković,True,77.66666666666667
2022-12-02,Serbia,Luka Jović,False,35.75
2022-12-02,Serbia,Milos Veljkovic,True,54.03333333333333
2022-12-02,Serbia,Saša Lukić,True,90.0
2022-12-02,Serbia,Marko Dmitrović,False,0.0
2022-12-02,Serbia,Nemanja Maksimović,False,23.016666666666666
2022-12-02,Serbia,Filip Đuričić,False,10.283333333333346
2022-12-02,Serbia,Darko Lazović,False,0.0
2022-12-02,Serbia,Filip Mladenović,False,0.0
2022-12-02,Serbia,Stefan Mitrović,False,0.0
2022-12-02,Serbia,Predrag Rajković,False,0.0
2022-12-02,Serbia,Nemanja Gudelj,False,35.96666666666667
2022-12-02,Serbia,Dušan Vlahović,True,54.25
2022-12-02,Serbia,Srđan Babić,False,0.0
2022-12-02,Serbia,Vanja Milinković Savić,True,90.0
2022-12-02,Serbia,Uroš Račić,False,0.0
2022-12-02,Serbia,Strahinja Pavlović,True,90.0
2022-12-02,Serbia,Ivan Ilić,False,0.0
2022-12-02,Serbia,Strahinja Eraković,False,0.0
2022-12-03,Argentina,Ángel Fabián Di María Hernández,False,0.0
2022-12-03,Argentina,Nicolás Hernán Otamendi,True,90.0
2022-12-03,Argentina,Lionel Andrés Messi Cuccittini,True,90.0
2022-12-03,Argentina,Nicolás Alejandro Tagliafico,False,18.683333333333337
2022-12-03,Argentina,Paulo Bruno Exequiel Dybala,False,0.0
2022-12-03,Argentina,Franco Armani,False,0.0
2022-12-03,Argentina,Ángel Martín Correa,False,0.0
2022-12-03,Argentina,Gerónimo Rulli,False,0.0
2022-12-03,Argentina,Damián Emiliano Martínez,True,90.0
2022-12-03,Argentina,Alejandro Darío Gómez,True,49.11666666666667
2022-12-03,Argentina,Germán Alejandro Pezzella,False,0.0
2022-12-03,Argentina,Rodrigo Javier De Paul,True,90.0
2022-12-03,Argentina,Lautaro Javier Martínez,False,19.0
2022-12-03,Argentina,Leandro Daniel Paredes,False,0.0
2022-12-03,Argentina,Marcos Javier Acuña,True,71.31666666666666
2022-12-03,Argentina,Cristian Gabriel Romero,True,90.0
2022-12-03,Argentina,Juan Marcos Foyth,False,0.0
2022-12-03,Argentina,Guido Rodríguez,False,0.0
2022-12-03,Argentina,Lisandro Martínez,False,40.88333333333333
2022-12-03,Argentina,Alexis Mac Allister,True,79.28333333333333
2022-12-03,Argentina,Gonzalo Ariel Montiel,False,10.716666666666669
2022-12-03,Argentina,Exequiel Alejandro Palacios,False,10.75
2022-12-03,Argentina,Thiago Ezequiel Almada,False,0.0
2022-12-03,Argentina,Nahuel Molina Lucero,True,79.25
2022-12-03,Argentina,Julián Álvarez,True,71.0
2022-12-03,Argentina,Enzo Fernandez,True,90.0
2022-12-03,Australia,Mathew Ryan,True,90.0
2022-12-03,Australia,Aaron Mooy,True,90.0
2022-12-03,Australia,Aziz Eraltay Behich,True,90.0
2022-12-03,Australia,Mathew Leckie,True,71.8
2022-12-03,Australia,Jackson Irvine,True,90.0
2022-12-03,Australia,Craig Goodwin,False,32.13333333333333
2022-12-03,Australia,Ajdin Hrustic,False,32.13333333333333
2022-12-03,Australia,Jason Cummings,False,0.0
2022-12-03,Australia,Jamie MacLaren,False,18.200000000000003
2022-12-03,Australia,Miloš Degenek,True,71.81666666666666
2022-12-03,Australia,Danny Vuković,False,0.0
2022-12-03,Australia,Harry Souttar,True,90.0
2022-12-03,Australia,Bailey Wright,False,0.0
2022-12-03,Australia,Awer Mabil,False,0.0
2022-12-03,Australia,Fran Karačić,False,18.183333333333337
2022-12-03,Australia,Thomas Deng,False,0.0
2022-12-03,Australia,Joel King,False,0.0
2022-12-03,Australia,Riley McGree,True,57.86666666666667
2022-12-03,Australia,Keanu Baccus,True,57.86666666666667
2022-12-03,Australia,Mitchell Thomas Duke,True,71.8
2022-12-03,Australia,Kye Rowles,True,90.0
2022-12-03,Australia,Cameron Peter Devlin,False,0.0
2022-12-03,Australia,Andrew Redmayne,False,0.0
2022-12-03,Australia,Nathaniel Atkinson,False,0.0
2022-12-03,Australia,Marco Tilio,False,0.0
2022-12-03,Australia,Garang Kuol,False,18.200000000000003
2022-11-30,Denmark,Christian Dannemann Eriksen,True,90.0
2022-11-30,Denmark,Pierre-Emile Højbjerg,True,90.0
2022-11-30,Denmark,Kasper Schmeichel,True,90.0
2022-11-30,Denmark,Andreas Christensen,True,90.0
2022-11-30,Denmark,Martin Braithwaite Christensen,True,58.21666666666667
2022-11-30,Denmark,Jens Stryger Larsen,False,0.0
2022-11-30,Denmark,Simon Thorup Kjær,False,0.0
2022-11-30,Denmark,Yussuf Yurary Poulsen,False,0.0
2022-11-30,Denmark,Andreas Evald Cornelius,False,20.650000000000006
2022-11-30,Denmark,Kasper Dolberg,False,31.78333333333333
2022-11-30,Denmark,Daniel Wass,False,0.0
2022-11-30,Denmark,Christian Nørgaard,False,0.0
2022-11-30,Denmark,Joachim Andersen,True,90.0
2022-11-30,Denmark,Frederik Rønnow,False,0.0
2022-11-30,Denmark,Rasmus Nissen Kristensen,True,45.0
2022-11-30,Denmark,Robert Skov,False,21.066666666666663
2022-11-30,Denmark,Joakim Mæhle,True,69.35
2022-11-30,Denmark,Andreas Skov Olsen,True,68.93333333333334
2022-11-30,Denmark,Victor Nelsson,False,0.0
2022-11-30,Denmark,Mathias Jensen,True,58.5
2022-11-30,Denmark,Jonas Older Wind,False,0.0
2022-11-30,Denmark,Mikkel Damsgaard,False,31.5
2022-11-30,Denmark,Alexander Hartmann Bah,False,45.0
2022-11-30,Denmark,Oliver Christensen,False,0.0
2022-11-30,Denmark,Jesper Lindstrøm,True,90.0
2022-11-30,Australia,Mathew Ryan,True,90.0
2022-11-30,Australia,Aaron Mooy,True,90.0
2022-11-30,Australia,Aziz Eraltay Behich,True,90.0
2022-11-30,Australia,Mathew Leckie,True,88.13333333333334
2022-11-30,Australia,Jackson Irvine,True,90.0
2022-11-30,Australia,Craig Goodwin,True,45.0
2022-11-30,Australia,Ajdin Hrustic,False,1.86666666666666
2022-11-30,Australia,Jason Cummings,False,0.0
2022-11-30,Australia,Jamie MacLaren,False,8.13333333333334
2022-11-30,Australia,Miloš Degenek,True,90.0
2022-11-30,Australia,Danny Vuković,False,0.0
2022-11-30,Australia,Harry Souttar,True,90.0
2022-11-30,Australia,Bailey Wright,False,16.75
2022-11-30,Australia,Awer Denis Bul Mabil,False,0.0
2022-11-30,Australia,Fran Karačić,False,0.0
2022-11-30,Australia,Thomas Deng,False,0.0
2022-11-30,Australia,Joel King,False,0.0
2022-11-30,Australia,Riley McGree,True,73.25
2022-11-30,Australia,Keanu Baccus,False,45.0
2022-11-30,Australia,Mitchell Thomas Duke,True,81.86666666666666
2022-11-30,Australia,Kye Rowles,True,90.0
2022-11-30,Australia,Cameron Peter Devlin,False,0.0
2022-11-30,Australia,Andrew Redmayne,False,0.0
2022-11-30,Australia,Nathaniel Atkinson,False,0.0
2022-11-30,Australia,Marco Tilio,False,0.0
2022-11-30,Australia,Garang Kuol,False,0.0
2022-11-24,Brazil,Danilo Luiz da Silva,True,90.0
2022-11-24,Brazil,Ederson Santana de Moraes,False,0.0
2022-11-24,Brazil,Gabriel Fernando de Jesus,False,11.683333333333337
2022-11-24,Brazil,Fábio Henrique Tavares,False,0.0
2022-11-24,Brazil,Richarlison de Andrade,True,78.31666666666666
2022-11-24,Brazil,Thiago Emiliano da Silva,True,90.0
2022-11-24,Brazil,Neymar da Silva Santos Junior,True,79.15
2022-11-24,Brazil,Daniel Alves da Silva,False,0.0
2022-11-24,Brazil,Marcos Aoás Corrêa,True,90.0
2022-11-24,Brazil,Carlos Henrique Casimiro,True,90.0
2022-11-24,Brazil,Alisson Ramsés Becker,True,90.0
2022-11-24,Brazil,Alex Sandro Lobo Silva,True,90.0
2022-11-24,Brazil,Frederico Rodrigues Santos,False,15.200000000000003
2022-11-24,Brazil,Raphael Dias Belloli,True,86.9
2022-11-24,Brazil,Alex Nicolao Telles,False,0.0
2022-11-24,Brazil,Gleison Bremer Silva Nascimento,False,0.0
2022-11-24,Brazil,Éder Gabriel Militão,False,0.0
2022-11-24,Brazil,Vinícius José Paixão de Oliveira Júnior,True,75.2
2022-11-24,Brazil,Lucas Tolentino Coelho de Lima,True,74.8
2022-11-24,Brazil,Weverton Pereira da Silva,False,0.0
2022-11-24,Brazil,Rodrygo Silva de Goes,False,14.799999999999997
2022-11-24,Brazil,Bruno Guimarães Rodriguez Moura,False,0.0
2022-11-24,Brazil,Éverton Augusto de Barros Ribeiro,False,0.0
2022-11-24,Brazil,Pedro Guilherme Abreu dos Santos,False,0.0
2022-11-24,Brazil,Antony Matheus dos Santos,False,10.849999999999994
2022-11-24,Brazil,Gabriel Teodoro Martinelli Silva,False,3.0999999999999943
2022-11-24,Serbia,Marko Grujić,False,0.0
2022-11-24,Serbia,Dušan Tadić,True,90.0
2022-11-24,Serbia,Aleksandar Mitrović,True,82.9
2022-11-24,Serbia,Sergej Milinković-Savić,True,90.0
2022-11-24,Serbia,Filip Kostić,False,0.0
2022-11-24,Serbia,Nikola Milenković,True,90.0
2022-11-24,Serbia,Nemanja Radonjić,False,33.266666666666666
2022-11-24,Serbia,Andrija Živković,True,56.733333333333334
2022-11-24,Serbia,Luka Jović,False,0.0
2022-11-24,Serbia,Milos Veljkovic,True,90.0
2022-11-24,Serbia,Saša Lukić,True,65.13333333333334
2022-11-24,Serbia,Marko Dmitrović,False,0.0
2022-11-24,Serbia,Nemanja Maksimović,False,7.099999999999994
2022-11-24,Serbia,Filip Đuričić,False,0.0
2022-11-24,Serbia,Darko Lazović,False,24.86666666666666
2022-11-24,Serbia,Filip Mladenović,True,65.31666666666666
2022-11-24,Serbia,Stefan Mitrović,False,0.0
2022-11-24,Serbia,Predrag Rajković,False,0.0
2022-11-24,Serbia,Nemanja Gudelj,True,56.38333333333333
2022-11-24,Serbia,Dušan Vlahović,False,24.683333333333337
2022-11-24,Serbia,Srđan Babić,False,0.0
2022-11-24,Serbia,Vanja Milinković Savić,True,90.0
2022-11-24,Serbia,Uroš Račić,False,0.0
2022-11-24,Serbia,Strahinja Pavlović,True,90.0
2022-11-24,Serbia,Ivan Ilić,False,33.61666666666667
2022-11-24,Serbia,Strahinja Eraković,False,0.0
2022-11-26,Tunisia,Wahbi Khazri,False,23.21666666666667
2022-11-26,Tunisia,Naïm Sliti,True,90.0
2022-11-26,Tunisia,Ellyes Joris Skhiri,True,90.0
2022-11-26,Tunisia,Ali Maâloul,False,0.0
2022-11-26,Tunisia,Ferjani Sassi,False,45.0
2022-11-26,Tunisia,Yassine Meriah,True,90.0
2022-11-26,Tunisia,Mouez Hassen,False,0.0
2022-11-26,Tunisia,Dylan Daniel Mahmoud Bronn,True,72.71666666666667
2022-11-26,Tunisia,Aymen Mathlouthi,False,0.0
2022-11-26,Tunisia,Ghilane Chalali,False,0.0
2022-11-26,Tunisia,Mohamed Dräger,True,44.550000000000004
2022-11-26,Tunisia,Issam Jebali,True,72.71666666666667
2022-11-26,Tunisia,Youssef Msakni,True,90.0
2022-11-26,Tunisia,Nader Ghandri,False,0.0
2022-11-26,Tunisia,Ali Abdi,True,90.0
2022-11-26,Tunisia,Montassar Omar Talbi,True,90.0
2022-11-26,Tunisia,Anis Ben Slimane,False,0.0
2022-11-26,Tunisia,Aïssa Bilal Laïdouni,True,66.78333333333333
2022-11-26,Tunisia,Hannibal Mejbri,False,0.0
2022-11-26,Tunisia,Seifeddine Jaziri,False,0.0
2022-11-26,Tunisia,Mohamed Ali Ben Romdhane,False,0.0
2022-11-26,Tunisia,Aymen Dahmen,True,90.0
2022-11-26,Tunisia,Wajdi Kechrida,False,17.28333333333333
2022-11-26,Tunisia,Taha Yassine Khenissi,False,17.28333333333333
2022-11-26,Tunisia,Bechir Ben Said,False,0.0
2022-11-26,Tunisia,Bilel Ifa,False,0.0
2022-11-26,Australia,Mathew Ryan,True,90.0
2022-11-26,Australia,Aaron Mooy,True,90.0
2022-11-26,Australia,Aziz Eraltay Behich,True,90.0
2022-11-26,Australia,Mathew Leckie,True,83.73333333333333
2022-11-26,Australia,Jackson Irvine,True,90.0
2022-11-26,Australia,Craig Goodwin,True,84.53333333333333
2022-11-26,Australia,Ajdin Hrustic,False,26.916666666666664
2022-11-26,Australia,Jason Cummings,False,0.0
2022-11-26,Australia,Jamie MacLaren,False,26.983333333333334
2022-11-26,Australia,Miloš Degenek,False,15.183333333333337
2022-11-26,Australia,Danny Vuković,False,0.0
2022-11-26,Australia,Harry Souttar,True,90.0
2022-11-26,Australia,Bailey Wright,False,0.0
2022-11-26,Australia,Awer Denis Bul Mabil,False,5.466666666666669
2022-11-26,Australia,Fran Karačić,True,74.81666666666666
2022-11-26,Australia,Thomas Deng,False,0.0
2022-11-26,Australia,Joel King,False,0.0
2022-11-26,Australia,Riley McGree,True,63.083333333333336
2022-11-26,Australia,Keanu Baccus,False,5.533333333333331
2022-11-26,Australia,Mitchell Thomas Duke,True,63.016666666666666
2022-11-26,Australia,Kye Rowles,True,90.0
2022-11-26,Australia,Cameron Peter Devlin,False,0.0
2022-11-26,Australia,Andrew Redmayne,False,0.0
2022-11-26,Australia,Marco Tilio,False,0.0
2022-11-26,Australia,Garang Kuol,False,0.0
2022-11-29,Senegal,Ismaïla Sarr,True,90.0
2022-11-29,Senegal,Youssouf Sabaly,True,95.13333333333334
2022-11-29,Senegal,Idrissa Gana Gueye,True,95.13333333333334
2022-11-29,Senegal,Fodé Ballo Touré,False,0.0
2022-11-29,Senegal,Cheikhou Kouyaté,False,0.0
2022-11-29,Senegal,Nampalys Mendy,False,16.150000000000006
2022-11-29,Senegal,Kalidou Koulibaly,True,95.13333333333334
2022-11-29,Senegal,Edouard Mendy,True,90.0
2022-11-29,Senegal,Abdou Diallo,True,90.0
2022-11-29,Senegal,Alfred Benjamin Gomis,False,0.0
2022-11-29,Senegal,Mamadou Loum N'Diaye,False,0.0
2022-11-29,Senegal,Famara Diedhiou,False,0.0
2022-11-29,Senegal,Pape Abou Cissé,False,0.4166666666666714
2022-11-29,Senegal,Timothy Dieng,False,0.0
2022-11-29,Senegal,Boulaye Dia,True,94.71666666666667
2022-11-29,Senegal,Krépin Diatta,False,0.0
2022-11-29,Senegal,Pape Gueye,True,90.0
2022-11-29,Senegal,Pathé Ismaël Ciss,True,73.85
2022-11-29,Senegal,Ismail Jakobs,True,95.13333333333334
2022-11-29,Senegal,Moustapha Name,False,0.0
2022-11-29,Senegal,Formose Mendy,False,0.0
2022-11-29,Senegal,Nicolas Jackson,False,0.0
2022-11-29,Senegal,Pape Matar Sarr,False,0.0
2022-11-29,Senegal,Iliman Ndiaye,True,74.05
2022-11-29,Senegal,Cheikh Ahmadou Bamba Mbacke Dieng,False,15.950000000000003
2022-11-29,Senegal,Moussa N''Diaye,False,0.0
2022-11-29,Ecuador,Carlos Armando Gruezo Arboleda,True,45.0
2022-11-29,Ecuador,Romario Andrés Ibarra Mina,False,0.0
2022-11-29,Ecuador,Diego José Palacios Espinoza,False,0.0
2022-11-29,Ecuador,Pervis Josué Estupiñán Tenorio,True,88.88333333333334
2022-11-29,Ecuador,Xavier Ricardo Arreaga Bermello,False,0.0
2022-11-29,Ecuador,Robert Abel Arboleda Escobar,False,0.0
2022-11-29,Ecuador,Ángel Israel Mena Delgado,False,0.0
2022-11-29,Ecuador,Enner Remberto Valencia Lastra,True,90.0
2022-11-29,Ecuador,Felix Eduardo Torres Caicedo,True,90.0
2022-11-29,Ecuador,Gonzalo Jordy Plata Jiménez,True,90.0
2022-11-29,Ecuador,Alexander Domínguez Carabalí,False,0.0
2022-11-29,Ecuador,Eduar Ayrton Preciado García,False,0.0
2022-11-29,Ecuador,Michael Steveen Estrada Martínez,True,63.266666666666666
2022-11-29,Ecuador,José Adoni Cifuentes Charcopa,False,45.0
2022-11-29,Ecuador,Hernán Ismael Galíndez,True,90.0
2022-11-29,Ecuador,Moisés Isaac Caicedo Corozo,True,89.6
2022-11-29,Ecuador,Angelo Smit Preciado Quiñónez,True,84.48333333333333
2022-11-29,Ecuador,Wellington Moisés Ramírez Preciado,False,0.0
2022-11-29,Ecuador,Alan Steven Franco Palma,True,45.0
2022-11-29,Ecuador,Piero Martín Hincapié Reyna,True,90.0
2022-11-29,Ecuador,Jeremy Leonel Sarmiento Morante,False,45.0
2022-11-29,Ecuador,Willian Joel Pacho Tenorio,False,0.0
2022-11-29,Ecuador,Jackson Gabriel Porozo Vernaza,False,5.233333333333334
2022-11-29,Ecuador,Djorkaeff Neicer Reasco González,False,26.733333333333334
2022-11-29,Ecuador,Kevin José Rodríguez Cortez,False,0.0
2022-11-24,South Korea,Heung-Min Son,True,90.0
2022-11-24,South Korea,Chang-Hoon Kwon,False,0.0
2022-11-24,South Korea,Young-Gwon Kim,True,90.0
2022-11-24,South Korea,Woo-Young Jung,True,90.0
2022-11-24,South Korea,Hyeon-Woo Jo,False,0.0
2022-11-24,South Korea,Hee-Chan Hwang,False,0.0
2022-11-24,South Korea,Jae-Sung Lee,True,73.63333333333334
2022-11-24,South Korea,Chul Hong,False,0.0
2022-11-24,South Korea,Woo-Yeong Jeong,False,0.0
2022-11-24,South Korea,Kang-In Lee,False,15.950000000000003
2022-11-24,South Korea,Seung-Ho Paik,False,0.0
2022-11-24,South Korea,In-Beom Hwang,True,90.0
2022-11-24,South Korea,Ui-Jo Hwang,True,73.56666666666666
2022-11-24,South Korea,Seung-Gyu Kim,True,90.0
2022-11-24,South Korea,Jin-Su Kim,True,90.0
2022-11-24,South Korea,Gue-Sung Cho,False,16.433333333333337
2022-11-24,South Korea,Bum-Keun Song,False,0.0
2022-11-24,South Korea,Jun-Ho Son,False,16.36666666666666
2022-11-24,South Korea,Kyung-Won Kwon,False,0.0
2022-11-24,South Korea,Tae-Hwan Kim,False,0.0
2022-11-24,South Korea,Min-Kyu Song,False,0.0
2022-11-24,South Korea,Moon-Hwan Kim,True,90.0
2022-11-24,South Korea,Jong-Gyu Yoon,False,0.0
2022-11-24,South Korea,Sang-Ho Na,True,74.05
2022-11-24,South Korea,Min Jae Kim,True,89.5
2022-11-24,South Korea,Yu-Min Cho,False,0.0
2022-11-24,Uruguay,Edinson Roberto Cavani Gómez,False,26.4
2022-11-24,Uruguay,Luis Alberto Suárez Díaz,True,63.6
2022-11-24,Uruguay,José Martín Cáceres Silva,True,90.0
2022-11-24,Uruguay,Diego Roberto Godín Leal,True,90.0
2022-11-24,Uruguay,Matías Vecino Falero,True,77.83333333333333
2022-11-24,Uruguay,Giorgian Daniel De Arrascaeta Benedetti,False,0.0
2022-11-24,Uruguay,José María Giménez de Vargas,True,90.0
2022-11-24,Uruguay,Rodrigo Bentancur Colmán,True,90.0
2022-11-24,Uruguay,Guillermo Varela Olivera,False,2.63333333333334
2022-11-24,Uruguay,Lucas Torreira Di Pascua,False,0.0
2022-11-24,Uruguay,Néstor Fernando Muslera Micol,False,0.0
2022-11-24,Uruguay,Maximiliano Gómez González,False,0.0
2022-11-24,Uruguay,Sebastián Coates Nión,False,0.0
2022-11-24,Uruguay,Federico Santiago Valverde Dipetta,True,90.0
2022-11-24,Uruguay,Mathías Olivera Miramontes,True,78.28333333333333
2022-11-24,Uruguay,Carlos Sebastián Sosa Silva,False,0.0
2022-11-24,Uruguay,Diego Nicolás De La Cruz Arcosa,False,12.166666666666671
2022-11-24,Uruguay,Darwin Gabriel Núñez Ribeiro,True,90.0
2022-11-24,Uruguay,José Luis Rodríguez Bebanz,False,0.0
2022-11-24,Uruguay,Matías Nicolás Viña Susperreguy,False,11.716666666666669
2022-11-24,Uruguay,Facundo Pellistri Rebollo,True,87.36666666666666
2022-11-24,Uruguay,Manuel Ugarte Ribeiro,False,0.0
2022-11-24,Uruguay,Agustín Canobbio Graviz,False,0.0
2022-11-24,Uruguay,Sergio Rochet Álvarez,True,90.0
2022-11-24,Uruguay,Facundo Daniel Torres Pérez,False,0.0
2022-12-10,Portugal,Bernardo Mota Veiga de Carvalho e Silva,True,90.0
2022-12-10,Portugal,João Mário Naval da Costa Eduardo,False,0.0
2022-12-10,Portugal,Bruno Miguel Borges Fernandes,True,90.0
2022-12-10,Portugal,Rui Pedro dos Santos Patrício,False,0.0
2022-12-10,Portugal,Rúben Santos Gato Alves Dias,True,90.0
2022-12-10,Portugal,Cristiano Ronaldo dos Santos Aveiro,False,39.21666666666667
2022-12-10,Portugal,Raphaël Adelino José Guerreiro,True,50.71666666666667
2022-12-10,Portugal,William Silva de Carvalho,False,0.0
2022-12-10,Portugal,André Miguel Valente Silva,False,0.0
2022-12-10,Portugal,João Pedro Cavaco Cancelo,False,39.28333333333333
2022-12-10,Portugal,Rúben Diogo Da Silva Neves,True,50.78333333333333
2022-12-10,Portugal,Ricardo Jorge Luz Horta,False,11.333333333333329
2022-12-10,Portugal,Otávio Edmilson da Silva Monteiro,True,68.48333333333333
2022-12-10,Portugal,João Félix Sequeira,True,90.0
2022-12-10,Portugal,João Maria Lobo Alves Palhinha Gonçalves,False,0.0
2022-12-10,Portugal,José Diogo Dalot Teixeira,True,78.66666666666667
2022-12-10,Portugal,Rafael Alexandre Conceição Leão,False,21.650000000000006
2022-12-10,Portugal,José Pedro Malheiro de Sá,False,0.0
2022-12-10,Portugal,Kléper Laveran Lima Ferreira,True,90.0
2022-12-10,Portugal,Diogo Meireles Costa,True,90.0
2022-12-10,Portugal,Vitor Machado Ferreira,False,21.516666666666666
2022-12-10,Portugal,Gonçalo Matias Ramos,True,68.35
2022-12-10,Portugal,Matheus Luiz Nunes,False,0.0
2022-12-10,Portugal,António João Pereira Albuquerque Tavares Silva,False,0.0
2022-12-10,Morocco,Sofiane Boufal,True,80.73333333333332
2022-12-10,Morocco,Abdelhamid Sabiri,False,0.0
2022-12-10,Morocco,Romain Saïss,True,56.95
2022-12-10,Morocco,Munir Mohand Mohamedi,False,0.0
2022-12-10,Morocco,Sofyan Amrabat,True,92.86666666666666
2022-12-10,Morocco,Hakim Ziyech,True,79.44999999999999
2022-12-10,Morocco,Achraf Hakimi Mouh,True,90.0
2022-12-10,Morocco,Youssef En-Nesyri,True,64.0
2022-12-10,Morocco,Yassine Bounou,True,90.0
2022-12-10,Morocco,Jawad El Yamiq,True,90.0
2022-12-10,Morocco,Ilias Chair,False,0.0
2022-12-10,Morocco,Zakaria Aboukhlal,False,12.283333333333331
2022-12-10,Morocco,Selim Amallah,True,63.766666666666666
2022-12-10,Morocco,Yahia Attiyat allah,True,90.0
2022-12-10,Morocco,Azzedine Ounahi,True,92.86666666666666
2022-12-10,Morocco,Abderrazak Hamdallah,False,0.0
2022-12-10,Morocco,Badr Banoun,False,26.0
2022-12-10,Morocco,Yahya Jabrane,False,12.0
2022-12-10,Morocco,Anass Zaroury,False,0.0
2022-12-10,Morocco,Ahmed Reda Tagnaouti,False,0.0
2022-12-10,Morocco,Achraf Dari,False,33.05
2022-12-10,Morocco,Abdessamad Ezzalzouli,False,0.0
2022-12-10,Morocco,Bilal El Khannous,False,0.0
2022-12-10,Morocco,Walid Cheddira,False,29.099999999999994
2022-11-30,Saudi Arabia,Abdullah Ibrahim Otayf,False,0.0
2022-11-30,Saudi Arabia,Salem Mohammed Al Dawsari,True,90.0
2022-11-30,Saudi Arabia,Hattan Babhir,False,3.0999999999999943
2022-11-30,Saudi Arabia,Mohammed Kanoo,True,90.0
2022-11-30,Saudi Arabia,Mohammed Khalil Al Owais,True,90.0
2022-11-30,Saudi Arabia,Ali Albulayhi,True,36.03333333333333
2022-11-30,Saudi Arabia,Abdulelah Al Amri,True,90.0
2022-11-30,Saudi Arabia,Ali Al Hassan,True,45.0
2022-11-30,Saudi Arabia,Firas Tariq Nasser Al Albirakan,True,90.0
2022-11-30,Saudi Arabia,Abdullah Mohammed Madu,False,44.733333333333334
2022-11-30,Saudi Arabia,Saleh Khalid Al Shehri,True,61.05
2022-11-30,Saudi Arabia,Riyadh Sharahili,False,53.96666666666667
2022-11-30,Saudi Arabia,Hassan Mohammed Al-Tambakti,True,90.0
2022-11-30,Saudi Arabia,Sami Khalil Al Naji,False,0.0
2022-11-30,Saudi Arabia,Mohammed Al Rubaie Al Yami,False,0.0
2022-11-30,Saudi Arabia,Abdulrahman Al-Obood,False,29.433333333333337
2022-11-30,Saudi Arabia,Saud Abdullah Abdul Hamid,True,90.0
2022-11-30,Saudi Arabia,Nawaf Shaker Al Abid,False,0.0
2022-11-30,Saudi Arabia,Nawaf Alaqidi,False,0.0
2022-11-30,Saudi Arabia,Sultan Abdullah Salim Al Ghannam,True,87.38333333333334
2022-11-30,Saudi Arabia,Nasser Al Dawsari,False,0.0
2022-11-30,Saudi Arabia,Haitham Mohammed Asiri,False,0.0
2022-11-30,Mexico,José Andrés Guardado Hernández,False,0.0
2022-11-30,Mexico,Edson Omar Álvarez Velázquez,True,85.85
2022-11-30,Mexico,Raúl Alonso Jiménez Rodríguez,False,15.383333333333326
2022-11-30,Mexico,Hirving Rodrigo Lozano Bahena,True,90.0
2022-11-30,Mexico,Héctor Alfredo Moreno Herrera,True,90.0
2022-11-30,Mexico,Héctor Miguel Herrera López,False,0.0
2022-11-30,Mexico,Jesús Daniel Gallardo Vasconcelos,True,90.0
2022-11-30,Mexico,Francisco Guillermo Ochoa Magaña,True,90.0
2022-11-30,Mexico,Néstor Alejandro Araújo Razo,False,0.0
2022-11-30,Mexico,Carlos Uriel Antuna Romero,False,45.0
2022-11-30,Mexico,Érick Gabriel Gutiérrez Galaviz,False,0.0
2022-11-30,Mexico,Orbelín Pineda Alvarado,True,76.38333333333334
2022-11-30,Mexico,Carlos Alberto Rodríguez Gómez,False,13.61666666666666
2022-11-30,Mexico,Ernesto Alexis Vega Rojas,True,45.0
2022-11-30,Mexico,Rogelio Gabriel Funes Mori,False,6.0
2022-11-30,Mexico,Johan Felipe Vásquez Ibarra,False,0.0
2022-11-30,Mexico,César Jasib Montes Castro,True,90.0
2022-11-30,Mexico,Roberto Carlos Alvarado Hernández,False,0.0
2022-11-30,Mexico,Luis Francisco Romo Barrón,False,0.0
2022-11-30,Mexico,Alfredo Talavera Díaz,False,0.0
2022-11-30,Mexico,Henry Josué Martín Mex,True,76.46666666666667
2022-11-30,Mexico,Jorge Eduardo Sánchez Ramos,True,85.71666666666667
2022-11-30,Mexico,Gerardo Daniel Arteaga Zamora,False,0.0
2022-11-30,Mexico,Rodolfo Cota Robles,False,0.0
2022-11-30,Mexico,Luis Gerardo Chávez Magallón,True,90.0
2022-11-30,Mexico,Kevin Nahin Álvarez Campos,False,4.283333333333331
2022-11-30,Argentina,Ángel Fabián Di María Hernández,True,58.3
2022-11-30,Argentina,Nicolás Hernán Otamendi,True,90.0
2022-11-30,Argentina,Lionel Andrés Messi Cuccittini,True,90.0
2022-11-30,Argentina,Nicolás Alejandro Tagliafico,False,31.549999999999997
2022-11-30,Argentina,Paulo Bruno Exequiel Dybala,False,0.0
2022-11-30,Argentina,Franco Armani,False,0.0
2022-11-30,Argentina,Ángel Martín Correa,False,0.0
2022-11-30,Argentina,Gerónimo Rulli,False,0.0
2022-11-30,Argentina,Damián Emiliano Martínez,True,90.0
2022-11-30,Argentina,Alejandro Darío Gómez,False,0.0
2022-11-30,Argentina,Germán Alejandro Pezzella,False,11.599999999999994
2022-11-30,Argentina,Rodrigo Javier De Paul,True,90.0
2022-11-30,Argentina,Lautaro Javier Martínez,False,11.916666666666671
2022-11-30,Argentina,Leandro Daniel Paredes,False,31.700000000000003
2022-11-30,Argentina,Marcos Javier Acuña,True,58.45
2022-11-30,Argentina,Cristian Gabriel Romero,True,90.0
2022-11-30,Argentina,Juan Marcos Foyth,False,0.0
2022-11-30,Argentina,Guido Rodríguez,False,0.0
2022-11-30,Argentina,Lisandro Martínez,False,0.0
2022-11-30,Argentina,Alexis Mac Allister,True,82.78333333333333
2022-11-30,Argentina,Gonzalo Ariel Montiel,False,0.0
2022-11-30,Argentina,Exequiel Alejandro Palacios,False,0.0
2022-11-30,Argentina,Thiago Ezequiel Almada,False,7.216666666666669
2022-11-30,Argentina,Nahuel Molina Lucero,True,90.0
2022-11-30,Argentina,Julián Álvarez,True,78.08333333333331
2022-11-30,Argentina,Enzo Fernandez,True,78.4
2022-11-30,Poland,Kamil Glik,True,90.0
2022-11-30,Poland,Grzegorz Krychowiak,True,82.95
2022-11-30,Poland,Jan Bednarek,False,0.0
2022-11-30,Poland,Sebastian Szymański,False,0.0
2022-11-30,Poland,Robert Gumny,False,0.0
2022-11-30,Poland,Artur Jędrzejczyk,False,18.0
2022-11-30,Poland,Matty Cash,True,90.0
2022-11-30,Poland,Piotr Zieliński,True,90.0
2022-11-30,Poland,Arkadiusz Milik,False,0.0
2022-11-30,Poland,Kamil Grosicki,False,0.0
2022-11-30,Poland,Robert Lewandowski,True,90.0
2022-11-30,Poland,Wojciech Szczęsny,True,90.0
2022-11-30,Poland,Bartosz Bereszyński,True,71.55
2022-11-30,Poland,Przemysław Frankowski,True,45.0
2022-11-30,Poland,Szymon Żurkowski,False,0.0
2022-11-30,Poland,Mateusz Wieteska,False,0.0
2022-11-30,Poland,Damian Szymański,False,28.25
2022-11-30,Poland,Karol Świderski,True,45.0
2022-11-30,Poland,Łukasz Skorupski,False,0.0
2022-11-30,Poland,Krystian Bielik,True,61.75
2022-11-30,Poland,Krzysztof Piątek,False,7.049999999999997
2022-11-30,Poland,Kamil Grabara,False,0.0
2022-11-30,Poland,Michał Skóraś,False,45.0
2022-11-30,Poland,Jakub Kamiński,False,45.0
2022-11-30,Poland,Jakub Piotr Kiwior,True,90.0
2022-11-30,Poland,Nicola Zalewski,False,0.0
2022-11-26,Argentina,Ángel Fabián Di María Hernández,True,68.8
2022-11-26,Argentina,Nicolás Hernán Otamendi,True,90.0
2022-11-26,Argentina,Lionel Andrés Messi Cuccittini,True,90.0
2022-11-26,Argentina,Nicolás Alejandro Tagliafico,False,0.0
2022-11-26,Argentina,Paulo Bruno Exequiel Dybala,False,0.0
2022-11-26,Argentina,Franco Armani,False,0.0
2022-11-26,Argentina,Ángel Martín Correa,False,0.0
2022-11-26,Argentina,Gerónimo Rulli,False,0.0
2022-11-26,Argentina,Damián Emiliano Martínez,True,90.0
2022-11-26,Argentina,Alejandro Darío Gómez,False,0.0
2022-11-26,Argentina,Germán Alejandro Pezzella,False,0.0
2022-11-26,Argentina,Rodrigo Javier De Paul,True,90.0
2022-11-26,Argentina,Lautaro Javier Martínez,True,62.43333333333333
2022-11-26,Argentina,Leandro Daniel Paredes,False,0.0
2022-11-26,Argentina,Marcos Javier Acuña,True,90.0
2022-11-26,Argentina,Cristian Gabriel Romero,False,21.200000000000003
2022-11-26,Argentina,Juan Marcos Foyth,False,0.0
2022-11-26,Argentina,Guido Rodríguez,True,56.766666666666666
2022-11-26,Argentina,Lisandro Martínez,True,90.0
2022-11-26,Argentina,Alexis Mac Allister,True,68.26666666666667
2022-11-26,Argentina,Gonzalo Ariel Montiel,True,62.1
2022-11-26,Argentina,Exequiel Alejandro Palacios,False,21.733333333333334
2022-11-26,Argentina,Thiago Ezequiel Almada,False,0.0
2022-11-26,Argentina,Nahuel Molina Lucero,False,27.46666666666667
2022-11-26,Argentina,Julián Álvarez,False,27.56666666666667
2022-11-26,Argentina,Enzo Fernandez,False,33.233333333333334
2022-11-26,Mexico,José Andrés Guardado Hernández,True,40.86666666666667
2022-11-26,Mexico,Edson Omar Álvarez Velázquez,False,0.0
2022-11-26,Mexico,Raúl Alonso Jiménez Rodríguez,False,24.650000000000006
2022-11-26,Mexico,Hirving Rodrigo Lozano Bahena,True,72.3
2022-11-26,Mexico,Héctor Alfredo Moreno Herrera,True,90.0
2022-11-26,Mexico,Héctor Miguel Herrera López,True,90.0
2022-11-26,Mexico,Jesús Daniel Gallardo Vasconcelos,True,90.0
2022-11-26,Mexico,Francisco Guillermo Ochoa Magaña,True,90.0
2022-11-26,Mexico,Néstor Alejandro Araújo Razo,True,90.0
2022-11-26,Mexico,Carlos Uriel Antuna Romero,False,24.63333333333334
2022-11-26,Mexico,Érick Gabriel Gutiérrez Galaviz,False,49.13333333333333
2022-11-26,Mexico,Orbelín Pineda Alvarado,False,0.0
2022-11-26,Mexico,Carlos Alberto Rodríguez Gómez,False,0.0
2022-11-26,Mexico,Ernesto Alexis Vega Rojas,True,65.36666666666666
2022-11-26,Mexico,Rogelio Gabriel Funes Mori,False,0.0
2022-11-26,Mexico,Johan Felipe Vásquez Ibarra,False,0.0
2022-11-26,Mexico,César Jasib Montes Castro,True,90.0
2022-11-26,Mexico,Roberto Carlos Alvarado Hernández,False,17.700000000000003
2022-11-26,Mexico,Luis Francisco Romo Barrón,False,0.0
2022-11-26,Mexico,Alfredo Talavera Díaz,False,0.0
2022-11-26,Mexico,Henry Josué Martín Mex,False,0.0
2022-11-26,Mexico,Jorge Eduardo Sánchez Ramos,False,0.0
2022-11-26,Mexico,Gerardo Daniel Arteaga Zamora,False,0.0
2022-11-26,Mexico,Rodolfo Cota Robles,False,0.0
2022-11-26,Mexico,Luis Gerardo Chávez Magallón,True,90.0
2022-11-26,Mexico,Kevin Nahin Álvarez Campos,True,65.35
2022-12-06,Portugal,Bernardo Mota Veiga de Carvalho e Silva,True,80.65
2022-12-06,Portugal,João Mário Naval da Costa Eduardo,False,0.0
2022-12-06,Portugal,Bruno Miguel Borges Fernandes,True,86.66666666666667
2022-12-06,Portugal,Rui Pedro dos Santos Patrício,False,0.0
2022-12-06,Portugal,Rúben Santos Gato Alves Dias,True,90.0
2022-12-06,Portugal,Cristiano Ronaldo dos Santos Aveiro,False,17.183333333333337
2022-12-06,Portugal,Raphaël Adelino José Guerreiro,True,90.0
2022-12-06,Portugal,William Silva de Carvalho,True,90.0
2022-12-06,Portugal,André Miguel Valente Silva,False,0.0
2022-12-06,Portugal,João Pedro Cavaco Cancelo,False,0.0
2022-12-06,Portugal,Rúben Diogo Da Silva Neves,False,9.349999999999994
2022-12-06,Portugal,Ricardo Jorge Luz Horta,False,17.41666666666667
2022-12-06,Portugal,Otávio Edmilson da Silva Monteiro,True,73.06666666666666
2022-12-06,Portugal,João Félix Sequeira,True,72.81666666666666
2022-12-06,Portugal,João Maria Lobo Alves Palhinha Gonçalves,False,0.0
2022-12-06,Portugal,José Diogo Dalot Teixeira,True,90.0
2022-12-06,Portugal,Rafael Alexandre Conceição Leão,False,3.3333333333333286
2022-12-06,Portugal,José Pedro Malheiro de Sá,False,0.0
2022-12-06,Portugal,Kléper Laveran Lima Ferreira,True,90.0
2022-12-06,Portugal,Diogo Meireles Costa,True,90.0
2022-12-06,Portugal,Vitor Machado Ferreira,False,16.933333333333337
2022-12-06,Portugal,Gonçalo Matias Ramos,True,72.58333333333333
2022-12-06,Portugal,Matheus Luiz Nunes,False,0.0
2022-12-06,Portugal,António João Pereira Albuquerque Tavares Silva,False,0.0
2022-12-06,Switzerland,Granit Xhaka,True,90.46666666666667
2022-12-06,Switzerland,Xherdan Shaqiri,True,90.46666666666667
2022-12-06,Switzerland,Edimilson Fernandes,True,90.0
2022-12-06,Switzerland,Fabian Lukas Schär,True,44.53333333333333
2022-12-06,Switzerland,Denis Lemi Zakaria Lako Lado,False,36.86666666666667
2022-12-06,Switzerland,Haris Seferović,False,36.56666666666667
2022-12-06,Switzerland,Ricardo Iván Rodríguez Araya,True,90.0
2022-12-06,Switzerland,Breel-Donald Embolo,True,88.6
2022-12-06,Switzerland,Manuel Obafemi Akanji,True,90.0
2022-12-06,Switzerland,Yann Sommer,True,90.0
2022-12-06,Switzerland,Remo Freuler,True,53.6
2022-12-06,Switzerland,Fabian Frei,False,0.0
2022-12-06,Switzerland,Nico Elvedi,False,0.0
2022-12-06,Switzerland,Renato Steffen,False,0.0
2022-12-06,Switzerland,Michel Aebischer,False,0.0
2022-12-06,Switzerland,Christian Fassnacht,False,0.0
2022-12-06,Switzerland,Djibril Sow,True,53.9
2022-12-06,Switzerland,Gregor Kobel,False,0.0
2022-12-06,Switzerland,Jonas Omlin,False,0.0
2022-12-06,Switzerland,Noah Okafor,False,24.75
2022-12-06,Switzerland,Eray Ervin Cömert,False,45.0
2022-12-06,Switzerland,Ruben Vargas,True,65.71666666666667
2022-12-06,Switzerland,Ardon Jashari,False,1.8666666666666742
2022-12-06,Switzerland,Philipp Köhn,False,0.0
2022-12-06,Switzerland,Fabian Rieder,False,0.0
2022-12-04,Senegal,Ismaïla Sarr,True,90.0
2022-12-04,Senegal,Youssouf Sabaly,True,90.0
2022-12-04,Senegal,Fodé Ballo Touré,False,6.099999999999994
2022-12-04,Senegal,Nampalys Mendy,True,90.0
2022-12-04,Senegal,Kalidou Koulibaly,True,90.0
2022-12-04,Senegal,Edouard Mendy,True,90.0
2022-12-04,Senegal,Abdou Diallo,True,90.0
2022-12-04,Senegal,Alfred Benjamin Gomis,False,0.0
2022-12-04,Senegal,Mamadou Loum N''Diaye,False,0.0
2022-12-04,Senegal,Famara Diedhiou,False,18.88333333333334
2022-12-04,Senegal,Pape Abou Cissé,False,0.0
2022-12-04,Senegal,Timothy Dieng,False,0.0
2022-12-04,Senegal,Boulaye Dia,True,71.11666666666666
2022-12-04,Senegal,Krépin Diatta,True,45.0
2022-12-04,Senegal,Pape Gueye,False,45.0
2022-12-04,Senegal,Pathé Ismaël Ciss,True,45.0
2022-12-04,Senegal,Ismail Jakobs,True,83.9
2022-12-04,Senegal,Moustapha Name,False,0.0
2022-12-04,Senegal,Formose Mendy,False,0.0
2022-12-04,Senegal,Nicolas Jackson,False,0.0
2022-12-04,Senegal,Pape Matar Sarr,False,45.0
2022-12-04,Senegal,Iliman Ndiaye,True,45.016666666666666
2022-12-04,Senegal,Cheikh Ahmadou Bamba Mbacke Dieng,False,44.983333333333334
2022-12-04,Senegal,Moussa N''Diaye,False,0.0
2022-12-04,England,Kyle Walker,True,90.0
2022-12-04,England,John Stones,True,76.16666666666667
2022-12-04,England,Kieran Trippier,False,0.0
2022-12-04,England,Marcus Rashford,False,25.683333333333337
2022-12-04,England,Harry Maguire,True,90.0
2022-12-04,England,Luke Shaw,True,90.0
2022-12-04,England,Jordan Pickford,True,90.0
2022-12-04,England,Nick Pope,False,0.0
2022-12-04,England,Jordan Brian Henderson,True,81.15
2022-12-04,England,Callum Wilson,False,0.0
2022-12-04,England,Trent Alexander-Arnold,False,0.0
2022-12-04,England,Declan Rice,True,90.0
2022-12-04,England,Philip Foden,True,64.45
2022-12-04,England,Kalvin Phillips,False,8.849999999999994
2022-12-04,England,Mason Mount,False,14.083333333333329
2022-12-04,England,Jack Grealish,False,25.549999999999997
2022-12-04,England,James Maddison,False,0.0
2022-12-04,England,Conor Coady,False,0.0
2022-12-04,England,Harry Kane,True,90.0
2022-12-04,England,Eric Dier,False,13.833333333333329
2022-12-04,England,Bukayo Saka,True,64.31666666666666
2022-12-04,England,Aaron Ramsdale,False,0.0
2022-12-04,England,Conor Gallagher,False,0.0
2022-12-04,England,Jude Bellingham,True,75.91666666666667
2022-12-13,Argentina,Ángel Fabián Di María Hernández,False,0.0
2022-12-13,Argentina,Nicolás Hernán Otamendi,True,90.0
2022-12-13,Argentina,Lionel Andrés Messi Cuccittini,True,90.0
2022-12-13,Argentina,Nicolás Alejandro Tagliafico,True,90.0
2022-12-13,Argentina,Paulo Bruno Exequiel Dybala,False,16.21666666666667
2022-12-13,Argentina,Franco Armani,False,0.0
2022-12-13,Argentina,Ángel Martín Correa,False,4.400000000000006
2022-12-13,Argentina,Gerónimo Rulli,False,0.0
2022-12-13,Argentina,Damián Emiliano Martínez,True,90.0
2022-12-13,Argentina,Germán Alejandro Pezzella,False,0.0
2022-12-13,Argentina,Rodrigo Javier De Paul,True,73.63333333333334
2022-12-13,Argentina,Lautaro Javier Martínez,False,0.0
2022-12-13,Argentina,Leandro Daniel Paredes,True,61.46666666666667
2022-12-13,Argentina,Cristian Gabriel Romero,True,90.0
2022-12-13,Argentina,Juan Marcos Foyth,False,4.049999999999997
2022-12-13,Argentina,Guido Rodríguez,False,0.0
2022-12-13,Argentina,Lisandro Martínez,False,28.53333333333333
2022-12-13,Argentina,Alexis Mac Allister,True,85.6
2022-12-13,Argentina,Exequiel Alejandro Palacios,False,16.36666666666666
2022-12-13,Argentina,Thiago Ezequiel Almada,False,0.0
2022-12-13,Argentina,Nahuel Molina Lucero,True,85.95
2022-12-13,Argentina,Julián Álvarez,True,73.78333333333333
2022-12-13,Argentina,Enzo Fernandez,True,90.0
2022-12-13,Croatia,Nikola Vlašić,False,45.0
2022-12-13,Croatia,Dejan Lovren,True,90.0
2022-12-13,Croatia,Mateo Kovačić,True,90.0
2022-12-13,Croatia,Andrej Kramarić,True,71.78333333333333
2022-12-13,Croatia,Luka Modrić,True,80.66666666666667
2022-12-13,Croatia,Domagoj Vida,False,0.0
2022-12-13,Croatia,Marcelo Brozović,True,49.71666666666667
2022-12-13,Croatia,Ivan Perišić,True,90.0
2022-12-13,Croatia,Bruno Petković,False,40.28333333333333
2022-12-13,Croatia,Ante Budimir,False,0.0
2022-12-13,Croatia,Borna Barišić,False,0.0
2022-12-13,Croatia,Mario Pašalić,True,45.0
2022-12-13,Croatia,Borna Sosa,True,45.0
2022-12-13,Croatia,Mislav Oršić,False,45.0
2022-12-13,Croatia,Dominik Livaković,True,90.0
2022-12-13,Croatia,Marko Livaja,False,18.21666666666667
2022-12-13,Croatia,Ivica Ivušić,False,0.0
2022-12-13,Croatia,Lovro Majer,False,9.333333333333329
2022-12-13,Croatia,Josip Juranović,True,90.0
2022-12-13,Croatia,Ivo Grbić,False,0.0
2022-12-13,Croatia,Kristijan Jakić,False,0.0
2022-12-13,Croatia,Martin Erlić,False,0.0
2022-12-13,Croatia,Joško Gvardiol,True,90.0
2022-12-13,Croatia,Josip Šutalo,False,0.0
2022-12-13,Croatia,Luka Sučić,False,0.0
2022-12-13,Croatia,Josip Stanišić,False,0.0
2022-12-10,France,Marcus Thuram,False,0.0
2022-12-10,France,Kylian Mbappé Lottin,True,90.0
2022-12-10,France,Adrien Rabiot,True,90.0
2022-12-10,France,Hugo Lloris,True,90.0
2022-12-10,France,Alphonse Areola,False,0.0
2022-12-10,France,Steve Mandanda,False,0.0
2022-12-10,France,Olivier Giroud,True,90.0
2022-12-10,France,Jules Koundé,True,90.0
2022-12-10,France,Benjamin Pavard,False,0.0
2022-12-10,France,Ousmane Dembélé,True,78.61666666666666
2022-12-10,France,Raphaël Varane,True,90.0
2022-12-10,France,Antoine Griezmann,True,90.0
2022-12-10,France,Theo Bernard François Hernández,True,90.0
2022-12-10,France,Jordan Veretout,False,0.0
2022-12-10,France,Mattéo Guendouzi Olié,False,0.0
2022-12-10,France,Axel Disasi,False,0.0
2022-12-10,France,Kingsley Coman,False,11.38333333333334
2022-12-10,France,Dayotchanculle Upamecano,True,90.0
2022-12-10,France,Aurélien Djani Tchouaméni,True,90.0
2022-12-10,France,Ibrahima Konaté,False,0.0
2022-12-10,France,Youssouf Fofana,False,0.0
2022-12-10,France,William Saliba,False,0.0
2022-12-10,France,Randal Kolo Muani,False,0.0
2022-12-10,France,Eduardo Camavinga,False,0.0
2022-12-10,England,Kyle Walker,True,90.0
2022-12-10,England,Raheem Sterling,False,11.150000000000006
2022-12-10,England,John Stones,True,97.06666666666666
2022-12-10,England,Kieran Trippier,False,0.0
2022-12-10,England,Marcus Rashford,False,5.533333333333331
2022-12-10,England,Harry Maguire,True,90.0
2022-12-10,England,Luke Shaw,True,90.0
2022-12-10,England,Jordan Pickford,True,90.0
2022-12-10,England,Nick Pope,False,0.0
2022-12-10,England,Jordan Brian Henderson,True,78.8
2022-12-10,England,Callum Wilson,False,0.0
2022-12-10,England,Trent Alexander-Arnold,False,0.0
2022-12-10,England,Declan Rice,True,97.35
2022-12-10,England,Philip Foden,True,84.46666666666667
2022-12-10,England,Kalvin Phillips,False,0.0
2022-12-10,England,Mason Mount,False,11.200000000000003
2022-12-10,England,Jack Grealish,False,0.28333333333333144
2022-12-10,England,James Maddison,False,0.0
2022-12-10,England,Conor Coady,False,0.0
2022-12-10,England,Harry Kane,True,90.0
2022-12-10,England,Eric Dier,False,0.0
2022-12-10,England,Bukayo Saka,True,78.85
2022-12-10,England,Aaron Ramsdale,False,0.0
2022-12-10,England,Conor Gallagher,False,0.0
2022-12-10,England,Jude Bellingham,True,97.35
2022-12-14,France,Marcus Thuram,False,25.25
2022-12-14,France,Kylian Mbappé Lottin,True,89.28333333333335
2022-12-14,France,Hugo Lloris,True,90.0
2022-12-14,France,Alphonse Areola,False,0.0
2022-12-14,France,Steve Mandanda,False,0.0
2022-12-14,France,Olivier Giroud,True,64.75
2022-12-14,France,Jules Koundé,True,90.0
2022-12-14,France,Benjamin Pavard,False,0.0
2022-12-14,France,Ousmane Dembélé,True,78.11666666666666
2022-12-14,France,Raphaël Varane,True,90.0
2022-12-14,France,Antoine Griezmann,True,90.0
2022-12-14,France,Theo Bernard François Hernández,True,90.0
2022-12-14,France,Jordan Veretout,False,0.0
2022-12-14,France,Mattéo Guendouzi Olié,False,0.0
2022-12-14,France,Axel Disasi,False,0.0
2022-12-14,France,Kingsley Coman,False,0.0
2022-12-14,France,Dayotchanculle Upamecano,False,0.0
2022-12-14,France,Aurélien Djani Tchouaméni,True,90.0
2022-12-14,France,Ibrahima Konaté,True,90.0
2022-12-14,France,Youssouf Fofana,True,90.0
2022-12-14,France,William Saliba,False,0.0
2022-12-14,France,Randal Kolo Muani,False,11.88333333333334
2022-12-14,France,Eduardo Camavinga,False,0.0
2022-12-14,Morocco,Sofiane Boufal,True,66.08333333333333
2022-12-14,Morocco,Abdelhamid Sabiri,False,0.0
2022-12-14,Morocco,Romain Saïss,True,20.6
2022-12-14,Morocco,Munir Mohand Mohamedi,False,0.0
2022-12-14,Morocco,Sofyan Amrabat,True,90.0
2022-12-14,Morocco,Hakim Ziyech,True,90.0
2022-12-14,Morocco,Achraf Hakimi Mouh,True,90.0
2022-12-14,Morocco,Youssef En-Nesyri,True,65.71666666666667
2022-12-14,Morocco,Yassine Bounou,True,90.0
2022-12-14,Morocco,Jawad El Yamiq,True,90.0
2022-12-14,Morocco,Nayef Aguerd,False,0.0
2022-12-14,Morocco,Noussair Mazraoui,True,45.0
2022-12-14,Morocco,Ilias Chair,False,0.0
2022-12-14,Morocco,Zakaria Aboukhlal,False,23.91666666666667
2022-12-14,Morocco,Selim Amallah,False,56.916666666666664
2022-12-14,Morocco,Yahia Attiyat allah,False,45.0
2022-12-14,Morocco,Azzedine Ounahi,True,90.0
2022-12-14,Morocco,Abderrazak Hamdallah,False,24.28333333333333
2022-12-14,Morocco,Badr Banoun,False,0.0
2022-12-14,Morocco,Yahya Jabrane,False,0.0
2022-12-14,Morocco,Anass Zaroury,False,0.0
2022-12-14,Morocco,Ahmed Reda Tagnaouti,False,0.0
2022-12-14,Morocco,Achraf Dari,True,90.0
2022-12-14,Morocco,Abdessamad Ezzalzouli,False,12.483333333333334
2022-12-14,Morocco,Bilal El Khannous,False,0.0
2022-12-09,Brazil,Danilo Luiz da Silva,True,168.83333333333331
2022-12-09,Brazil,Ederson Santana de Moraes,False,0.0
2022-12-09,Brazil,Fábio Henrique Tavares,False,0.0
2022-12-09,Brazil,Richarlison de Andrade,True,83.3
2022-12-09,Brazil,Thiago Emiliano da Silva,True,105.75
2022-12-09,Brazil,Neymar da Silva Santos Junior,True,90.0
2022-12-09,Brazil,Daniel Alves da Silva,False,0.0
2022-12-09,Brazil,Marcos Aoás Corrêa,True,105.75
2022-12-09,Brazil,Carlos Henrique Casimiro,True,90.0
2022-12-09,Brazil,Alisson Ramsés Becker,True,90.0
2022-12-09,Brazil,Alex Sandro Lobo Silva,False,0.7333333333333343
2022-12-09,Brazil,Frederico Rodrigues Santos,False,0.0
2022-12-09,Brazil,Raphael Dias Belloli,True,55.18333333333333
2022-12-09,Brazil,Gleison Bremer Silva Nascimento,False,0.0
2022-12-09,Brazil,Éder Gabriel Militão,True,168.1
2022-12-09,Brazil,Vinícius José Paixão de Oliveira Júnior,True,63.7
2022-12-09,Brazil,Lucas Tolentino Coelho de Lima,True,168.08333333333331
2022-12-09,Brazil,Weverton Pereira da Silva,False,0.0
2022-12-09,Brazil,Rodrygo Silva de Goes,False,0.0
2022-12-09,Brazil,Bruno Guimarães Rodriguez Moura,False,0.0
2022-12-09,Brazil,Éverton Augusto de Barros Ribeiro,False,0.0
2022-12-09,Brazil,Pedro Guilherme Abreu dos Santos,False,0.0
2022-12-09,Brazil,Antony Matheus dos Santos,False,0.0
2022-12-09,Brazil,Gabriel Teodoro Martinelli Silva,False,0.0
2022-12-09,Croatia,Nikola Vlašić,False,18.16666666666667
2022-12-09,Croatia,Dejan Lovren,True,90.0
2022-12-09,Croatia,Mateo Kovačić,True,105.0
2022-12-09,Croatia,Andrej Kramarić,True,71.9
2022-12-09,Croatia,Luka Modrić,True,109.41666666666667
2022-12-09,Croatia,Domagoj Vida,False,0.0
2022-12-09,Croatia,Marcelo Brozović,True,113.1
2022-12-09,Croatia,Ivan Perišić,True,109.41666666666667
2022-12-09,Croatia,Bruno Petković,False,18.099999999999994
2022-12-09,Croatia,Ante Budimir,False,0.0
2022-12-09,Croatia,Borna Barišić,False,0.0
2022-12-09,Croatia,Mario Pašalić,True,71.83333333333333
2022-12-09,Croatia,Borna Sosa,True,109.41666666666667
2022-12-09,Croatia,Mislav Oršić,False,0.0
2022-12-09,Croatia,Dominik Livaković,True,90.0
2022-12-09,Croatia,Marko Livaja,False,0.0
2022-12-09,Croatia,Ivica Ivušić,False,0.0
2022-12-09,Croatia,Lovro Majer,False,4.416666666666671
2022-12-09,Croatia,Josip Juranović,True,90.0
2022-12-09,Croatia,Ivo Grbić,False,0.0
2022-12-09,Croatia,Kristijan Jakić,False,0.0
2022-12-09,Croatia,Martin Erlić,False,0.0
2022-12-09,Croatia,Joško Gvardiol,True,90.0
2022-12-09,Croatia,Josip Šutalo,False,0.0
2022-12-09,Croatia,Luka Sučić,False,0.0
2022-12-09,Croatia,Josip Stanišić,False,0.0
2022-12-06,Spain,Álvaro Borja Morata Martín,False,27.43333333333333
2022-12-06,Spain,César Azpilicueta Tanco,False,0.0
2022-12-06,Spain,David Raya Martin,False,0.0
2022-12-06,Spain,Aymeric Laporte,True,90.0
2022-12-06,Spain,Jorge Resurrección Merodio,False,0.0
2022-12-06,Spain,Sergio Busquets i Burgos,True,90.0
2022-12-06,Spain,Jordi Alba Ramos,True,97.43333333333334
2022-12-06,Spain,Marco Asensio Willemsen,True,62.56666666666667
2022-12-06,Spain,Daniel Carvajal Ramos,False,0.0
2022-12-06,Spain,Carlos Soler Barragán,False,27.450000000000003
2022-12-06,Spain,Pablo Sarabia García,False,0.0
2022-12-06,Spain,Ferrán Torres García,True,75.06666666666666
2022-12-06,Spain,Rodrigo Hernández Cascante,True,90.0
2022-12-06,Spain,Marcos Llorente Moreno,True,90.0
2022-12-06,Spain,Pau Francisco Torres,False,0.0
2022-12-06,Spain,Robert Lynch Sanchez,False,0.0
2022-12-06,Spain,Unai Simón Mendibil,True,90.0
2022-12-06,Spain,Daniel Olmo Carvajal,True,97.35
2022-12-06,Spain,Pedro González López,True,90.0
2022-12-06,Spain,Anssumane Fati,False,0.0
2022-12-06,Spain,Eric García Martret,False,0.0
2022-12-06,Spain,Hugo Guillamón Sanmartín,False,0.0
2022-12-06,Spain,Alejandro Balde Martínez,False,0.0
2022-12-06,Spain,Yeremi Jesús Pino Santos,False,0.0
2022-12-06,Spain,Nicholas Williams Arthuer,False,14.933333333333337
2022-12-06,Spain,Pablo Martín Páez Gavira,True,62.55
2022-12-06,Morocco,Sofiane Boufal,True,65.86666666666666
2022-12-06,Morocco,Abdelhamid Sabiri,False,8.38333333333334
2022-12-06,Morocco,Romain Saïss,True,125.03333333333332
2022-12-06,Morocco,Munir Mohand Mohamedi,False,0.0
2022-12-06,Morocco,Sofyan Amrabat,True,125.69999999999999
2022-12-06,Morocco,Hakim Ziyech,True,90.0
2022-12-06,Morocco,Achraf Hakimi Mouh,True,125.69999999999999
2022-12-06,Morocco,Youssef En-Nesyri,True,81.61666666666666
2022-12-06,Morocco,Yassine Bounou,True,90.0
2022-12-06,Morocco,Jawad El Yamiq,False,0.0
2022-12-06,Morocco,Nayef Aguerd,True,84.0
2022-12-06,Morocco,Noussair Mazraoui,True,82.83333333333333
2022-12-06,Morocco,Ilias Chair,False,0.0
2022-12-06,Morocco,Zakaria Aboukhlal,False,0.0
2022-12-06,Morocco,Selim Amallah,True,81.58333333333333
2022-12-06,Morocco,Yahia Attiyat allah,False,7.166666666666671
2022-12-06,Morocco,Azzedine Ounahi,True,125.11666666666666
2022-12-06,Morocco,Abderrazak Hamdallah,False,0.0
2022-12-06,Morocco,Badr Banoun,False,0.5833333333333286
2022-12-06,Morocco,Yahya Jabrane,False,0.0
2022-12-06,Morocco,Anass Zaroury,False,0.0
2022-12-06,Morocco,Ahmed Reda Tagnaouti,False,0.0
2022-12-06,Morocco,Achraf Dari,False,0.0
2022-12-06,Morocco,Abdessamad Ezzalzouli,False,0.0
2022-12-06,Morocco,Bilal El Khannous,False,0.0
2022-12-06,Morocco,Walid Cheddira,False,8.416666666666671
2022-12-05,Japan,Eiji Kawashima,False,0.0
2022-12-05,Japan,Maya Yoshida,True,90.0
2022-12-05,Japan,Hiroki Sakai,False,16.099999999999994
2022-12-05,Japan,Yuto Nagatomo,True,63.28333333333333
2022-12-05,Japan,Gaku Shibasaki,False,0.0
2022-12-05,Japan,Ritsu Doan,True,86.15
2022-12-05,Japan,Takumi Minamino,False,3.8499999999999943
2022-12-05,Japan,Takuma Asano,False,26.516666666666666
2022-12-05,Japan,Daichi Kamada,True,73.9
2022-12-05,Japan,Junya Ito,True,90.0
2022-12-05,Japan,Wataru Endo,True,90.0
2022-12-05,Japan,Takehiro Tomiyasu,True,90.0
2022-12-05,Japan,Shūichi Gonda,True,90.0
2022-12-05,Japan,Daniel Schmidt,False,0.0
2022-12-05,Japan,Daizen Maeda,True,63.483333333333334
2022-12-05,Japan,Yuki Soma,False,0.0
2022-12-05,Japan,Ao Tanaka,False,14.5
2022-12-05,Japan,Miki Yamane,False,0.0
2022-12-05,Japan,Kaoru Mitoma,False,26.71666666666667
2022-12-05,Japan,Shogo Taniguchi,True,90.0
2022-12-05,Japan,Hidemasa Morita,True,120.66666666666667
2022-12-05,Japan,Ayase Ueda,False,0.0
2022-12-05,Japan,Hiroki Ito,False,0.0
2022-12-05,Japan,Shuto Machino,False,0.0
2022-12-05,Croatia,Nikola Vlašić,False,0.0
2022-12-05,Croatia,Dejan Lovren,True,90.0
2022-12-05,Croatia,Mateo Kovačić,True,98.41666666666667
2022-12-05,Croatia,Andrej Kramarić,True,67.83333333333333
2022-12-05,Croatia,Luka Modrić,True,98.35
2022-12-05,Croatia,Domagoj Vida,False,0.0
2022-12-05,Croatia,Marcelo Brozović,True,90.0
2022-12-05,Croatia,Ivan Perišić,True,135.88333333333333
2022-12-05,Croatia,Bruno Petković,True,61.31666666666667
2022-12-05,Croatia,Ante Budimir,False,28.68333333333333
2022-12-05,Croatia,Borna Barišić,True,90.0
2022-12-05,Croatia,Mario Pašalić,False,22.16666666666667
2022-12-05,Croatia,Mislav Oršić,False,0.0
2022-12-05,Croatia,Dominik Livaković,True,90.0
2022-12-05,Croatia,Marko Livaja,False,0.0
2022-12-05,Croatia,Ivica Ivušić,False,0.0
2022-12-05,Croatia,Lovro Majer,False,0.0
2022-12-05,Croatia,Josip Juranović,True,90.0
2022-12-05,Croatia,Ivo Grbić,False,0.0
2022-12-05,Croatia,Kristijan Jakić,False,0.0
2022-12-05,Croatia,Martin Erlić,False,0.0
2022-12-05,Croatia,Joško Gvardiol,True,90.0
2022-12-05,Croatia,Josip Šutalo,False,0.0
2022-12-05,Croatia,Luka Sučić,False,0.0
2022-12-05,Brazil,Danilo Luiz da Silva,True,71.73333333333333
2022-12-05,Brazil,Ederson Santana de Moraes,False,0.0
2022-12-05,Brazil,Fábio Henrique Tavares,False,0.0
2022-12-05,Brazil,Richarlison de Andrade,True,90.0
2022-12-05,Brazil,Thiago Emiliano da Silva,True,90.0
2022-12-05,Brazil,Neymar da Silva Santos Junior,True,80.28333333333333
2022-12-05,Brazil,Daniel Alves da Silva,False,27.450000000000003
2022-12-05,Brazil,Marcos Aoás Corrêa,True,90.0
2022-12-05,Brazil,Carlos Henrique Casimiro,True,90.0
2022-12-05,Brazil,Alisson Ramsés Becker,True,79.88333333333334
2022-12-05,Brazil,Frederico Rodrigues Santos,False,0.0
2022-12-05,Brazil,Raphael Dias Belloli,True,90.0
2022-12-05,Brazil,Gleison Bremer Silva Nascimento,False,18.266666666666666
2022-12-05,Brazil,Éder Gabriel Militão,True,62.55
2022-12-05,Brazil,Vinícius José Paixão de Oliveira Júnior,True,71.76666666666667
2022-12-05,Brazil,Lucas Tolentino Coelho de Lima,True,90.0
2022-12-05,Brazil,Weverton Pereira da Silva,False,10.11666666666666
2022-12-05,Brazil,Rodrygo Silva de Goes,False,9.716666666666669
2022-12-05,Brazil,Bruno Guimarães Rodriguez Moura,False,0.0
2022-12-05,Brazil,Éverton Augusto de Barros Ribeiro,False,0.0
2022-12-05,Brazil,Pedro Guilherme Abreu dos Santos,False,0.0
2022-12-05,Brazil,Antony Matheus dos Santos,False,0.0
2022-12-05,Brazil,Gabriel Teodoro Martinelli Silva,False,18.233333333333334
2022-12-05,South Korea,Heung-Min Son,True,90.0
2022-12-05,South Korea,Chang-Hoon Kwon,False,0.0
2022-12-05,South Korea,Young-Gwon Kim,True,90.0
2022-12-05,South Korea,Woo-Young Jung,True,45.0
2022-12-05,South Korea,Hyeon-Woo Jo,False,0.0
2022-12-05,South Korea,Hee-Chan Hwang,True,90.0
2022-12-05,South Korea,Jae-Sung Lee,True,73.46666666666667
2022-12-05,South Korea,Chul Hong,False,45.0
2022-12-05,South Korea,Woo-Yeong Jeong,False,0.0
2022-12-05,South Korea,Kang-In Lee,False,16.53333333333333
2022-12-05,South Korea,Seung-Ho Paik,False,25.566666666666663
2022-12-05,South Korea,In-Beom Hwang,True,64.43333333333334
2022-12-05,South Korea,Ui-Jo Hwang,False,10.483333333333334
2022-12-05,South Korea,Seung-Gyu Kim,True,90.0
2022-12-05,South Korea,Jin-Su Kim,True,45.0
2022-12-05,South Korea,Gue-Sung Cho,True,79.51666666666667
2022-12-05,South Korea,Bum-Keun Song,False,0.0
2022-12-05,South Korea,Jun-Ho Son,False,45.0
2022-12-05,South Korea,Kyung-Won Kwon,False,0.0
2022-12-05,South Korea,Tae-Hwan Kim,False,0.0
2022-12-05,South Korea,Min-Kyu Song,False,0.0
2022-12-05,South Korea,Moon-Hwan Kim,True,90.0
2022-12-05,South Korea,Jong-Gyu Yoon,False,0.0
2022-12-05,South Korea,Sang-Ho Na,False,0.0
2022-12-05,South Korea,Min Jae Kim,True,90.0
2022-12-05,South Korea,Yu-Min Cho,False,0.0
2022-12-04,France,Marcus Thuram,False,14.200000000000003
2022-12-04,France,Kylian Mbappé Lottin,True,90.0
2022-12-04,France,Adrien Rabiot,True,90.0
2022-12-04,France,Hugo Lloris,True,90.0
2022-12-04,France,Alphonse Areola,False,0.0
2022-12-04,France,Steve Mandanda,False,0.0
2022-12-04,France,Olivier Giroud,True,75.8
2022-12-04,France,Jules Koundé,True,91.58333333333333
2022-12-04,France,Benjamin Pavard,False,0.0
2022-12-04,France,Ousmane Dembélé,True,75.66666666666667
2022-12-04,France,Raphaël Varane,True,90.0
2022-12-04,France,Antoine Griezmann,True,90.0
2022-12-04,France,Theo Bernard François Hernández,True,90.0
2022-12-04,France,Jordan Veretout,False,0.0
2022-12-04,France,Mattéo Guendouzi Olié,False,0.0
2022-12-04,France,Axel Disasi,False,0.0
2022-12-04,France,Kingsley Coman,False,14.333333333333329
2022-12-04,France,Dayotchanculle Upamecano,True,90.0
2022-12-04,France,Aurélien Djani Tchouaméni,True,65.66666666666667
2022-12-04,France,Ibrahima Konaté,False,0.0
2022-12-04,France,Youssouf Fofana,False,24.33333333333333
2022-12-04,France,William Saliba,False,0.0
2022-12-04,France,Randal Kolo Muani,False,0.0
2022-12-04,France,Eduardo Camavinga,False,0.0
2022-12-04,Poland,Kamil Glik,True,90.0
2022-12-04,Poland,Grzegorz Krychowiak,True,70.46666666666667
2022-12-04,Poland,Jan Bednarek,False,3.7833333333333314
2022-12-04,Poland,Sebastian Szymański,True,63.78333333333333
2022-12-04,Poland,Robert Gumny,False,0.0
2022-12-04,Poland,Artur Jędrzejczyk,False,0.0
2022-12-04,Poland,Matty Cash,True,90.0
2022-12-04,Poland,Piotr Zieliński,True,90.0
2022-12-04,Poland,Arkadiusz Milik,False,26.21666666666667
2022-12-04,Poland,Kamil Grosicki,False,3.7666666666666657
2022-12-04,Poland,Robert Lewandowski,True,90.0
2022-12-04,Poland,Wojciech Szczęsny,True,90.0
2022-12-04,Poland,Bartosz Bereszyński,True,90.0
2022-12-04,Poland,Przemysław Frankowski,True,86.23333333333333
2022-12-04,Poland,Szymon Żurkowski,False,0.0
2022-12-04,Poland,Mateusz Wieteska,False,0.0
2022-12-04,Poland,Damian Szymański,False,0.0
2022-12-04,Poland,Karol Świderski,False,0.0
2022-12-04,Poland,Łukasz Skorupski,False,0.0
2022-12-04,Poland,Krystian Bielik,False,19.53333333333333
2022-12-04,Poland,Krzysztof Piątek,False,0.0
2022-12-04,Poland,Kamil Grabara,False,0.0
2022-12-04,Poland,Michał Skóraś,False,0.0
2022-12-04,Poland,Jakub Kamiński,True,70.28333333333333
2022-12-04,Poland,Jakub Piotr Kiwior,True,86.21666666666667
2022-12-04,Poland,Nicola Zalewski,False,19.71666666666667
2022-12-03,Netherlands,Memphis Depay,True,82.01666666666667
2022-12-03,Netherlands,Vincent Janssen,False,0.0
2022-12-03,Netherlands,Nathan Aké,True,92.91666666666667
2022-12-03,Netherlands,Daley Blind,True,90.0
2022-12-03,Netherlands,Virgil van Dijk,True,90.0
2022-12-03,Netherlands,Davy Klaassen,True,45.0
2022-12-03,Netherlands,Marten de Roon,True,45.0
2022-12-03,Netherlands,Steven Berghuis,False,0.0
2022-12-03,Netherlands,Stefan de Vrij,False,0.0
2022-12-03,Netherlands,Wout Weghorst,False,0.6999999999999886
2022-12-03,Netherlands,Remko Pasveer,False,0.0
2022-12-03,Netherlands,Teun Koopmeiners,False,45.0
2022-12-03,Netherlands,Matthijs de Ligt,False,0.0
2022-12-03,Netherlands,Frenkie de Jong,True,90.0
2022-12-03,Netherlands,Tyrell Malacia,False,0.0
2022-12-03,Netherlands,Denzel Dumfries,True,90.0
2022-12-03,Netherlands,Steven Bergwijn,False,45.0
2022-12-03,Netherlands,Andries Noppert,True,90.0
2022-12-03,Netherlands,Justin Bijlow,False,0.0
2022-12-03,Netherlands,Luuk de Jong,False,0.0
2022-12-03,Netherlands,Cody Mathès Gakpo,True,92.91666666666667
2022-12-03,Netherlands,Noa Lang,False,0.0
2022-12-03,Netherlands,Jurriën David Norman Timber,True,90.0
2022-12-03,Netherlands,Kenneth Taylor,False,0.0
2022-12-03,Netherlands,Jeremie Frimpong,False,0.0
2022-12-03,Netherlands,Xavi Simons,False,11.599999999999994
2022-12-03,United States,Timothy Weah,True,66.85
2022-12-03,United States,DeAndre Yedlin,False,16.633333333333326
2022-12-03,United States,Antonee Robinson,True,91.23333333333333
2022-12-03,United States,Shaquell Moore,False,0.0
2022-12-03,United States,Christian Pulisic,True,90.0
2022-12-03,United States,Weston McKennie,True,66.85
2022-12-03,United States,Matthew Charles Turner,True,90.0
2022-12-03,United States,Walker Zimmerman,True,90.0
2022-12-03,United States,Sean Johnson,False,0.0
2022-12-03,United States,Tyler Adams,True,90.0
2022-12-03,United States,Aaron Long,False,0.0
2022-12-03,United States,Kellyn Kai Perry-Acosta,False,0.0
2022-12-03,United States,Cristian Roldán León,False,0.0
2022-12-03,United States,Cameron Carter-Vickers,False,0.0
2022-12-03,United States,Tim Ream,True,90.0
2022-12-03,United States,Ethan Horvath,False,0.0
2022-12-03,United States,Sergino Dest,True,74.95
2022-12-03,United States,Haji Wright,False,23.150000000000006
2022-12-03,United States,Joshua Sargent,False,0.0
2022-12-03,United States,Jesus Ferreira,True,45.0
2022-12-03,United States,Jordan Morris,False,0.3499999999999943
2022-12-03,United States,Brenden Aaronson,False,23.150000000000006
2022-12-03,United States,Luca de la Torre,False,0.0
2022-12-03,United States,Giovanni Reyna,False,45.0
2022-12-03,United States,Joseph Scally,False,0.0
2022-12-03,United States,Yunus Dimoara Musah,True,90.0
2022-11-28,Portugal,Bernardo Mota Veiga de Carvalho e Silva,True,90.0
2022-11-28,Portugal,João Mário Naval da Costa Eduardo,False,0.0
2022-11-28,Portugal,Bruno Miguel Borges Fernandes,True,90.0
2022-11-28,Portugal,Rui Pedro dos Santos Patrício,False,0.0
2022-11-28,Portugal,Rúben Santos Gato Alves Dias,True,90.0
2022-11-28,Portugal,Cristiano Ronaldo dos Santos Aveiro,True,82.0
2022-11-28,Portugal,Raphaël Adelino José Guerreiro,False,48.516666666666666
2022-11-28,Portugal,William Silva de Carvalho,True,82.03333333333333
2022-11-28,Portugal,André Miguel Valente Silva,False,0.0
2022-11-28,Portugal,João Pedro Cavaco Cancelo,True,90.0
2022-11-28,Portugal,Rúben Diogo Da Silva Neves,True,68.48333333333335
2022-11-28,Portugal,Ricardo Jorge Luz Horta,False,0.0
2022-11-28,Portugal,João Félix Sequeira,True,82.0
2022-11-28,Portugal,João Maria Lobo Alves Palhinha Gonçalves,False,7.966666666666669
2022-11-28,Portugal,José Diogo Dalot Teixeira,False,0.0
2022-11-28,Portugal,Rafael Alexandre Conceição Leão,False,21.099999999999994
2022-11-28,Portugal,José Pedro Malheiro de Sá,False,0.0
2022-11-28,Portugal,Kléper Laveran Lima Ferreira,True,90.0
2022-11-28,Portugal,Diogo Meireles Costa,True,90.0
2022-11-28,Portugal,Vitor Machado Ferreira,False,0.0
2022-11-28,Portugal,Gonçalo Matias Ramos,False,8.0
2022-11-28,Portugal,Matheus Luiz Nunes,False,8.0
2022-11-28,Portugal,Nuno Mendes,True,41.483333333333334
2022-11-28,Portugal,António João Pereira Albuquerque Tavares Silva,False,0.0
2022-11-28,Uruguay,Edinson Roberto Cavani Gómez,True,72.98333333333333
2022-11-28,Uruguay,Luis Alberto Suárez Díaz,False,17.016666666666666
2022-11-28,Uruguay,José Martín Cáceres Silva,False,0.0
2022-11-28,Uruguay,Diego Roberto Godín Leal,True,61.71666666666667
2022-11-28,Uruguay,Matías Vecino Falero,True,61.55
2022-11-28,Uruguay,Giorgian Daniel De Arrascaeta Benedetti,False,28.450000000000003
2022-11-28,Uruguay,José María Giménez de Vargas,True,90.0
2022-11-28,Uruguay,Rodrigo Bentancur Colmán,True,90.0
2022-11-28,Uruguay,Guillermo Varela Olivera,True,90.0
2022-11-28,Uruguay,Lucas Torreira Di Pascua,False,0.0
2022-11-28,Uruguay,Néstor Fernando Muslera Micol,False,0.0
2022-11-28,Uruguay,Maximiliano Gómez González,False,18.25
2022-11-28,Uruguay,Sebastián Coates Nión,True,90.0
2022-11-28,Uruguay,Federico Santiago Valverde Dipetta,True,90.0
2022-11-28,Uruguay,Mathías Olivera Miramontes,True,85.18333333333334
2022-11-28,Uruguay,Carlos Sebastián Sosa Silva,False,0.0
2022-11-28,Uruguay,Diego Nicolás De La Cruz Arcosa,False,0.0
2022-11-28,Uruguay,Darwin Gabriel Núñez Ribeiro,True,71.75
2022-11-28,Uruguay,José Luis Rodríguez Bebanz,False,0.0
2022-11-28,Uruguay,Matías Nicolás Viña Susperreguy,False,4.816666666666663
2022-11-28,Uruguay,Facundo Pellistri Rebollo,False,28.28333333333333
2022-11-28,Uruguay,Manuel Ugarte Ribeiro,False,0.0
2022-11-28,Uruguay,Agustín Canobbio Graviz,False,0.0
2022-11-28,Uruguay,Sergio Rochet Álvarez,True,90.0
2022-11-28,Uruguay,Facundo Daniel Torres Pérez,False,0.0
2022-11-27,Germany,Leroy Sané,False,20.96666666666667
2022-11-27,Germany,Antonio Rüdiger,True,90.0
2022-11-27,Germany,Kevin Trapp,False,0.0
2022-11-27,Germany,Julian Brandt,False,0.0
2022-11-27,Germany,Thomas Müller,True,69.25
2022-11-27,Germany,Manuel Neuer,True,90.0
2022-11-27,Germany,Joshua Kimmich,True,90.0
2022-11-27,Germany,Niklas Süle,True,90.0
2022-11-27,Germany,Leon Goretzka,True,90.0
2022-11-27,Germany,Mario Götze,False,0.0
2022-11-27,Germany,Serge Gnabry,True,84.28333333333333
2022-11-27,Germany,Lukas Klostermann,False,20.66666666666667
2022-11-27,Germany,Thilo Kehrer,True,69.33333333333333
2022-11-27,Germany,Niclas Füllkrug,False,20.75
2022-11-27,Germany,Jonas Hofmann,False,5.716666666666669
2022-11-27,Germany,Matthias Ginter,False,0.0
2022-11-27,Germany,Christian Günter,False,0.0
2022-11-27,Germany,Kai Havertz,False,0.0
2022-11-27,Germany,İlkay Gündoğan,True,69.03333333333333
2022-11-27,Germany,David Raum,True,86.28333333333333
2022-11-27,Germany,Marc-André ter Stegen,False,0.0
2022-11-27,Germany,Nico Schlotterbeck,False,3.7166666666666686
2022-11-27,Germany,Armel Bella-Kotchap,False,0.0
2022-11-27,Germany,Karim-David Adeyemi,False,0.0
2022-11-27,Germany,Youssoufa Moukoko,False,0.0
2022-11-27,Germany,Jamal Musiala,True,90.0
2022-11-27,Spain,Álvaro Borja Morata Martín,False,36.583333333333336
2022-11-27,Spain,César Azpilicueta Tanco,False,0.0
2022-11-27,Spain,David Raya Martin,False,0.0
2022-11-27,Spain,Aymeric Laporte,True,90.0
2022-11-27,Spain,Jorge Resurrección Merodio,False,24.766666666666666
2022-11-27,Spain,Sergio Busquets i Burgos,True,90.0
2022-11-27,Spain,Jordi Alba Ramos,True,81.85
2022-11-27,Spain,Marco Asensio Willemsen,True,65.23333333333333
2022-11-27,Spain,Daniel Carvajal Ramos,True,90.0
2022-11-27,Spain,Carlos Soler Barragán,False,0.0
2022-11-27,Spain,Pablo Sarabia García,False,0.0
2022-11-27,Spain,Ferrán Torres García,True,53.416666666666664
2022-11-27,Spain,Rodrigo Hernández Cascante,True,90.0
2022-11-27,Spain,Marcos Llorente Moreno,False,0.0
2022-11-27,Spain,Pau Francisco Torres,False,0.0
2022-11-27,Spain,Robert Lynch Sanchez,False,0.0
2022-11-27,Spain,Unai Simón Mendibil,True,90.0
2022-11-27,Spain,Daniel Olmo Carvajal,True,90.0
2022-11-27,Spain,Pedro González López,True,90.0
2022-11-27,Spain,Anssumane Fati,False,0.0
2022-11-27,Spain,Eric García Martret,False,0.0
2022-11-27,Spain,Hugo Guillamón Sanmartín,False,0.0
2022-11-27,Spain,Alejandro Balde Martínez,False,8.150000000000006
2022-11-27,Spain,Yeremy Jesús Pino Santos,False,0.0
2022-11-27,Spain,Nicholas Williams Arthuer,False,24.38333333333334
2022-11-27,Spain,Pablo Martín Páez Gavira,True,65.61666666666666
2022-11-28,Cameroon,André-Frank Zambo Anguissa,True,80.31666666666666
2022-11-28,Cameroon,Jean-Eric Maxim Choupo-Moting,True,90.0
2022-11-28,Cameroon,Karl Brillant Toko Ekambi,True,66.98333333333333
2022-11-28,Cameroon,Georges-Kévin Nkoudou Mbida,False,9.650000000000006
2022-11-28,Cameroon,Bryan Mbeumo,True,80.35
2022-11-28,Cameroon,Jean-Charles Castelletto,True,90.0
2022-11-28,Cameroon,Nicolas Alexis Julio N'Koulou Ndoubena,True,90.0
2022-11-28,Cameroon,Enzo Ebosse,False,0.0
2022-11-28,Cameroon,Samuel Yves Oum Gwet,False,9.683333333333337
2022-11-28,Cameroon,Jules Olivier Ntcham,False,0.0
2022-11-28,Cameroon,Vincent Paté Aboubakar,False,35.35
2022-11-28,Cameroon,Pierre Kunde Malong,True,67.01666666666667
2022-11-28,Cameroon,Nouhou Tolo,True,90.0
2022-11-28,Cameroon,Devis Rogers Epassy Mboka,True,90.0
2022-11-28,Cameroon,Jean Pierre Nsamé,False,0.0
2022-11-28,Cameroon,Nicolas Moumi Ngamaleu,False,0.0
2022-11-28,Cameroon,Ngoran Suiru Fai Collins,True,89.16666666666666
2022-11-28,Cameroon,Olivier Mbaissidara Mbaizo,False,0.0
2022-11-28,Cameroon,Gaël Ondoua,False,22.983333333333334
2022-11-28,Cameroon,Martin Hongla Yma II,True,52.95
2022-11-28,Cameroon,Jerome Ngom Mbekeli,False,0.0
2022-11-28,Cameroon,Simon Brady Ngapandouetnbu,False,0.0
2022-11-28,Cameroon,Christian Mougang Bassogog,False,23.016666666666666
2022-11-28,Cameroon,Christopher Wooh,False,0.0
2022-11-28,Cameroon,Souaibou Marou,False,0.0
2022-11-28,Serbia,Marko Grujić,False,11.583333333333329
2022-11-28,Serbia,Dušan Tadić,True,90.0
2022-11-28,Serbia,Aleksandar Mitrović,True,89.78333333333333
2022-11-28,Serbia,Sergej Milinković-Savić,True,78.41666666666667
2022-11-28,Serbia,Filip Kostić,True,90.88333333333334
2022-11-28,Serbia,Nikola Milenković,True,90.0
2022-11-28,Serbia,Nemanja Radonjić,False,12.316666666666663
2022-11-28,Serbia,Andrija Živković,True,77.68333333333334
2022-11-28,Serbia,Luka Jović,False,0.0
2022-11-28,Serbia,Milos Veljkovic,True,77.73333333333333
2022-11-28,Serbia,Saša Lukić,True,90.0
2022-11-28,Serbia,Marko Dmitrović,False,0.0
2022-11-28,Serbia,Nemanja Maksimović,True,90.0
2022-11-28,Serbia,Filip Đuričić,False,0.0
2022-11-28,Serbia,Darko Lazović,False,0.0
2022-11-28,Serbia,Filip Mladenović,False,0.0
2022-11-28,Serbia,Stefan Mitrović,False,34.583333333333336
2022-11-28,Serbia,Predrag Rajković,False,0.0
2022-11-28,Serbia,Nemanja Gudelj,False,0.0
2022-11-28,Serbia,Dušan Vlahović,False,0.0
2022-11-28,Serbia,Srđan Babić,False,12.266666666666666
2022-11-28,Serbia,Vanja Milinković Savić,True,90.0
2022-11-28,Serbia,Uroš Račić,False,0.0
2022-11-28,Serbia,Strahinja Pavlović,True,55.416666666666664
2022-11-28,Serbia,Ivan Ilić,False,0.0
2022-11-28,Serbia,Strahinja Eraković,False,0.0
2022-11-27,Belgium,Youri Tielemans,False,30.333333333333336
2022-11-27,Belgium,Jan Vertonghen,True,90.0
2022-11-27,Belgium,Kevin De Bruyne,True,90.0
2022-11-27,Belgium,Thomas Meunier,True,80.7
2022-11-27,Belgium,Romelu Lukaku Menama,False,9.299999999999997
2022-11-27,Belgium,Michy Batshuayi Tunga,True,74.01666666666667
2022-11-27,Belgium,Thibaut Courtois,True,90.0
2022-11-27,Belgium,Simon Mignolet,False,0.0
2022-11-27,Belgium,Eden Hazard,True,59.65
2022-11-27,Belgium,Dries Mertens,False,30.35
2022-11-27,Belgium,Thorgan Hazard,True,74.05
2022-11-27,Belgium,Yannick Ferreira Carrasco,False,0.0
2022-11-27,Belgium,Axel Witsel,True,90.0
2022-11-27,Belgium,Leander Dendoncker,False,0.0
2022-11-27,Belgium,Timothy Castagne,True,90.0
2022-11-27,Belgium,Koen Casteels,False,0.0
2022-11-27,Belgium,Wout Faes,False,0.0
2022-11-27,Belgium,Ikoma Loïs Openda,False,0.0
2022-11-27,Belgium,Hans Vanaken,False,0.0
2022-11-27,Belgium,Leandro Trossard,False,15.950000000000003
2022-11-27,Belgium,Toby Alderweireld,True,90.0
2022-11-27,Belgium,Jeremy Doku,False,0.0
2022-11-27,Belgium,Charles De Ketelaere,False,15.983333333333334
2022-11-27,Belgium,Arthur Theate,False,0.0
2022-11-27,Belgium,Amadou Onana,True,59.666666666666664
2022-11-27,Belgium,Zeno Debast,False,0.0
2022-11-27,Morocco,Sofiane Boufal,True,71.63333333333334
2022-11-27,Morocco,Abdelhamid Sabiri,False,23.36666666666666
2022-11-27,Morocco,Romain Saïss,True,90.0
2022-11-27,Morocco,Munir Mohand Mohamedi,True,90.0
2022-11-27,Morocco,Sofyan Amrabat,True,90.0
2022-11-27,Morocco,Hakim Ziyech,True,90.0
2022-11-27,Morocco,Achraf Hakimi Mouh,True,66.63333333333334
2022-11-27,Morocco,Youssef En-Nesyri,True,71.66666666666667
2022-11-27,Morocco,Yassine Bounou,False,0.0
2022-11-27,Morocco,Jawad El Yamiq,False,12.38333333333334
2022-11-27,Morocco,Nayef Aguerd,True,90.0
2022-11-27,Morocco,Noussair Mazraoui,True,90.0
2022-11-27,Morocco,Ilias Chair,False,0.0
2022-11-27,Morocco,Zakaria Aboukhlal,False,18.36666666666666
2022-11-27,Morocco,Selim Amallah,True,66.6
2022-11-27,Morocco,Yahia Attiyat allah,False,23.400000000000006
2022-11-27,Morocco,Azzedine Ounahi,True,77.61666666666666
2022-11-27,Morocco,Abderrazak Hamdallah,False,18.33333333333333
2022-11-27,Morocco,Badr Banoun,False,0.0
2022-11-27,Morocco,Yahya Jabrane,False,0.0
2022-11-27,Morocco,Anass Zaroury,False,0.0
2022-11-27,Morocco,Ahmed Reda Tagnaouti,False,0.0
2022-11-27,Morocco,Achraf Dari,False,0.0
2022-11-27,Morocco,Abdessamad Ezzalzouli,False,0.0
2022-11-27,Morocco,Bilal El Khannous,False,0.0
2022-11-27,Morocco,Walid Cheddira,False,0.0
2022-11-20,Ecuador,Carlos Armando Gruezo Arboleda,False,0.0
2022-11-20,Ecuador,Romario Andrés Ibarra Mina,True,67.1
2022-11-20,Ecuador,Diego José Palacios Espinoza,False,0.0
2022-11-20,Ecuador,Jhegson Sebastián Méndez Carabalí,True,90.0
2022-11-20,Ecuador,Pervis Josué Estupiñán Tenorio,True,90.0
2022-11-20,Ecuador,Xavier Ricardo Arreaga Bermello,False,0.0
2022-11-20,Ecuador,Robert Abel Arboleda Escobar,False,0.0
2022-11-20,Ecuador,Ángel Israel Mena Delgado,False,0.0
2022-11-20,Ecuador,Enner Remberto Valencia Lastra,True,75.3
2022-11-20,Ecuador,Felix Eduardo Torres Caicedo,True,90.0
2022-11-20,Ecuador,Gonzalo Jordy Plata Jiménez,True,90.0
2022-11-20,Ecuador,Alexander Domínguez Carabalí,False,0.0
2022-11-20,Ecuador,Eduar Ayrton Preciado García,False,0.0
2022-11-20,Ecuador,Michael Steveen Estrada Martínez,True,89.16666666666667
2022-11-20,Ecuador,José Adoni Cifuentes Charcopa,False,14.049999999999997
2022-11-20,Ecuador,Hernán Ismael Galíndez,True,90.0
2022-11-20,Ecuador,Moisés Isaac Caicedo Corozo,True,89.9
2022-11-20,Ecuador,Angelo Smit Preciado Quiñónez,True,88.95
2022-11-20,Ecuador,Wellington Moisés Ramírez Preciado,False,0.0
2022-11-20,Ecuador,Alan Steven Franco Palma,False,0.09999999999999432
2022-11-20,Ecuador,Piero Martín Hincapié Reyna,True,90.0
2022-11-20,Ecuador,Jeremy Leonel Sarmiento Morante,False,22.900000000000006
2022-11-20,Ecuador,Willian Joel Pacho Tenorio,False,0.0
2022-11-20,Ecuador,Jackson Gabriel Porozo Vernaza,False,0.0
2022-11-20,Ecuador,Djorkaeff Neicer Reasco González,False,0.0
2022-11-20,Ecuador,Kevin José Rodríguez Cortez,False,0.8333333333333286
2022-11-20,Qatar,Akram Hassan Afif,True,90.0
2022-11-20,Qatar,Hassan Khalid Al Heidos,True,71.01666666666667
2022-11-20,Qatar,Ahmed Alaa Eldin Abdelmotaal,False,0.0
2022-11-20,Qatar,Karim Boudiaf,True,90.0
2022-11-20,Qatar,Boualem Khoukhi,True,90.0
2022-11-20,Qatar,Abdelkarim Hassan Al Haj Fadlalla,True,90.0
2022-11-20,Qatar,Almoez Ali Zainalabiddin Abdulla,True,71.16666666666667
2022-11-20,Qatar,Saad Abdullah Al Sheeb,True,90.0
2022-11-20,Qatar,Assim Omer Al Haj Madibo,False,0.0
2022-11-20,Qatar,Bassam Hisham Al Rawi,True,90.0
2022-11-20,Qatar,Tarek Salman Salman,False,0.0
2022-11-20,Qatar,Pedro Miguel Correia,True,90.0
2022-11-20,Qatar,Meshaal Aissa Barsham,False,0.0
2022-11-20,Qatar,Mosaab Khoder Jibril,False,0.0
2022-11-20,Qatar,Abdulaziz Hatem Mohammed Abdullah,True,90.0
2022-11-20,Qatar,Salem Ali Al Hajri,False,0.0
2022-11-20,Qatar,Ismaeel Mohammad Mohammad,False,0.0
2022-11-20,Qatar,Homam Alamin Ahmed,True,90.0
2022-11-20,Qatar,Mohammed Muntari,False,18.83333333333333
2022-11-20,Qatar,Mohammed Waed Abdulwahhab Al Bayati,False,18.983333333333334
2022-11-20,Qatar,Jassem Gaber Abdulsallam,False,0.0
2022-11-20,Qatar,Yousef Hassan Mohamed Ali,False,0.0
2022-11-20,Qatar,Khalid Muneer Mazeed,False,0.0
2022-11-20,Qatar,Ali Assadalla Thaimn Qambar,False,0.0
2022-11-20,Qatar,Mostafa Taerk Mashaal,False,0.0
2022-11-20,Qatar,Naif Abdulraheem Al Hadhrami,False,0.0
2022-11-22,Argentina,Ángel Fabián Di María Hernández,True,90.0
2022-11-22,Argentina,Nicolás Hernán Otamendi,True,90.0
2022-11-22,Argentina,Lionel Andrés Messi Cuccittini,True,90.0
2022-11-22,Argentina,Nicolás Alejandro Tagliafico,True,70.01666666666667
2022-11-22,Argentina,Paulo Bruno Exequiel Dybala,False,0.0
2022-11-22,Argentina,Franco Armani,False,0.0
2022-11-22,Argentina,Ángel Martín Correa,False,0.0
2022-11-22,Argentina,Gerónimo Rulli,False,0.0
2022-11-22,Argentina,Damián Emiliano Martínez,True,90.0
2022-11-22,Argentina,Alejandro Darío Gómez,True,58.25
2022-11-22,Argentina,Germán Alejandro Pezzella,False,0.0
2022-11-22,Argentina,Rodrigo Javier De Paul,True,90.0
2022-11-22,Argentina,Lautaro Javier Martínez,True,90.0
2022-11-22,Argentina,Leandro Daniel Paredes,True,58.4
2022-11-22,Argentina,Marcos Javier Acuña,False,19.983333333333334
2022-11-22,Argentina,Cristian Gabriel Romero,True,58.233333333333334
2022-11-22,Argentina,Juan Marcos Foyth,False,0.0
2022-11-22,Argentina,Guido Rodríguez,False,0.0
2022-11-22,Argentina,Lisandro Martínez,False,31.766666666666666
2022-11-22,Argentina,Alexis Mac Allister,False,0.0
2022-11-22,Argentina,Gonzalo Ariel Montiel,False,0.0
2022-11-22,Argentina,Exequiel Alejandro Palacios,False,0.0
2022-11-22,Argentina,Thiago Ezequiel Almada,False,0.0
2022-11-22,Argentina,Nahuel Molina Lucero,True,90.0
2022-11-22,Argentina,Julián Álvarez,False,31.75
2022-11-22,Argentina,Enzo Fernandez,False,31.6
2022-11-22,Saudi Arabia,Abdullah Ibrahim Otayf,False,0.0
2022-11-22,Saudi Arabia,Salman Mohammed Al Faraj,True,47.38333333333333
2022-11-22,Saudi Arabia,Yasir Gharsan Al Shahrani,True,98.6
2022-11-22,Saudi Arabia,Salem Mohammed Al Dawsari,True,90.0
2022-11-22,Saudi Arabia,Hattan Babhir,False,0.0
2022-11-22,Saudi Arabia,Mohammed Al Burayk,False,0.0
2022-11-22,Saudi Arabia,Mohammed Kanoo,True,90.0
2022-11-22,Saudi Arabia,Mohammed Khalil Al Owais,True,90.0
2022-11-22,Saudi Arabia,Ali Albulayhi,True,90.0
2022-11-22,Saudi Arabia,Abdulelah Al Amri,False,2.2666666666666657
2022-11-22,Saudi Arabia,Ali Al Hassan,False,0.0
2022-11-22,Saudi Arabia,Firas Tariq Nasser Al Albirakan,True,87.83333333333334
2022-11-22,Saudi Arabia,Abdullah Mohammed Madu,False,0.0
2022-11-22,Saudi Arabia,Saleh Khalid Al Shehri,True,77.35
2022-11-22,Saudi Arabia,Riyadh Sharahili,False,0.0
2022-11-22,Saudi Arabia,Hassan Mohammed Al-Tambakti,True,90.0
2022-11-22,Saudi Arabia,Sami Khalil Al Naji,False,0.0
2022-11-22,Saudi Arabia,Mohammed Al Rubaie Al Yami,False,0.0
2022-11-22,Saudi Arabia,Abdulrahman Al-Obood,False,0.0
2022-11-22,Saudi Arabia,Saud Abdullah Abdul Hamid,True,90.0
2022-11-22,Saudi Arabia,Nawaf Shaker Al Abid,False,40.083333333333336
2022-11-22,Saudi Arabia,Nawaf Alaqidi,False,0.0
2022-11-22,Saudi Arabia,Abdulelah Saad Hameed Al-Malki,True,90.0
2022-11-22,Saudi Arabia,Sultan Abdullah Salim Al Ghannam,False,12.650000000000006
2022-11-22,Saudi Arabia,Nasser Al Dawsari,False,0.0
2022-11-22,Saudi Arabia,Haitham Mohammed Asiri,False,1.5833333333333286
2022-11-28,Ghana,Alexander Djiku,False,7.86666666666666
2022-11-28,Ghana,André Ayew Pelé,True,77.78333333333333
2022-11-28,Ghana,Jordan Ayew,True,77.8
2022-11-28,Ghana,Daniel Amartey,True,90.0
2022-11-28,Ghana,Thomas Teye Partey,True,90.0
2022-11-28,Ghana,Iñaki Williams Arthuer,True,90.0
2022-11-28,Ghana,Lawrence Ati-Zigi,True,90.0
2022-11-28,Ghana,Antoine Semenyo,False,0.0
2022-11-28,Ghana,Elisha Owusu,False,0.0
2022-11-28,Ghana,Denis Odoi,False,12.233333333333334
2022-11-28,Ghana,Abdul Rahman Baba,False,2.4833333333333343
2022-11-28,Ghana,Joseph Aidoo,False,0.0
2022-11-28,Ghana,Mohammed Kudus,True,82.13333333333334
2022-11-28,Ghana,Gideon Mensah,True,87.51666666666667
2022-11-28,Ghana,Daniel-Kofi Kyereh,False,12.216666666666669
2022-11-28,Ghana,Mohamed Salisu,True,90.0
2022-11-28,Ghana,Salis Abdul Samed,True,90.0
2022-11-28,Ghana,Tariq Lamptey,True,77.76666666666667
2022-11-28,Ghana,Kamaldeen Sulemana,False,12.200000000000003
2022-11-28,Ghana,Kamal Sowah,False,0.0
2022-11-28,Ghana,Osman Bukari,False,0.0
2022-11-28,Ghana,Alidu Seidu,False,0.0
2022-11-28,Ghana,Abdul Manaf Nurudeen,False,0.0
2022-11-28,Ghana,Daniel Afriyie Barnieh,False,0.0
2022-11-28,Ghana,Abdul Fatawu Issahaku,False,0.0
2022-11-28,Ghana,Ibrahim Danlad,False,0.0
2022-11-28,South Korea,Heung-Min Son,True,90.0
2022-11-28,South Korea,Chang-Hoon Kwon,True,56.31666666666667
2022-11-28,South Korea,Young-Gwon Kim,True,90.0
2022-11-28,South Korea,Woo-Young Jung,True,78.15
2022-11-28,South Korea,Hyeon-Woo Jo,False,0.0
2022-11-28,South Korea,Hee-Chan Hwang,False,0.0
2022-11-28,South Korea,Jae-Sung Lee,False,0.0
2022-11-28,South Korea,Chul Hong,False,0.0
2022-11-28,South Korea,Woo-Yeong Jeong,True,45.0
2022-11-28,South Korea,Kang-In Lee,False,33.68333333333333
2022-11-28,South Korea,Seung-Ho Paik,False,0.0
2022-11-28,South Korea,In-Beom Hwang,True,88.56666666666668
2022-11-28,South Korea,Ui-Jo Hwang,False,11.849999999999994
2022-11-28,South Korea,Seung-Gyu Kim,True,90.0
2022-11-28,South Korea,Jin-Su Kim,True,89.36666666666666
2022-11-28,South Korea,Gue-Sung Cho,True,90.0
2022-11-28,South Korea,Bum-Keun Song,False,0.0
2022-11-28,South Korea,Jun-Ho Son,False,0.0
2022-11-28,South Korea,Kyung-Won Kwon,False,0.0
2022-11-28,South Korea,Tae-Hwan Kim,False,0.0
2022-11-28,South Korea,Min-Kyu Song,False,0.0
2022-11-28,South Korea,Moon-Hwan Kim,True,90.0
2022-11-28,South Korea,Jong-Gyu Yoon,False,0.0
2022-11-28,South Korea,Sang-Ho Na,False,45.0
2022-11-28,South Korea,Min Jae Kim,True,91.7
2022-11-28,South Korea,Yu-Min Cho,False,0.0
2022-12-02,Ghana,Alexander Djiku,False,0.0
2022-12-02,Ghana,André Ayew Pelé,True,45.0
2022-12-02,Ghana,Jordan Ayew,True,45.0
2022-12-02,Ghana,Daniel Amartey,True,90.0
2022-12-02,Ghana,Thomas Teye Partey,True,90.0
2022-12-02,Ghana,Iñaki Williams Arthuer,True,71.75
2022-12-02,Ghana,Lawrence Ati-Zigi,True,90.0
2022-12-02,Ghana,Antoine Semenyo,False,18.25
2022-12-02,Ghana,Elisha Owusu,False,0.0
2022-12-02,Ghana,Denis Odoi,False,0.0
2022-12-02,Ghana,Abdul Rahman Baba,True,90.0
2022-12-02,Ghana,Joseph Aidoo,False,0.0
2022-12-02,Ghana,Mohammed Kudus,True,97.13333333333334
2022-12-02,Ghana,Gideon Mensah,False,0.0
2022-12-02,Ghana,Daniel-Kofi Kyereh,False,18.066666666666663
2022-12-02,Ghana,Mohamed Salisu,True,90.0
2022-12-02,Ghana,Salis Abdul Samed,True,71.93333333333334
2022-12-02,Ghana,Tariq Lamptey,False,0.0
2022-12-02,Ghana,Kamaldeen Sulemana,False,45.0
2022-12-02,Ghana,Kamal Sowah,False,0.0
2022-12-02,Ghana,Osman Bukari,False,45.0
2022-12-02,Ghana,Alidu Seidu,True,89.56666666666666
2022-12-02,Ghana,Abdul Manaf Nurudeen,False,0.0
2022-12-02,Ghana,Daniel Afriyie Barnieh,False,0.0
2022-12-02,Ghana,Abdul Fatawu Issahaku,False,0.1666666666666572
2022-12-02,Ghana,Ibrahim Danlad,False,0.0
2022-12-02,Uruguay,Edinson Roberto Cavani Gómez,False,24.78333333333333
2022-12-02,Uruguay,Luis Alberto Suárez Díaz,True,65.21666666666667
2022-12-02,Uruguay,José Martín Cáceres Silva,False,0.0
2022-12-02,Uruguay,Diego Roberto Godín Leal,False,0.0
2022-12-02,Uruguay,Matías Vecino Falero,False,56.25
2022-12-02,Uruguay,Giorgian Daniel De Arrascaeta Benedetti,True,79.51666666666667
2022-12-02,Uruguay,José María Giménez de Vargas,True,90.0
2022-12-02,Uruguay,Rodrigo Bentancur Colmán,True,33.75
2022-12-02,Uruguay,Guillermo Varela Olivera,True,90.0
2022-12-02,Uruguay,Lucas Torreira Di Pascua,False,0.0
2022-12-02,Uruguay,Néstor Fernando Muslera Micol,False,0.0
2022-12-02,Uruguay,Maximiliano Gómez González,False,10.316666666666663
2022-12-02,Uruguay,Sebastián Coates Nión,True,90.0
2022-12-02,Uruguay,Federico Santiago Valverde Dipetta,True,90.0
2022-12-02,Uruguay,Mathías Olivera Miramontes,True,90.0
2022-12-02,Uruguay,Carlos Sebastián Sosa Silva,False,0.0
2022-12-02,Uruguay,Diego Nicolás De La Cruz Arcosa,False,24.549999999999997
2022-12-02,Uruguay,Darwin Gabriel Núñez Ribeiro,True,79.68333333333334
2022-12-02,Uruguay,José Luis Rodríguez Bebanz,False,0.0
2022-12-02,Uruguay,Matías Nicolás Viña Susperreguy,False,0.0
2022-12-02,Uruguay,Facundo Pellistri Rebollo,True,65.45
2022-12-02,Uruguay,Manuel Ugarte Ribeiro,False,0.0
2022-12-02,Uruguay,Agustín Canobbio Graviz,False,10.483333333333334
2022-12-02,Uruguay,Sergio Rochet Álvarez,True,90.0
2022-12-02,Uruguay,Facundo Daniel Torres Pérez,False,0.0
2022-11-23,Spain,Álvaro Borja Morata Martín,False,33.6
2022-11-23,Spain,César Azpilicueta Tanco,True,90.0
2022-11-23,Spain,David Raya Martin,False,0.0
2022-11-23,Spain,Aymeric Laporte,True,90.0
2022-11-23,Spain,Jorge Resurrección Merodio,False,26.6
2022-11-23,Spain,Sergio Busquets i Burgos,True,63.4
2022-11-23,Spain,Jordi Alba Ramos,True,63.3
2022-11-23,Spain,Marco Asensio Willemsen,True,68.43333333333334
2022-11-23,Spain,Daniel Carvajal Ramos,False,0.0
2022-11-23,Spain,Carlos Soler Barragán,False,33.483333333333334
2022-11-23,Spain,Pablo Sarabia García,False,0.0
2022-11-23,Spain,Ferrán Torres García,True,56.4
2022-11-23,Spain,Rodrigo Hernández Cascante,True,90.0
2022-11-23,Spain,Marcos Llorente Moreno,False,0.0
2022-11-23,Spain,Pau Francisco Torres,False,0.0
2022-11-23,Spain,Robert Lynch Sanchez,False,0.0
2022-11-23,Spain,Unai Simón Mendibil,True,90.0
2022-11-23,Spain,Daniel Olmo Carvajal,True,90.0
2022-11-23,Spain,Pedro González López,True,56.516666666666666
2022-11-23,Spain,Anssumane Fati,False,0.0
2022-11-23,Spain,Eric García Martret,False,0.0
2022-11-23,Spain,Hugo Guillamón Sanmartín,False,0.0
2022-11-23,Spain,Alejandro Balde Martínez,False,26.700000000000003
2022-11-23,Spain,Yeremy Jesús Pino Santos,False,0.0
2022-11-23,Spain,Nicholas Williams Arthuer,False,21.566666666666663
2022-11-23,Spain,Pablo Martín Páez Gavira,True,90.0
2022-11-23,Costa Rica,Joel Nathaniel Campbell Samuels,True,90.0
2022-11-23,Costa Rica,Celso Borges Mora,True,71.2
2022-11-23,Costa Rica,Bryan Ruiz González,False,29.116666666666667
2022-11-23,Costa Rica,Johan Alberto Venegas Ulloa,False,0.0
2022-11-23,Costa Rica,Keylor Navas Gamboa,True,90.0
2022-11-23,Costa Rica,Óscar Esau Duarte Gaitán,True,90.0
2022-11-23,Costa Rica,Francisco Javier Calvo Quesada,True,90.0
2022-11-23,Costa Rica,Bryan Oviedo,True,81.06666666666666
2022-11-23,Costa Rica,Yeltsin Ignacio Tejeda Valverde,True,90.0
2022-11-23,Costa Rica,Kendall Jamaal Waston Manley,False,45.0
2022-11-23,Costa Rica,Ronald Alberto Matarrita Ulate,False,8.933333333333337
2022-11-23,Costa Rica,Juan Pablo Vargas Campos,False,0.0
2022-11-23,Costa Rica,Patrick Gilmar Sequeira Mejías,False,0.0
2022-11-23,Costa Rica,Brandon Aguilera Zamora,False,18.799999999999997
2022-11-23,Costa Rica,Keysher Fuller Spence,True,90.0
2022-11-23,Costa Rica,Esteban Alvarado Brown,False,0.0
2022-11-23,Costa Rica,Carlos Manuel Martínez Castro,True,45.0
2022-11-23,Costa Rica,Anthony Daniel Contreras Enríquez,True,60.78333333333333
2022-11-23,Costa Rica,Gerson Torres Barrantes,False,0.0
2022-11-23,Costa Rica,Jewison Bennette,True,60.88333333333333
2022-11-23,Costa Rica,Douglas Andrey López Araya,False,0.0
2022-11-23,Costa Rica,Youstin Delfin Salas Gómez,False,0.0
2022-11-23,Costa Rica,Daniel Alonso Chacón Salas,False,0.0
2022-11-23,Costa Rica,Roan Roberto Wilson Gordon,False,0.0
2022-11-23,Costa Rica,Álvaro José Zamora Mata,False,29.21666666666667
2022-11-23,Costa Rica,Anthony William Hernández González,False,0.0
2022-11-27,Croatia,Nikola Vlašić,False,17.816666666666663
2022-11-27,Croatia,Dejan Lovren,True,90.0
2022-11-27,Croatia,Mateo Kovačić,True,85.7
2022-11-27,Croatia,Andrej Kramarić,True,72.18333333333334
2022-11-27,Croatia,Luka Modrić,True,85.41666666666667
2022-11-27,Croatia,Marcelo Brozović,True,90.0
2022-11-27,Croatia,Ivan Perišić,True,84.31666666666665
2022-11-27,Croatia,Bruno Petković,False,30.03333333333333
2022-11-27,Croatia,Ante Budimir,False,0.0
2022-11-27,Croatia,Borna Barišić,False,0.0
2022-11-27,Croatia,Mario Pašalić,False,4.583333333333329
2022-11-27,Croatia,Borna Sosa,True,90.0
2022-11-27,Croatia,Mislav Oršić,False,4.666666666666671
2022-11-27,Croatia,Dominik Livaković,True,90.0
2022-11-27,Croatia,Marko Livaja,True,59.96666666666667
2022-11-27,Croatia,Ivica Ivušić,False,0.0
2022-11-27,Croatia,Lovro Majer,False,4.299999999999997
2022-11-27,Croatia,Josip Juranović,True,90.0
2022-11-27,Croatia,Ivo Grbić,False,0.0
2022-11-27,Croatia,Kristijan Jakić,False,0.0
2022-11-27,Croatia,Martin Erlić,False,0.0
2022-11-27,Croatia,Joško Gvardiol,True,90.0
2022-11-27,Croatia,Josip Šutalo,False,0.0
2022-11-27,Croatia,Luka Sučić,False,0.0
2022-11-27,Croatia,Josip Stanišić,False,0.0
2022-11-27,Canada,Ike Ugbo,False,0.0
2022-11-27,Canada,David Wallace Wotherspoon,False,0.0
2022-11-27,Canada,David Junior Hoilett,False,28.583333333333336
2022-11-27,Canada,Stephen Antunes Eustáquio,True,44.85
2022-11-27,Canada,Steven de Sousa Vitoria,True,90.0
2022-11-27,Canada,Alphonso Davies,True,90.0
2022-11-27,Canada,Jonathan Osorio,False,45.0
2022-11-27,Canada,Samuel Piette,False,0.0
2022-11-27,Canada,Liam Fraser,False,0.0
2022-11-27,Canada,Milan Borjan,True,90.0
2022-11-27,Canada,Richie Laryea,True,61.416666666666664
2022-11-27,Canada,Mark Anthony Kaye,False,0.0
2022-11-27,Canada,Cyle Larin,True,45.0
2022-11-27,Canada,Liam Millar,False,0.0
2022-11-27,Canada,Jonathan David,True,72.45
2022-11-27,Canada,Derek Cornelius,False,0.0
2022-11-27,Canada,Kamal Miller,True,90.0
2022-11-27,Canada,Tajon Buchanan,True,90.0
2022-11-27,Canada,Lucas Daniel Cavallini,False,17.549999999999997
2022-11-27,Canada,Sam Adekugbe,False,17.53333333333333
2022-11-27,Canada,Atiba Hutchinson,True,72.46666666666667
2022-11-27,Canada,Joel Waterman,False,0.0
2022-11-27,Canada,Dayne Tristan St. Clair,False,0.0
2022-11-27,Canada,Alistair Johnston,True,90.0
2022-11-27,Canada,James Pantemis,False,0.0
2022-11-27,Canada,Ismael Koné,False,45.0
2022-12-02,Brazil,Ederson Santana de Moraes,True,90.0
2022-12-02,Brazil,Gabriel Fernando de Jesus,True,63.55
2022-12-02,Brazil,Fábio Henrique Tavares,True,90.0
2022-12-02,Brazil,Richarlison de Andrade,False,0.0
2022-12-02,Brazil,Thiago Emiliano da Silva,False,0.0
2022-12-02,Brazil,Daniel Alves da Silva,True,90.0
2022-12-02,Brazil,Marcos Aoás Corrêa,False,35.85
2022-12-02,Brazil,Carlos Henrique Casimiro,False,0.0
2022-12-02,Brazil,Alisson Ramsés Becker,False,0.0
2022-12-02,Brazil,Frederico Rodrigues Santos,True,54.416666666666664
2022-12-02,Brazil,Raphael Dias Belloli,False,11.316666666666663
2022-12-02,Brazil,Alex Nicolao Telles,True,52.08333333333333
2022-12-02,Brazil,Gleison Bremer Silva Nascimento,True,90.0
2022-12-02,Brazil,Éder Gabriel Militão,True,90.0
2022-12-02,Brazil,Vinícius José Paixão de Oliveira Júnior,False,0.0
2022-12-02,Brazil,Lucas Tolentino Coelho de Lima,False,0.0
2022-12-02,Brazil,Weverton Pereira da Silva,False,0.0
2022-12-02,Brazil,Rodrygo Silva de Goes,True,54.416666666666664
2022-12-02,Brazil,Bruno Guimarães Rodriguez Moura,False,35.583333333333336
2022-12-02,Brazil,Éverton Augusto de Barros Ribeiro,False,35.583333333333336
2022-12-02,Brazil,Pedro Guilherme Abreu dos Santos,False,26.450000000000003
2022-12-02,Brazil,Antony Matheus dos Santos,True,78.68333333333334
2022-12-02,Brazil,Gabriel Teodoro Martinelli Silva,True,90.0
2022-12-02,Cameroon,André-Frank Zambo Anguissa,True,90.0
2022-12-02,Cameroon,Jean-Eric Maxim Choupo-Moting,True,90.0
2022-12-02,Cameroon,Karl Brillant Toko Ekambi,False,26.85
2022-12-02,Cameroon,Georges-Kévin Nkoudou Mbida,False,0.0
2022-12-02,Cameroon,Bryan Mbeumo,True,63.15
2022-12-02,Cameroon,Enzo Ebosse,True,90.0
2022-12-02,Cameroon,Samuel Yves Oum Gwet,False,0.0
2022-12-02,Cameroon,Jules Olivier Ntcham,False,22.58333333333333
2022-12-02,Cameroon,Vincent Paté Aboubakar,True,90.0
2022-12-02,Cameroon,Pierre Kunde Malong,True,67.41666666666667
2022-12-02,Cameroon,Nouhou Tolo,True,90.0
2022-12-02,Cameroon,Devis Rogers Epassy Mboka,True,90.0
2022-12-02,Cameroon,Jean Pierre Nsamé,False,0.0
2022-12-02,Cameroon,Nicolas Moumi Ngamaleu,True,84.95
2022-12-02,Cameroon,Ngoran Suiru Fai Collins,True,89.48333333333333
2022-12-02,Cameroon,Olivier Mbaissidara Mbaizo,False,0.0
2022-12-02,Cameroon,Gaël Ondoua,False,0.0
2022-12-02,Cameroon,Jerome Ngom Mbekeli,False,5.049999999999997
2022-12-02,Cameroon,Simon Brady Ngapandouetnbu,False,0.0
2022-12-02,Cameroon,Christian Mougang Bassogog,False,0.0
2022-12-02,Cameroon,Christopher Wooh,True,90.0
2022-12-02,Cameroon,Souaibou Marou,False,0.0
2022-11-22,France,Marcus Thuram,False,1.4166666666666714
2022-11-22,France,Kylian Mbappé Lottin,True,90.0
2022-11-22,France,Adrien Rabiot,True,90.0
2022-11-22,France,Hugo Lloris,True,90.0
2022-11-22,France,Alphonse Areola,False,0.0
2022-11-22,France,Steve Mandanda,False,0.0
2022-11-22,France,Olivier Giroud,True,88.58333333333333
2022-11-22,France,Jules Koundé,False,1.4333333333333371
2022-11-22,France,Benjamin Pavard,True,88.56666666666666
2022-11-22,France,Ousmane Dembélé,True,76.31666666666666
2022-11-22,France,Lucas Hernández Pi,True,89.13333333333334
2022-11-22,France,Raphaël Varane,False,0.0
2022-11-22,France,Antoine Griezmann,True,90.0
2022-11-22,France,Theo Bernard François Hernández,False,77.96666666666667
2022-11-22,France,Jordan Veretout,False,0.0
2022-11-22,France,Mattéo Guendouzi Olié,False,0.0
2022-11-22,France,Axel Disasi,False,0.0
2022-11-22,France,Kingsley Coman,False,13.683333333333337
2022-11-22,France,Dayotchanculle Upamecano,True,90.0
2022-11-22,France,Aurélien Djani Tchouaméni,True,75.78333333333335
2022-11-22,France,Ibrahima Konaté,True,90.0
2022-11-22,France,Youssouf Fofana,False,13.849999999999994
2022-11-22,France,William Saliba,False,0.0
2022-11-22,France,Randal Kolo Muani,False,0.0
2022-11-22,France,Eduardo Camavinga,False,0.0
2022-11-22,Australia,Mathew Ryan,True,90.0
2022-11-22,Australia,Aaron Mooy,True,90.0
2022-11-22,Australia,Aziz Eraltay Behich,True,90.0
2022-11-22,Australia,Mathew Leckie,True,90.0
2022-11-22,Australia,Jackson Irvine,True,84.05
2022-11-22,Australia,Craig Goodwin,True,72.66666666666667
2022-11-22,Australia,Ajdin Hrustic,False,0.0
2022-11-22,Australia,Jason Cummings,False,34.416666666666664
2022-11-22,Australia,Jamie MacLaren,False,0.0
2022-11-22,Australia,Miloš Degenek,False,5.88333333333334
2022-11-22,Australia,Danny Vuković,False,0.0
2022-11-22,Australia,Harry Souttar,True,90.0
2022-11-22,Australia,Bailey Wright,False,0.0
2022-11-22,Australia,Awer Denis Bul Mabil,False,17.58333333333333
2022-11-22,Australia,Fran Karačić,False,0.0
2022-11-22,Australia,Thomas Deng,False,0.0
2022-11-22,Australia,Joel King,False,0.0
2022-11-22,Australia,Riley McGree,True,72.41666666666667
2022-11-22,Australia,Keanu Baccus,False,5.950000000000003
2022-11-22,Australia,Mitchell Thomas Duke,True,55.583333333333336
2022-11-22,Australia,Kye Rowles,True,90.0
2022-11-22,Australia,Cameron Peter Devlin,False,0.0
2022-11-22,Australia,Andrew Redmayne,False,0.0
2022-11-22,Australia,Nathaniel Atkinson,True,84.11666666666666
2022-11-22,Australia,Marco Tilio,False,0.0
2022-11-22,Australia,Garang Kuol,False,17.33333333333333
2022-12-02,South Korea,Heung-Min Son,True,92.78333333333333
2022-12-02,South Korea,Chang-Hoon Kwon,False,0.0
2022-12-02,South Korea,Young-Gwon Kim,True,78.86666666666666
2022-12-02,South Korea,Woo-Young Jung,True,92.78333333333333
2022-12-02,South Korea,Hyeon-Woo Jo,False,0.0
2022-12-02,South Korea,Hee-Chan Hwang,False,27.39999999999999
2022-12-02,South Korea,Jae-Sung Lee,True,65.21666666666667
2022-12-02,South Korea,Chul Hong,False,0.0
2022-12-02,South Korea,Woo-Yeong Jeong,False,0.0
2022-12-02,South Korea,Kang-In Lee,True,81.21666666666667
2022-12-02,South Korea,Seung-Ho Paik,False,0.0
2022-12-02,South Korea,In-Beom Hwang,True,90.0
2022-12-02,South Korea,Ui-Jo Hwang,False,11.566666666666663
2022-12-02,South Korea,Seung-Gyu Kim,True,90.0
2022-12-02,South Korea,Jin-Su Kim,True,92.78333333333333
2022-12-02,South Korea,Gue-Sung Cho,True,92.76666666666667
2022-12-02,South Korea,Bum-Keun Song,False,0.0
2022-12-02,South Korea,Jun-Ho Son,False,9.483333333333334
2022-12-02,South Korea,Kyung-Won Kwon,True,90.0
2022-12-02,South Korea,Tae-Hwan Kim,False,0.0
2022-12-02,South Korea,Min-Kyu Song,False,0.0
2022-12-02,South Korea,Moon-Hwan Kim,True,92.78333333333333
2022-12-02,South Korea,Jong-Gyu Yoon,False,0.0
2022-12-02,South Korea,Sang-Ho Na,False,0.0
2022-12-02,South Korea,Min Jae Kim,False,0.0
2022-12-02,South Korea,Yu-Min Cho,False,0.01666666666666572
2022-12-02,Portugal,Bernardo Mota Veiga de Carvalho e Silva,False,8.783333333333331
2022-12-02,Portugal,João Mário Naval da Costa Eduardo,True,81.21666666666667
2022-12-02,Portugal,Bruno Miguel Borges Fernandes,False,0.0
2022-12-02,Portugal,Rui Pedro dos Santos Patrício,False,0.0
2022-12-02,Portugal,Rúben Santos Gato Alves Dias,False,0.0
2022-12-02,Portugal,Cristiano Ronaldo dos Santos Aveiro,True,64.93333333333334
2022-12-02,Portugal,Raphaël Adelino José Guerreiro,False,0.0
2022-12-02,Portugal,William Silva de Carvalho,False,8.783333333333331
2022-12-02,Portugal,André Miguel Valente Silva,False,25.066666666666663
2022-12-02,Portugal,João Pedro Cavaco Cancelo,True,89.28333333333333
2022-12-02,Portugal,Rúben Diogo Da Silva Neves,True,64.7
2022-12-02,Portugal,Ricardo Jorge Luz Horta,True,90.0
2022-12-02,Portugal,João Félix Sequeira,False,0.0
2022-12-02,Portugal,João Maria Lobo Alves Palhinha Gonçalves,False,25.566666666666663
2022-12-02,Portugal,José Diogo Dalot Teixeira,True,90.0
2022-12-02,Portugal,Rafael Alexandre Conceição Leão,False,25.299999999999997
2022-12-02,Portugal,José Pedro Malheiro de Sá,False,0.0
2022-12-02,Portugal,Kléper Laveran Lima Ferreira,True,90.0
2022-12-02,Portugal,Diogo Meireles Costa,True,90.0
2022-12-02,Portugal,Vitor Machado Ferreira,True,81.21666666666667
2022-12-02,Portugal,Gonçalo Matias Ramos,False,0.0
2022-12-02,Portugal,Matheus Luiz Nunes,True,64.43333333333334
2022-12-02,Portugal,António João Pereira Albuquerque Tavares Silva,True,90.0
2018-07-06,Belgium,Youri Tielemans,False,3.4833333333333343
2018-07-06,Belgium,Mousa Sidi Yaya Dembélé,False,0.0
2018-07-06,Belgium,Jan Vertonghen,True,90.0
2018-07-06,Belgium,Kevin De Bruyne,True,90.0
2018-07-06,Belgium,Vincent Kompany,True,90.0
2018-07-06,Belgium,Thomas Meunier,True,90.0
2018-07-06,Belgium,Romelu Lukaku Menama,True,86.51666666666667
2018-07-06,Belgium,Marouane Fellaini-Bakkioui,True,90.0
2018-07-06,Belgium,Michy Batshuayi Tunga,False,0.0
2018-07-06,Belgium,Thibaut Courtois,True,90.0
2018-07-06,Belgium,Simon Mignolet,False,0.0
2018-07-06,Belgium,Eden Hazard,True,90.0
2018-07-06,Belgium,Nacer Chadli,True,82.11666666666666
2018-07-06,Belgium,Dries Mertens,False,0.0
2018-07-06,Belgium,Thorgan Hazard,False,0.0
2018-07-06,Belgium,Yannick Ferreira Carrasco,False,0.0
2018-07-06,Belgium,Anga Dedryck Boyata,False,0.0
2018-07-06,Belgium,Axel Witsel,True,90.0
2018-07-06,Belgium,Adnan Januzaj,False,0.0
2018-07-06,Belgium,Leander Dendoncker,False,0.0
2018-07-06,Belgium,Thomas Vermaelen,False,7.88333333333334
2018-07-06,Belgium,Koen Casteels,False,0.0
2018-07-06,Belgium,Toby Alderweireld,True,90.0
2018-07-06,Brazil,Fernando Luiz Roza,True,89.25
2018-07-06,Brazil,Ederson Santana de Moraes,False,0.0
2018-07-06,Brazil,Gabriel Fernando de Jesus,True,57.2
2018-07-06,Brazil,Thiago Emiliano da Silva,True,90.0
2018-07-06,Brazil,Willian Borges da Silva,True,45.0
2018-07-06,Brazil,Philippe Coutinho Correia,True,90.0
2018-07-06,Brazil,Roberto Firmino Barbosa de Oliveira,False,45.0
2018-07-06,Brazil,Neymar da Silva Santos Junior,True,88.9
2018-07-06,Brazil,Marcos Aoás Corrêa,False,0.0
2018-07-06,Brazil,José Paulo Bezzera Maciel Júnior,True,72.06666666666666
2018-07-06,Brazil,Alisson Ramsés Becker,True,90.0
2018-07-06,Brazil,João Miranda de Souza Filho,True,90.0
2018-07-06,Brazil,Marcelo Vieira da Silva Júnior,True,90.0
2018-07-06,Brazil,Renato Soares de Oliveira Augusto,False,17.933333333333337
2018-07-06,Brazil,Douglas Costa de Souza,False,32.8
2018-07-06,Brazil,Fágner Conserva Lemos,True,90.0
2018-07-06,Brazil,Filipe Luís Kasmirski,False,0.0
2018-07-06,Brazil,Frederico Rodrigues Santos,False,0.0
2018-07-06,Brazil,Taison Barcellos Freda,False,0.0
2018-07-06,Brazil,Pedro Tonon Geromel,False,0.0
2018-07-06,Brazil,Cássio Ramos,False,0.0
2018-07-02,Belgium,Youri Tielemans,False,0.0
2018-07-02,Belgium,Mousa Sidi Yaya Dembélé,False,0.0
2018-07-02,Belgium,Jan Vertonghen,True,90.0
2018-07-02,Belgium,Kevin De Bruyne,True,90.0
2018-07-02,Belgium,Vincent Kompany,True,90.0
2018-07-02,Belgium,Thomas Meunier,True,90.0
2018-07-02,Belgium,Romelu Lukaku Menama,True,90.0
2018-07-02,Belgium,Marouane Fellaini-Bakkioui,False,25.75
2018-07-02,Belgium,Michy Batshuayi Tunga,False,0.0
2018-07-02,Belgium,Thibaut Courtois,True,90.0
2018-07-02,Belgium,Simon Mignolet,False,0.0
2018-07-02,Belgium,Eden Hazard,True,90.0
2018-07-02,Belgium,Nacer Chadli,False,25.566666666666663
2018-07-02,Belgium,Dries Mertens,True,64.25
2018-07-02,Belgium,Thorgan Hazard,False,0.0
2018-07-02,Belgium,Yannick Ferreira Carrasco,True,64.43333333333334
2018-07-02,Belgium,Anga Dedryck Boyata,False,0.0
2018-07-02,Belgium,Axel Witsel,True,90.0
2018-07-02,Belgium,Adnan Januzaj,False,0.0
2018-07-02,Belgium,Leander Dendoncker,False,0.0
2018-07-02,Belgium,Thomas Vermaelen,False,0.0
2018-07-02,Belgium,Koen Casteels,False,0.0
2018-07-02,Belgium,Toby Alderweireld,True,90.0
2018-07-02,Japan,Eiji Kawashima,True,90.0
2018-07-02,Japan,Maya Yoshida,True,90.0
2018-07-02,Japan,Hiroki Sakai,True,90.0
2018-07-02,Japan,Shinji Okazaki,False,0.0
2018-07-02,Japan,Yūya Ōsako,True,90.0
2018-07-02,Japan,Makoto Hasebe,True,90.0
2018-07-02,Japan,Gen Shōji,True,90.0
2018-07-02,Japan,Keisuke Honda,False,9.38333333333334
2018-07-02,Japan,Shinji Kagawa,True,90.0
2018-07-02,Japan,Takashi Inui,True,90.0
2018-07-02,Japan,Yuto Nagatomo,True,90.0
2018-07-02,Japan,Gaku Shibasaki,True,80.48333333333333
2018-07-02,Japan,Hotaru Yamaguchi,False,9.516666666666666
2018-07-02,Japan,Genki Haraguchi,True,80.61666666666666
2018-07-02,Japan,Takashi Usami,False,0.0
2018-07-02,Japan,Yoshinori Muto,False,0.0
2018-07-02,Japan,Tomoaki Makino,False,0.0
2018-07-02,Japan,Gotoku Sakai,False,0.0
2018-07-02,Japan,Wataru Endo,False,0.0
2018-07-02,Japan,Naomichi Ueda,False,0.0
2018-07-02,Japan,Ryota Oshima,False,0.0
2018-07-02,Japan,Masaaki Higashiguchi,False,0.0
2018-07-02,Japan,Kosuke Nakamura,False,0.0
2018-06-24,England,Bamidele Alli,False,0.0
2018-06-24,England,Kyle Walker,True,90.0
2018-06-24,England,Raheem Sterling,True,90.0
2018-06-24,England,John Stones,True,90.0
2018-06-24,England,Jesse Lingard,True,62.916666666666664
2018-06-24,England,Kieran Trippier,True,69.36666666666666
2018-06-24,England,Phil Jones,False,0.0
2018-06-24,England,Marcus Rashford,False,0.0
2018-06-24,England,Harry Maguire,True,90.0
2018-06-24,England,Jordan Pickford,True,90.0
2018-06-24,England,Nick Pope,False,0.0
2018-06-24,England,Ruben Loftus-Cheek,True,90.0
2018-06-24,England,Jordan Brian Henderson,True,90.0
2018-06-24,England,Jack Butland,False,0.0
2018-06-24,England,Daniel Nii Tackie Mensah Welbeck,False,0.0
2018-06-24,England,Danny Rose,False,20.63333333333334
2018-06-24,England,Ashley Young,True,90.0
2018-06-24,England,Gary Cahill,False,0.0
2018-06-24,England,Trent Alexander-Arnold,False,0.0
2018-06-24,England,Fabian Delph,False,27.083333333333336
2018-06-24,England,Harry Kane,True,62.516666666666666
2018-06-24,England,Eric Dier,False,0.0
2018-06-24,England,Jamie Vardy,False,27.483333333333334
2018-06-24,Panama,José Luis Rodríguez Francis,True,90.0
2018-06-24,Panama,Gabriel Arturo Torres Tejada,False,0.0
2018-06-24,Panama,Blas Antonio Miguel Pérez Ortega,True,90.0
2018-06-24,Panama,Erick Javier Davis Grajales,True,90.0
2018-06-24,Panama,Román Aureliano Torres Morcillo,True,89.35
2018-06-24,Panama,Jaime Manuel Penedo Cano,True,90.0
2018-06-24,Panama,Edgar Yoel Bárcenas Herrera,True,68.53333333333333
2018-06-24,Panama,Fidel Escobar Mendieta,True,90.0
2018-06-24,Panama,Gabriel Enrique Gómez Girón,True,68.55
2018-06-24,Panama,Michael Amir Murillo Bermudez,True,90.0
2018-06-24,Panama,Luis Carlos Tejada Hansell,False,0.0
2018-06-24,Panama,Ismael Díaz De León,False,0.0
2018-06-24,Panama,Armando Enrique Cooper Whitaker,True,90.0
2018-06-24,Panama,Aníbal Cesis Godoy,True,61.766666666666666
2018-06-24,Panama,Ricardo Guardia Avila,False,28.233333333333334
2018-06-24,Panama,Felipe Abdiel Baloy Ramírez,False,21.450000000000003
2018-06-24,Panama,Abdiel Arroyo Molinar,False,21.46666666666667
2018-06-24,Panama,Harold Oshkaly Cummings Segura,False,0.0
2018-06-24,Panama,Luis Carlos Ovalle Victoria,False,0.0
2018-06-24,Panama,Adolfo Abdiel Machado,False,0.0
2018-06-24,Panama,José De Jesús Calderón Frías,False,0.0
2018-06-24,Panama,Valentin Enrique Pimentel Armuelles,False,0.0
2018-06-24,Panama,Alex Raúl Rodríguez Ledezma,False,0.0
2018-06-19,Senegal,Ismaïla Sarr,True,90.0
2018-06-19,Senegal,Adama Mbengue,False,0.0
2018-06-19,Senegal,Abdoulaye Diallo,False,0.0
2018-06-19,Senegal,Keita Baldé Diao,False,0.0
2018-06-19,Senegal,Youssouf Sabaly,True,90.0
2018-06-19,Senegal,Idrissa Gana Gueye,True,90.0
2018-06-19,Senegal,Pape Moussa Konaté,False,15.61666666666666
2018-06-19,Senegal,Mame Biram Diouf,True,61.416666666666664
2018-06-19,Senegal,Sadio Mané,True,90.0
2018-06-19,Senegal,Cheikhou Kouyaté,False,3.63333333333334
2018-06-19,Senegal,Diafra Sakho,False,0.0
2018-06-19,Senegal,Papa Alioune N'Diaye,False,0.0
2018-06-19,Senegal,Khadim N'Diaye,True,90.0
2018-06-19,Senegal,M'Baye Babacar Niang,True,74.38333333333334
2018-06-19,Senegal,Salif Sané,True,90.0
2018-06-19,Senegal,Alfred John Momar N'Diaye,True,86.36666666666666
2018-06-19,Senegal,Moussa Wagué,True,90.0
2018-06-19,Senegal,Kalidou Koulibaly,True,90.0
2018-06-19,Senegal,Cheikh N'Doye,False,28.583333333333336
2018-06-19,Senegal,Lamine Gassama,False,0.0
2018-06-19,Senegal,Alfred Benjamin Gomis,False,0.0
2018-06-19,Senegal,Serigne Modou Kara Mbodji,False,0.0
2018-06-19,Senegal,Moussa Sow,False,0.0
2018-06-19,Poland,Kamil Glik,False,0.0
2018-06-19,Poland,Łukasz Fabiański,False,0.0
2018-06-19,Poland,Grzegorz Krychowiak,True,90.0
2018-06-19,Poland,Jan Bednarek,False,44.35
2018-06-19,Poland,Artur Jędrzejczyk,False,0.0
2018-06-19,Poland,Łukasz Piszczek,True,82.25
2018-06-19,Poland,Piotr Zieliński,True,90.0
2018-06-19,Poland,Thiago Rangel Cionek,True,90.0
2018-06-19,Poland,Jakub Błaszczykowski,True,45.0
2018-06-19,Poland,Arkadiusz Milik,True,72.85
2018-06-19,Poland,Dawid Kownacki,False,17.150000000000006
2018-06-19,Poland,Kamil Grosicki,True,90.0
2018-06-19,Poland,Robert Lewandowski,True,90.0
2018-06-19,Poland,Wojciech Szczęsny,True,90.0
2018-06-19,Poland,Michał Pazdan,True,90.0
2018-06-19,Poland,Maciej Rybus,True,90.0
2018-06-19,Poland,Bartosz Bereszyński,False,7.75
2018-06-19,Poland,Łukasz Teodorczyk,False,0.0
2018-06-19,Poland,Jacek Góralski,False,0.0
2018-06-19,Poland,Rafał Kurzawa,False,0.0
2018-06-19,Poland,Sławomir Peszko,False,0.0
2018-06-19,Poland,Karol Linetty,False,0.0
2018-06-19,Poland,Bartosz Bialkowski,False,0.0
2018-06-22,Switzerland,Jacques François Moubandje,False,0.0
2018-06-22,Switzerland,Granit Xhaka,True,90.0
2018-06-22,Switzerland,Xherdan Shaqiri,True,90.0
2018-06-22,Switzerland,Fabian Lukas Schär,True,90.0
2018-06-22,Switzerland,Denis Lemi Zakaria Lako Lado,False,0.0
2018-06-22,Switzerland,Valon Behrami,True,90.0
2018-06-22,Switzerland,Stephan Lichtsteiner,True,90.0
2018-06-22,Switzerland,Haris Seferović,True,45.0
2018-06-22,Switzerland,Ricardo Iván Rodríguez Araya,True,90.0
2018-06-22,Switzerland,Breel-Donald Embolo,False,17.799999999999997
2018-06-22,Switzerland,Michael Lang,False,0.0
2018-06-22,Switzerland,Steven Zuber,True,92.65
2018-06-22,Switzerland,Manuel Obafemi Akanji,True,90.0
2018-06-22,Switzerland,Yann Sommer,True,90.0
2018-06-22,Switzerland,Blerim Džemaili,True,72.2
2018-06-22,Switzerland,Mario Gavranović,False,45.0
2018-06-22,Switzerland,Josip Drmic,False,0.0
2018-06-22,Switzerland,Johan Danon Djourou-Gbadjere,False,0.0
2018-06-22,Switzerland,Remo Freuler,False,0.0
2018-06-22,Switzerland,Roman Bürki,False,0.0
2018-06-22,Switzerland,Gélson da Conceição Tavares Fernandes,False,0.0
2018-06-22,Switzerland,Nico Elvedi,False,0.0
2018-06-22,Switzerland,Yvon Landry Mvogo,False,0.0
2018-06-22,Serbia,Nemanja Matić,True,90.0
2018-06-22,Serbia,Luka Milivojević,True,79.56666666666666
2018-06-22,Serbia,Marko Grujić,False,0.0
2018-06-22,Serbia,Dušan Tadić,True,90.0
2018-06-22,Serbia,Aleksandar Mitrović,True,90.0
2018-06-22,Serbia,Duško Tošić,True,90.0
2018-06-22,Serbia,Aleksandar Prijović,False,0.0
2018-06-22,Serbia,Adem Ljajić,False,26.06666666666667
2018-06-22,Serbia,Antonio Rukavina,False,0.0
2018-06-22,Serbia,Sergej Milinković-Savić,True,90.0
2018-06-22,Serbia,Filip Kostić,True,63.93333333333333
2018-06-22,Serbia,Branislav Ivanović,True,90.0
2018-06-22,Serbia,Aleksandar Kolarov,True,90.0
2018-06-22,Serbia,Vladimir Stojković,True,90.0
2018-06-22,Serbia,Nikola Milenković,True,90.0
2018-06-22,Serbia,Nemanja Radonjić,False,9.900000000000006
2018-06-22,Serbia,Andrija Živković,False,0.0
2018-06-22,Serbia,Luka Jović,False,0.0
2018-06-22,Serbia,Milos Veljkovic,False,0.0
2018-06-22,Serbia,Marko Dmitrović,False,0.0
2018-06-22,Serbia,Predrag Rajković,False,0.0
2018-06-22,Serbia,Milan Rodić,False,0.0
2018-06-22,Serbia,Uroš Spajić,False,0.0
2018-06-18,South Korea,Heung-Min Son,True,90.0
2018-06-18,South Korea,Sung-Yeung Ki,True,90.0
2018-06-18,South Korea,Young-Gwon Kim,True,90.0
2018-06-18,South Korea,Hyun-Soo Jang,True,90.0
2018-06-18,South Korea,Yong Lee,True,90.0
2018-06-18,South Korea,Joo-Ho Park,True,27.8
2018-06-18,South Korea,Min-Woo Kim,False,62.2
2018-06-18,South Korea,Seung-Woo Lee,False,17.950000000000003
2018-06-18,South Korea,Woo-Young Jung,False,23.96666666666667
2018-06-18,South Korea,Hyeon-Woo Jo,True,90.0
2018-06-18,South Korea,Hee-Chan Hwang,True,90.0
2018-06-18,South Korea,Jae-Sung Lee,True,90.0
2018-06-18,South Korea,Shin-Wook Kim,True,66.03333333333333
2018-06-18,South Korea,Ja-Cheol Koo,True,72.05
2018-06-18,South Korea,Chul Hong,False,0.0
2018-06-18,South Korea,Se-Jong Ju,False,0.0
2018-06-18,South Korea,Seon-Min Moon,False,0.0
2018-06-18,South Korea,Young-Sun Yun,False,0.0
2018-06-18,South Korea,Yo-Han Go,False,0.0
2018-06-18,South Korea,Seung-Gyu Kim,False,0.0
2018-06-18,South Korea,Jin-Hyeon Kim,False,0.0
2018-06-18,South Korea,Seung-Hyun Jung,False,0.0
2018-06-18,South Korea,Ban-Suk Oh,False,0.0
2018-06-18,Sweden,Karl-Johan Johnsson,False,0.0
2018-06-18,Sweden,Martin Olsson,False,0.0
2018-06-18,Sweden,Ola Toivonen,True,76.11666666666666
2018-06-18,Sweden,Pontus Jansson,True,90.0
2018-06-18,Sweden,Oscar Hiljemark,False,19.21666666666667
2018-06-18,Sweden,Andreas Granqvist,True,90.0
2018-06-18,Sweden,Gustav Svensson,False,9.683333333333337
2018-06-18,Sweden,Mikael Lustig,True,90.0
2018-06-18,Sweden,Viktor Claesson,True,90.0
2018-06-18,Sweden,Isaac Kiese Thelin,False,13.88333333333334
2018-06-18,Sweden,Sebastian Larsson,True,80.31666666666666
2018-06-18,Sweden,Ludwig Augustinsson,True,90.0
2018-06-18,Sweden,Robin Olsen,True,90.0
2018-06-18,Sweden,Albin Ekdal,True,70.78333333333333
2018-06-18,Sweden,Emil Peter Forsberg,True,90.0
2018-06-18,Sweden,John Guidetti,False,0.0
2018-06-18,Sweden,Emil Krafth,False,0.0
2018-06-18,Sweden,Filip Helander,False,0.0
2018-06-18,Sweden,Marcus Rohdén,False,0.0
2018-06-18,Sweden,Kristoffer Nordfeldt,False,0.0
2018-06-18,Sweden,Marcus Berg,True,89.44999999999999
2018-06-18,Sweden,Jimmy Durmaz,False,0.0
2018-06-17,Mexico,Javier Hernández Balcázar,True,90.0
2018-06-17,Mexico,Miguel Arturo Layún Prado,True,90.0
2018-06-17,Mexico,Rafael Márquez Álvarez,False,17.349999999999994
2018-06-17,Mexico,Carlos Alberto Vela Garrido,True,57.666666666666664
2018-06-17,Mexico,Hugo Ayala Castro,True,90.0
2018-06-17,Mexico,José Andrés Guardado Hernández,True,72.65
2018-06-17,Mexico,Carlos Joel Salcedo Hernández,True,90.0
2018-06-17,Mexico,Edson Omar Álvarez Velázquez,False,32.333333333333336
2018-06-17,Mexico,Raúl Alonso Jiménez Rodríguez,False,24.16666666666667
2018-06-17,Mexico,Hirving Rodrigo Lozano Bahena,True,65.83333333333333
2018-06-17,Mexico,Héctor Alfredo Moreno Herrera,True,90.0
2018-06-17,Mexico,Héctor Miguel Herrera López,True,90.0
2018-06-17,Mexico,Jesús Daniel Gallardo Vasconcelos,True,90.0
2018-06-17,Mexico,Francisco Guillermo Ochoa Magaña,True,90.0
2018-06-17,Mexico,Jesús Manuel Corona Ruíz,False,0.0
2018-06-17,Mexico,Giovani dos Santos Ramírez,False,0.0
2018-06-17,Mexico,Oribe Peralta Morones,False,0.0
2018-06-17,Mexico,Marco Jhonfai Fabián De La Mora,False,0.0
2018-06-17,Mexico,Jonathan dos Santos Ramírez,False,0.0
2018-06-17,Mexico,Érick Gabriel Gutiérrez Galaviz,False,0.0
2018-06-17,Mexico,José de Jesús Corona Rodríguez,False,0.0
2018-06-17,Mexico,Alfredo Talavera Díaz,False,0.0
2018-06-17,Mexico,Javier Ignacio Aquino Carmona,False,0.0
2018-06-17,Germany,Antonio Rüdiger,False,0.0
2018-06-17,Germany,Julian Draxler,True,90.0
2018-06-17,Germany,Mesut Özil,True,90.0
2018-06-17,Germany,Kevin Trapp,False,0.0
2018-06-17,Germany,Julian Brandt,False,4.266666666666666
2018-06-17,Germany,Timo Werner,True,85.73333333333333
2018-06-17,Germany,Marco Reus,False,30.18333333333333
2018-06-17,Germany,Thomas Müller,True,90.0
2018-06-17,Germany,Mario Gómez García,False,11.183333333333337
2018-06-17,Germany,Sami Khedira,True,59.81666666666667
2018-06-17,Germany,Marvin Plattenhardt,True,78.81666666666666
2018-06-17,Germany,Manuel Neuer,True,90.0
2018-06-17,Germany,Mats Hummels,True,90.0
2018-06-17,Germany,Toni Kroos,True,90.0
2018-06-17,Germany,Jérôme Boateng,True,90.0
2018-06-17,Germany,Joshua Kimmich,True,90.0
2018-06-17,Germany,Sebastian Rudy,False,0.0
2018-06-17,Germany,Niklas Süle,False,0.0
2018-06-17,Germany,Leon Goretzka,False,0.0
2018-06-17,Germany,Matthias Ginter,False,0.0
2018-06-17,Germany,İlkay Gündoğan,False,0.0
2018-06-17,Germany,Marc-André ter Stegen,False,0.0
2018-06-20,Spain,David Josué Jiménez Silva,True,90.0
2018-06-20,Spain,David de Gea Quintana,True,90.0
2018-06-20,Spain,Ignacio Monreal Eraso,False,0.0
2018-06-20,Spain,César Azpilicueta Tanco,False,0.0
2018-06-20,Spain,Francisco Román Alarcón Suárez,True,90.0
2018-06-20,Spain,Diego da Silva Costa,True,87.9
2018-06-20,Spain,Jorge Resurrección Merodio,False,19.91666666666667
2018-06-20,Spain,Lucas Vázquez Iglesias,True,78.65
2018-06-20,Spain,Sergio Ramos García,True,90.0
2018-06-20,Spain,José Ignacio Fernández Iglesias,False,0.0
2018-06-20,Spain,Sergio Busquets i Burgos,True,90.0
2018-06-20,Spain,Thiago Alcântara do Nascimento,False,0.0
2018-06-20,Spain,Jordi Alba Ramos,True,90.0
2018-06-20,Spain,Gerard Piqué Bernabéu,True,90.0
2018-06-20,Spain,Andrés Iniesta Luján,True,70.08333333333333
2018-06-20,Spain,Iago Aspas Juncal,False,0.0
2018-06-20,Spain,Rodrigo Moreno Machado,False,2.0999999999999943
2018-06-20,Spain,Marco Asensio Willemsen,False,11.349999999999994
2018-06-20,Spain,Daniel Carvajal Ramos,True,90.0
2018-06-20,Spain,Saúl Ñíguez Esclapez,False,0.0
2018-06-20,Spain,Kepa Arrizabalaga Revuelta,False,0.0
2018-06-20,Spain,Álvaro Odriozola Arzallus,False,0.0
2018-06-20,Spain,José Manuel Reina Páez,False,0.0
2018-06-20,Iran,Morteza Pouraliganji,True,90.0
2018-06-20,Iran,Sardar Azmoun,True,90.0
2018-06-20,Iran,Omid Ebrahimi,True,90.0
2018-06-20,Iran,Mehdi Taremi,True,90.0
2018-06-20,Iran,Alireza Safar Beiranvand,True,90.0
2018-06-20,Iran,Seyed Majid Hosseini,True,90.0
2018-06-20,Iran,Ehsan Hajsafi,True,68.63333333333334
2018-06-20,Iran,Karim Ansarifard,True,73.85
2018-06-20,Iran,Ramin Rezaeian,True,90.0
2018-06-20,Iran,Masoud Shojaei Soleimani,False,0.0
2018-06-20,Iran,Alireza Jahanbakhsh,False,16.150000000000006
2018-06-20,Iran,Saman Ghoddos,False,4.38333333333334
2018-06-20,Iran,Vahid Amiri,True,85.61666666666666
2018-06-20,Iran,Milad Mohammadi,False,21.36666666666666
2018-06-20,Iran,Saeid Ezatolahi Afagh,True,90.0
2018-06-20,Iran,Reza Ghoochannejhad Nournia,False,0.0
2018-06-20,Iran,Amir Abedzadeh,False,0.0
2018-06-20,Iran,Ashkan Dejagah,False,0.0
2018-06-20,Iran,Mehdi Torabi,False,0.0
2018-06-20,Iran,Mohammad Rashid Mazaheri,False,0.0
2018-06-20,Iran,Pejman Montazeri,False,0.0
2018-06-20,Iran,Mohammad Reza Khanzadeh,False,0.0
2018-06-20,Uruguay,Edinson Roberto Cavani Gómez,True,90.0
2018-06-20,Uruguay,Luis Alberto Suárez Díaz,True,90.0
2018-06-20,Uruguay,Nahitan Michel Nández Acosta,False,8.733333333333334
2018-06-20,Uruguay,José Martín Cáceres Silva,True,90.0
2018-06-20,Uruguay,Diego Roberto Godín Leal,True,90.0
2018-06-20,Uruguay,Matías Vecino Falero,True,58.63333333333333
2018-06-20,Uruguay,Cristian Gabriel Rodríguez Barrotti,True,58.083333333333336
2018-06-20,Uruguay,Giorgian Daniel De Arrascaeta Benedetti,False,0.0
2018-06-20,Uruguay,José María Giménez de Vargas,True,90.0
2018-06-20,Uruguay,Rodrigo Bentancur Colmán,True,90.0
2018-06-20,Uruguay,Guillermo Varela Olivera,True,90.0
2018-06-20,Uruguay,Lucas Torreira Di Pascua,False,31.366666666666667
2018-06-20,Uruguay,Néstor Fernando Muslera Micol,True,90.0
2018-06-20,Uruguay,Carlos Andrés Sánchez Arcosa,True,81.26666666666667
2018-06-20,Uruguay,Diego Sebastián Laxalt Suárez,False,31.916666666666664
2018-06-20,Uruguay,Maximiliano Gómez González,False,0.0
2018-06-20,Uruguay,Sebastián Coates Nión,False,0.0
2018-06-20,Uruguay,Cristhian Ricardo Stuani Curbelo,False,0.0
2018-06-20,Uruguay,Jonathan Matías Urretaviscaya da Luz,False,0.0
2018-06-20,Uruguay,Victorio Maximiliano Pereira Páez,False,0.0
2018-06-20,Uruguay,Martín Nicolás Campaña Delgado,False,0.0
2018-06-20,Uruguay,Gastón Alexis Silva Perdomo,False,0.0
2018-06-20,Uruguay,Martín Andrés Silva Leites,False,0.0
2018-06-20,Saudi Arabia,Abdullah Ibrahim Otayf,True,90.0
2018-06-20,Saudi Arabia,Mohanad Aseri Abu Radiah,False,0.0
2018-06-20,Saudi Arabia,Salman Mohammed Al Faraj,True,90.0
2018-06-20,Saudi Arabia,Yasir Gharsan Al Shahrani,True,90.0
2018-06-20,Saudi Arabia,Osama Abdulrezag Hawsawi,True,90.0
2018-06-20,Saudi Arabia,Taisir Jabir Al Jassim,True,42.28333333333333
2018-06-20,Saudi Arabia,Salem Mohammed Al Dawsari,True,90.0
2018-06-20,Saudi Arabia,Hattan Babhir,True,74.76666666666667
2018-06-20,Saudi Arabia,Abdullah Ibrahim Al Maiouf,False,0.0
2018-06-20,Saudi Arabia,Fahad Mosaed Al Muwallad Al Harbi,True,77.35
2018-06-20,Saudi Arabia,Mohammed Al Burayk,True,90.0
2018-06-20,Saudi Arabia,Yehya Sulaiman Ali Al-Shehri,False,0.0
2018-06-20,Saudi Arabia,Mohammad Ibrahim Al Sahlawi,False,12.650000000000006
2018-06-20,Saudi Arabia,Omar Ibrahim Omar Othman Hawsawi,False,0.0
2018-06-20,Saudi Arabia,Mohammed Kanoo,False,15.233333333333334
2018-06-20,Saudi Arabia,Mohammed Khalil Al Owais,True,90.0
2018-06-20,Saudi Arabia,Ali Albulayhi,True,90.0
2018-06-20,Saudi Arabia,Hussain Al Mogahwi,False,46.5
2018-06-20,Saudi Arabia,Motaz Ali Hassan Hawsawi,False,0.0
2018-06-20,Saudi Arabia,Yasser Abdullah Al Mosailem,False,0.0
2018-06-20,Saudi Arabia,Abdullah Alkhaibari,False,0.0
2018-06-20,Saudi Arabia,Abdulmalek Abdullah Al Khaibri,False,0.0
2018-06-20,Saudi Arabia,Mansour Althaqfi Al Harbi,False,0.0
2018-06-21,France,Nabil Fekir,False,10.716666666666669
2018-06-21,France,Presnel Kimpembe,False,0.0
2018-06-21,France,Kylian Mbappé Lottin,True,73.73333333333333
2018-06-21,France,Hugo Lloris,True,90.0
2018-06-21,France,Thomas Lemar,False,0.0
2018-06-21,France,Adil Rami,False,0.0
2018-06-21,France,Florian Thauvin,False,0.0
2018-06-21,France,Benjamin Mendy,False,0.0
2018-06-21,France,Alphonse Areola,False,0.0
2018-06-21,France,Djibril Sidibé,False,0.0
2018-06-21,France,Steve Mandanda,False,0.0
2018-06-21,France,Olivier Giroud,True,90.0
2018-06-21,France,N'Golo Kanté,True,90.0
2018-06-21,France,Blaise Matuidi,True,90.0
2018-06-21,France,Benjamin Pavard,True,90.0
2018-06-21,France,Ousmane Dembélé,False,16.266666666666666
2018-06-21,France,Corentin Tolisso,False,0.0
2018-06-21,France,Lucas Hernández Pi,True,90.0
2018-06-21,France,Raphaël Varane,True,90.0
2018-06-21,France,Antoine Griezmann,True,79.28333333333333
2018-06-21,France,Samuel Yves Umtiti,True,89.69999999999999
2018-06-21,France,Steven N'Kemboanza Mike Christopher Nzonzi,False,1.3333333333333286
2018-06-21,France,Paul Pogba,True,88.66666666666667
2018-06-21,Peru,André Martín Carrillo Díaz,True,90.0
2018-06-21,Peru,Miguel Ángel Trauco Saavedra,True,90.0
2018-06-21,Peru,Christian Alberto Cueva Bravo,True,81.66666666666667
2018-06-21,Peru,Luis Jan Piers Advíncula Castrillón,True,90.0
2018-06-21,Peru,Renato Fabrizio Tapia Cortijo,False,0.0
2018-06-21,Peru,Édison Michael Flores Peralta,True,90.0
2018-06-21,Peru,Pedro Jesús Aquino Sánchez,True,90.0
2018-06-21,Peru,Pedro David Gallese Quiróz,True,90.0
2018-06-21,Peru,Víctor Yoshimar Yotún Flores,True,45.0
2018-06-21,Peru,Christian Guillermo Martín Ramos Garagay,True,90.0
2018-06-21,Peru,Jefferson Agustín Farfán Guadalupe,False,45.0
2018-06-21,Peru,Alberto Junior Rodríguez Valdelomar,True,45.0
2018-06-21,Peru,Raúl Mario Ruidíaz Misitich,False,8.333333333333329
2018-06-21,Peru,José Paolo Guerrero Gonzáles,True,90.0
2018-06-21,Peru,Anderson Santamaría Bardales,False,45.0
2018-06-21,Peru,Wilder José Cartagena Mendoza,False,0.0
2018-06-21,Peru,Christopher Paolo César Hurtado Huertas,False,0.0
2018-06-21,Peru,Andy Jorman Polo Andrade,False,0.0
2018-06-21,Peru,Miguel Gianpierre Araujo Blanco,False,0.0
2018-06-21,Peru,José Aurelio Carvallo Alonso,False,0.0
2018-06-21,Peru,Aldo Sebastián Corzo Chávez,False,0.0
2018-06-21,Peru,Carlos Alberto Cáceda Oyaguez,False,0.0
2018-06-21,Peru,Nilson Evair Loyola Morales,False,0.0
2018-06-21,Argentina,Ángel Fabián Di María Hernández,False,0.0
2018-06-21,Argentina,Nicolás Hernán Otamendi,True,90.0
2018-06-21,Argentina,Sergio Leonel Agüero del Castillo,True,53.95
2018-06-21,Argentina,Giovani Lo Celso,False,0.0
2018-06-21,Argentina,Faustino Marcos Alberto Rojo,False,0.0
2018-06-21,Argentina,Wilfredo Daniel Caballero,True,90.0
2018-06-21,Argentina,Cristian David Pavón,False,34.35
2018-06-21,Argentina,Gonzalo Gerardo Higuaín,False,36.05
2018-06-21,Argentina,Maximiliano Eduardo Meza,True,90.0
2018-06-21,Argentina,Lionel Andrés Messi Cuccittini,True,90.0
2018-06-21,Argentina,Éver Maximiliano David Banega,False,0.0
2018-06-21,Argentina,Javier Alejandro Mascherano,True,90.0
2018-06-21,Argentina,Nicolás Alejandro Tagliafico,True,90.0
2018-06-21,Argentina,Lucas Rodrigo Biglia,False,0.0
2018-06-21,Argentina,Eduardo Antonio Salvio,True,55.65
2018-06-21,Argentina,Enzo Nicolás Pérez,True,67.76666666666667
2018-06-21,Argentina,Gabriel Iván Mercado,True,89.75
2018-06-21,Argentina,Paulo Bruno Exequiel Dybala,False,22.233333333333334
2018-06-21,Argentina,Franco Armani,False,0.0
2018-06-21,Argentina,Federico Julián Fazio,False,0.0
2018-06-21,Argentina,Cristian Daniel Ansaldi,False,0.0
2018-06-21,Argentina,Marcos Javier Acuña,True,90.0
2018-06-21,Argentina,Nahuel Ignacio Guzmán Palomeque,False,0.0
2018-06-21,Croatia,Danijel Subašić,True,90.0
2018-06-21,Croatia,Dejan Lovren,True,90.0
2018-06-21,Croatia,Mateo Kovačić,False,10.966666666666669
2018-06-21,Croatia,Ivan Strinić,True,90.0
2018-06-21,Croatia,Marko Pjaca,False,0.0
2018-06-21,Croatia,Andrej Kramarić,False,36.38333333333333
2018-06-21,Croatia,Šime Vrsaljko,True,90.0
2018-06-21,Croatia,Luka Modrić,True,90.0
2018-06-21,Croatia,Ante Rebić,True,56.333333333333336
2018-06-21,Croatia,Domagoj Vida,True,90.0
2018-06-21,Croatia,Marcelo Brozović,True,92.71666666666667
2018-06-21,Croatia,Ivan Rakitić,True,92.35
2018-06-21,Croatia,Mario Mandžukić,True,92.01666666666668
2018-06-21,Croatia,Ivan Perišić,True,81.75
2018-06-21,Croatia,Vedran Ćorluka,False,0.0833333333333286
2018-06-21,Croatia,Milan Badelj,False,0.0
2018-06-21,Croatia,Duje Ćaleta-Car,False,0.0
2018-06-21,Croatia,Josip Pivarić,False,0.0
2018-06-21,Croatia,Tin Jedvaj,False,0.0
2018-06-21,Croatia,Filip Bradarić,False,0.0
2018-06-21,Croatia,Lovre Kalinić,False,0.0
2018-06-21,Croatia,Dominik Livaković,False,0.0
2018-07-03,England,Bamidele Alli,True,78.71666666666667
2018-07-03,England,Kyle Walker,True,112.55
2018-07-03,England,Raheem Sterling,True,87.38333333333334
2018-07-03,England,John Stones,True,90.0
2018-07-03,England,Jesse Lingard,True,90.0
2018-07-03,England,Kieran Trippier,True,90.0
2018-07-03,England,Phil Jones,False,0.0
2018-07-03,England,Marcus Rashford,False,0.0
2018-07-03,England,Harry Maguire,True,90.0
2018-07-03,England,Jordan Pickford,True,90.0
2018-07-03,England,Nick Pope,False,0.0
2018-07-03,England,Ruben Loftus-Cheek,False,0.0
2018-07-03,England,Jordan Brian Henderson,True,90.0
2018-07-03,England,Jack Butland,False,0.0
2018-07-03,England,Daniel Nii Tackie Mensah Welbeck,False,0.0
2018-07-03,England,Danny Rose,False,0.0
2018-07-03,England,Ashley Young,True,101.55
2018-07-03,England,Gary Cahill,False,0.0
2018-07-03,England,Trent Alexander-Arnold,False,0.0
2018-07-03,England,Harry Kane,True,90.0
2018-07-03,England,Eric Dier,False,9.983333333333334
2018-07-03,England,Jamie Vardy,False,2.61666666666666
2018-07-03,Colombia,José Heriberto Izquierdo Mena,False,0.0
2018-07-03,Colombia,Radamel Falcao García Zárate,True,90.0
2018-07-03,Colombia,Davinson Sánchez Mina,True,90.0
2018-07-03,Colombia,David Ospina Ramírez,True,90.0
2018-07-03,Colombia,Jefferson Andrés Lerma Solís,True,61.083333333333336
2018-07-03,Colombia,Oscar Fabián Murillo Murillo,False,0.0
2018-07-03,Colombia,Carlos Alberto Sánchez Moreno,True,78.31666666666666
2018-07-03,Colombia,Wílmar Enrique Barrios Terán,True,90.0
2018-07-03,Colombia,Carlos Arturo Bacca Ahumada,False,28.916666666666664
2018-07-03,Colombia,Juan Guillermo Cuadrado Bello,True,90.0
2018-07-03,Colombia,Johan Andrés Mojica Palacio,True,90.0
2018-07-03,Colombia,Juan Fernando Quintero Paniagua,True,87.68333333333334
2018-07-03,Colombia,Santiago Arias Naranjo,True,144.18333333333334
2018-07-03,Colombia,Abel Enrique Aguilar Tapia,False,0.0
2018-07-03,Colombia,Andrés Mateus Uribe Villa,False,11.683333333333337
2018-07-03,Colombia,Yerry Fernando Mina González,True,90.0
2018-07-03,Colombia,Luis Fernando Muriel Fruto,False,2.316666666666663
2018-07-03,Colombia,Cristian Eduardo Zapata Valencia,False,0.0
2018-07-03,Colombia,Camilo Andrés Vargas Gil,False,0.0
2018-07-03,Colombia,Farid Alfonso Díaz Rhenals,False,0.0
2018-07-03,Colombia,José Fernando Cuadrado Romero,False,0.0
2018-06-28,Tunisia,Saîf-Eddine Khaoui,False,0.0
2018-06-28,Tunisia,Wahbi Khazri,True,87.9
2018-06-28,Tunisia,Bassem Srarfi,False,2.0999999999999943
2018-06-28,Tunisia,Oussama Haddadi,True,90.0
2018-06-28,Tunisia,Naïm Sliti,True,76.03333333333333
2018-06-28,Tunisia,Ellyes Joris Skhiri,True,90.0
2018-06-28,Tunisia,Yohan Benalouane,False,0.0
2018-06-28,Tunisia,Ali Maâloul,False,0.0
2018-06-28,Tunisia,Anice Badri,False,45.0
2018-06-28,Tunisia,Ferjani Sassi,True,45.0
2018-06-28,Tunisia,Yassine Meriah,True,90.0
2018-06-28,Tunisia,Saber Khalifa,False,0.0
2018-06-28,Tunisia,Fakhreddine Ben Youssef,True,90.0
2018-06-28,Tunisia,Mohamed Amine Ben Amor,False,0.0
2018-06-28,Tunisia,Hamdi Nagguez,True,90.0
2018-06-28,Tunisia,Aymen Mathlouthi,True,90.0
2018-06-28,Tunisia,Rami Bedoui,True,90.0
2018-06-28,Tunisia,Ghilane Chalali,True,90.0
2018-06-28,Tunisia,Ahmed Khalil,False,13.966666666666669
2018-06-28,Panama,José Luis Rodríguez Francis,True,90.0
2018-06-28,Panama,Gabriel Arturo Torres Tejada,True,45.0
2018-06-28,Panama,Blas Antonio Miguel Pérez Ortega,False,0.0
2018-06-28,Panama,Erick Javier Davis Grajales,False,0.0
2018-06-28,Panama,Román Aureliano Torres Morcillo,True,55.9
2018-06-28,Panama,Jaime Manuel Penedo Cano,True,90.0
2018-06-28,Panama,Edgar Yoel Bárcenas Herrera,True,90.0
2018-06-28,Panama,Fidel Escobar Mendieta,True,90.0
2018-06-28,Panama,Gabriel Enrique Gómez Girón,True,90.0
2018-06-28,Panama,Luis Carlos Tejada Hansell,False,34.1
2018-06-28,Panama,Aníbal Cesis Godoy,True,90.0
2018-06-28,Panama,Ricardo Guardia Avila,True,80.2
2018-06-28,Panama,Felipe Abdiel Baloy Ramírez,False,0.0
2018-06-28,Panama,Abdiel Arroyo Molinar,False,9.799999999999997
2018-06-28,Panama,Harold Oshkaly Cummings Segura,False,45.0
2018-06-28,Panama,Luis Carlos Ovalle Victoria,True,90.0
2018-06-28,Panama,Adolfo Abdiel Machado,True,90.0
2018-06-28,Panama,José De Jesús Calderón Frías,False,0.0
2018-06-28,Panama,Valentin Enrique Pimentel Armuelles,False,0.0
2018-06-28,Panama,Alex Raúl Rodríguez Ledezma,False,0.0
2018-06-28,Poland,Kamil Glik,True,90.0
2018-06-28,Poland,Łukasz Fabiański,True,90.0
2018-06-28,Poland,Grzegorz Krychowiak,True,90.0
2018-06-28,Poland,Jan Bednarek,True,90.0
2018-06-28,Poland,Artur Jędrzejczyk,True,90.0
2018-06-28,Poland,Łukasz Piszczek,False,0.0
2018-06-28,Poland,Piotr Zieliński,True,78.46666666666667
2018-06-28,Poland,Thiago Rangel Cionek,False,0.0
2018-06-28,Poland,Jakub Błaszczykowski,False,0.0
2018-06-28,Poland,Arkadiusz Milik,False,0.0
2018-06-28,Poland,Dawid Kownacki,False,0.0
2018-06-28,Poland,Kamil Grosicki,True,90.0
2018-06-28,Poland,Robert Lewandowski,True,90.0
2018-06-28,Poland,Wojciech Szczęsny,False,0.0
2018-06-28,Poland,Michał Pazdan,False,0.0
2018-06-28,Poland,Maciej Rybus,False,0.0
2018-06-28,Poland,Bartosz Bereszyński,True,90.0
2018-06-28,Poland,Łukasz Teodorczyk,False,11.533333333333331
2018-06-28,Poland,Jacek Góralski,True,90.0
2018-06-28,Poland,Rafał Kurzawa,True,78.75
2018-06-28,Poland,Sławomir Peszko,False,11.25
2018-06-28,Poland,Karol Linetty,False,0.0
2018-06-28,Poland,Bartosz Bialkowski,False,0.0
2018-06-28,Japan,Eiji Kawashima,True,90.0
2018-06-28,Japan,Maya Yoshida,True,90.0
2018-06-28,Japan,Hiroki Sakai,True,90.0
2018-06-28,Japan,Shinji Okazaki,True,46.516666666666666
2018-06-28,Japan,Yūya Ōsako,False,43.483333333333334
2018-06-28,Japan,Makoto Hasebe,False,8.833333333333329
2018-06-28,Japan,Gen Shōji,False,0.0
2018-06-28,Japan,Keisuke Honda,False,0.0
2018-06-28,Japan,Shinji Kagawa,False,0.0
2018-06-28,Japan,Takashi Inui,False,25.38333333333334
2018-06-28,Japan,Yuto Nagatomo,True,90.0
2018-06-28,Japan,Gaku Shibasaki,True,90.0
2018-06-28,Japan,Hotaru Yamaguchi,True,90.0
2018-06-28,Japan,Genki Haraguchi,False,0.0
2018-06-28,Japan,Takashi Usami,True,64.61666666666666
2018-06-28,Japan,Yoshinori Muto,True,81.16666666666667
2018-06-28,Japan,Tomoaki Makino,True,90.0
2018-06-28,Japan,Gotoku Sakai,True,90.0
2018-06-28,Japan,Wataru Endo,False,0.0
2018-06-28,Japan,Naomichi Ueda,False,0.0
2018-06-28,Japan,Ryota Oshima,False,0.0
2018-06-28,Japan,Masaaki Higashiguchi,False,0.0
2018-06-28,Japan,Kosuke Nakamura,False,0.0
2018-06-26,Croatia,Danijel Subašić,False,0.0
2018-06-26,Croatia,Dejan Lovren,False,20.88333333333334
2018-06-26,Croatia,Mateo Kovačić,True,80.68333333333334
2018-06-26,Croatia,Ivan Strinić,False,0.0
2018-06-26,Croatia,Marko Pjaca,True,69.11666666666666
2018-06-26,Croatia,Andrej Kramarić,True,90.0
2018-06-26,Croatia,Šime Vrsaljko,False,0.0
2018-06-26,Croatia,Luka Modrić,True,64.2
2018-06-26,Croatia,Ante Rebić,False,0.0
2018-06-26,Croatia,Domagoj Vida,False,0.0
2018-06-26,Croatia,Marcelo Brozović,False,0.0
2018-06-26,Croatia,Ivan Rakitić,False,9.316666666666663
2018-06-26,Croatia,Mario Mandžukić,False,0.0
2018-06-26,Croatia,Ivan Perišić,True,90.0
2018-06-26,Croatia,Vedran Ćorluka,True,90.0
2018-06-26,Croatia,Milan Badelj,True,90.0
2018-06-26,Croatia,Duje Ćaleta-Car,True,90.0
2018-06-26,Croatia,Josip Pivarić,True,90.0
2018-06-26,Croatia,Tin Jedvaj,True,90.0
2018-06-26,Croatia,Filip Bradarić,False,25.799999999999997
2018-06-26,Croatia,Lovre Kalinić,True,90.0
2018-06-26,Croatia,Dominik Livaković,False,0.0
2018-06-26,Iceland,Johann Berg Guðmunds­son,True,90.0
2018-06-26,Iceland,Gylfi Þór Sigurðsson,True,90.0
2018-06-26,Iceland,Rúrik Gíslason,False,0.0
2018-06-26,Iceland,Hannes Þór Halldórsson,True,90.0
2018-06-26,Iceland,Björn Bergmann Sigurðarson,False,20.016666666666666
2018-06-26,Iceland,Hörður Björgvin Magnússon,True,90.0
2018-06-26,Iceland,Ari Freyr Skúlason,False,0.0
2018-06-26,Iceland,Kári Árnason,False,0.0
2018-06-26,Iceland,Birkir Már Sævarsson,True,90.0
2018-06-26,Iceland,Birkir Bjarnason,True,87.48333333333332
2018-06-26,Iceland,Ragnar Sigurðsson,True,69.98333333333333
2018-06-26,Iceland,Emil Hallfreðsson,True,90.0
2018-06-26,Iceland,Alfreð Finnbogason,True,84.73333333333333
2018-06-26,Iceland,Aron Einar Gunnarsson,True,90.0
2018-06-26,Iceland,Jón Daði Böðvarsson,False,0.0
2018-06-26,Iceland,Sverrir Ingi Ingason,True,90.0
2018-06-26,Iceland,Arnór Ingvi Traustason,False,0.7833333333333314
2018-06-26,Iceland,Albert Gudmundsson,False,5.266666666666666
2018-06-26,Iceland,Rúnar Alex Rúnarsson,False,0.0
2018-06-26,Iceland,Samúel Kári Friðjónsson,False,0.0
2018-06-26,Iceland,Frederik August Albrecht Schram,False,0.0
2018-06-26,Iceland,Hólmar Örn Eyjólfsson,False,0.0
2018-06-26,Iceland,Ólafur Ingi Skúlason,False,0.0
2018-06-19,Egypt,Mohamed Salah,True,90.0
2018-06-19,Egypt,Ramadan Sobhi Ramadan Ahmed,False,22.683333333333337
2018-06-19,Egypt,Mohamed Naser Elsayed Elneny,True,63.21666666666667
2018-06-19,Egypt,Sam Morsy,False,0.0
2018-06-19,Egypt,Ahmed Elsayed Ali Elsayed Hegazy,True,90.0
2018-06-19,Egypt,Ahmed Fathy Abdel Meneim Ibrahim,True,90.0
2018-06-19,Egypt,Abdalla Mahmoud El Said Bekhit,True,90.0
2018-06-19,Egypt,Marwan Mohsen,True,81.23333333333333
2018-06-19,Egypt,Amr Medhat Warda,False,26.78333333333333
2018-06-19,Egypt,Ali Gabr,True,90.0
2018-06-19,Egypt,Mahmoud Abdul Monem Abdelhamid Soliman,False,8.766666666666666
2018-06-19,Egypt,Mahmoud Ibrahim Hassan,True,67.31666666666666
2018-06-19,Egypt,Tarek Hamed,True,90.0
2018-06-19,Egypt,Mohamed Abdul Shafy Sayed Abouezeid,True,90.0
2018-06-19,Egypt,Mohamed El Sayed Mohamed El Shenawy Gomaa,True,90.0
2018-06-19,Egypt,Essam Kamal Tawfik El Hadary,False,0.0
2018-06-19,Egypt,Ahmed Eissa El Mohamady Abdel Fattah,False,0.0
2018-06-19,Egypt,Omar Gaber,False,0.0
2018-06-19,Egypt,Mahmoud Abdel Razek Fadlallah,False,0.0
2018-06-19,Egypt,Ayman Ashraf,False,0.0
2018-06-19,Egypt,Sherif Ekramy Ahmed,False,0.0
2018-06-19,Egypt,Mahmoud Hamdi Mahmoud Hamouda Attia,False,0.0
2018-06-19,Egypt,Saad Ali Saadeldin Samir,False,0.0
2018-06-19,Russia,Mário Figueira Fernandes,True,90.0
2018-06-19,Russia,Roman Zobnin,True,90.0
2018-06-19,Russia,Igor Akinfeev,True,90.0
2018-06-19,Russia,Sergei Ignashevich,True,90.0
2018-06-19,Russia,Ilya Kutepov,True,90.0
2018-06-19,Russia,Aleksandr Golovin,True,90.0
2018-06-19,Russia,Daler Kuzyaev,False,16.566666666666663
2018-06-19,Russia,Yury Gazinskiy,True,90.0
2018-06-19,Russia,Aleksandr Samedov,True,90.0
2018-06-19,Russia,Denis Cheryshev,True,73.43333333333334
2018-06-19,Russia,Yuri Zhirkov,True,85.15
2018-06-19,Russia,Fyodor Smolov,False,11.666666666666671
2018-06-19,Russia,Artem Dzyuba,True,78.33333333333333
2018-06-19,Russia,Fedor Kudryashov,False,4.849999999999994
2018-06-19,Russia,Igor Smolnikov,False,0.0
2018-06-19,Russia,Aleksey Miranchuk,False,0.0
2018-06-19,Russia,Vladimir Granat,False,0.0
2018-06-19,Russia,Aleksandr Erokhin,False,0.0
2018-06-19,Russia,Anton Miranchuk,False,0.0
2018-06-19,Russia,Andrey Lunev,False,0.0
2018-06-19,Russia,Andrey Semenov,False,0.0
2018-06-19,Russia,Vladimir Gabulov,False,0.0
2018-06-16,Argentina,Ángel Fabián Di María Hernández,True,74.86666666666666
2018-06-16,Argentina,Nicolás Hernán Otamendi,True,90.0
2018-06-16,Argentina,Sergio Leonel Agüero del Castillo,True,90.0
2018-06-16,Argentina,Giovani Lo Celso,False,0.0
2018-06-16,Argentina,Faustino Marcos Alberto Rojo,True,90.0
2018-06-16,Argentina,Wilfredo Daniel Caballero,True,90.0
2018-06-16,Argentina,Cristian David Pavón,False,15.13333333333334
2018-06-16,Argentina,Gonzalo Gerardo Higuaín,False,6.316666666666663
2018-06-16,Argentina,Maximiliano Eduardo Meza,True,83.68333333333334
2018-06-16,Argentina,Lionel Andrés Messi Cuccittini,True,90.0
2018-06-16,Argentina,Éver Maximiliano David Banega,False,36.916666666666664
2018-06-16,Argentina,Javier Alejandro Mascherano,True,90.0
2018-06-16,Argentina,Nicolás Alejandro Tagliafico,True,90.0
2018-06-16,Argentina,Lucas Rodrigo Biglia,True,53.083333333333336
2018-06-16,Argentina,Eduardo Antonio Salvio,True,90.0
2018-06-16,Argentina,Enzo Nicolás Pérez,False,0.0
2018-06-16,Argentina,Gabriel Iván Mercado,False,0.0
2018-06-16,Argentina,Paulo Bruno Exequiel Dybala,False,0.0
2018-06-16,Argentina,Franco Armani,False,0.0
2018-06-16,Argentina,Federico Julián Fazio,False,0.0
2018-06-16,Argentina,Cristian Daniel Ansaldi,False,0.0
2018-06-16,Argentina,Marcos Javier Acuña,False,0.0
2018-06-16,Argentina,Nahuel Ignacio Guzmán Palomeque,False,0.0
2018-06-16,Iceland,Johann Berg Guðmunds­son,True,61.53333333333333
2018-06-16,Iceland,Gylfi Þór Sigurðsson,True,90.0
2018-06-16,Iceland,Rúrik Gíslason,False,27.299999999999997
2018-06-16,Iceland,Hannes Þór Halldórsson,True,90.0
2018-06-16,Iceland,Björn Bergmann Sigurðarson,False,1.8333333333333286
2018-06-16,Iceland,Hörður Björgvin Magnússon,True,90.0
2018-06-16,Iceland,Ari Freyr Skúlason,False,14.5
2018-06-16,Iceland,Kári Árnason,True,90.0
2018-06-16,Iceland,Birkir Már Sævarsson,True,90.0
2018-06-16,Iceland,Birkir Bjarnason,True,90.0
2018-06-16,Iceland,Ragnar Sigurðsson,True,90.0
2018-06-16,Iceland,Emil Hallfreðsson,True,90.0
2018-06-16,Iceland,Alfreð Finnbogason,True,88.16666666666667
2018-06-16,Iceland,Aron Einar Gunnarsson,True,75.5
2018-06-16,Iceland,Jón Daði Böðvarsson,False,0.0
2018-06-16,Iceland,Sverrir Ingi Ingason,False,0.0
2018-06-16,Iceland,Arnór Ingvi Traustason,False,0.0
2018-06-16,Iceland,Albert Gudmundsson,False,0.0
2018-06-16,Iceland,Rúnar Alex Rúnarsson,False,0.0
2018-06-16,Iceland,Samúel Kári Friðjónsson,False,0.0
2018-06-16,Iceland,Frederik August Albrecht Schram,False,0.0
2018-06-16,Iceland,Hólmar Örn Eyjólfsson,False,0.0
2018-06-16,Iceland,Ólafur Ingi Skúlason,False,0.0
2018-06-28,Belgium,Youri Tielemans,True,90.0
2018-06-28,Belgium,Mousa Sidi Yaya Dembélé,True,90.0
2018-06-28,Belgium,Jan Vertonghen,False,0.0
2018-06-28,Belgium,Kevin De Bruyne,False,0.0
2018-06-28,Belgium,Vincent Kompany,False,15.950000000000003
2018-06-28,Belgium,Thomas Meunier,False,0.0
2018-06-28,Belgium,Romelu Lukaku Menama,False,0.0
2018-06-28,Belgium,Marouane Fellaini-Bakkioui,True,90.0
2018-06-28,Belgium,Michy Batshuayi Tunga,True,90.0
2018-06-28,Belgium,Thibaut Courtois,True,90.0
2018-06-28,Belgium,Simon Mignolet,False,0.0
2018-06-28,Belgium,Eden Hazard,False,0.0
2018-06-28,Belgium,Nacer Chadli,True,90.0
2018-06-28,Belgium,Dries Mertens,False,4.566666666666663
2018-06-28,Belgium,Thorgan Hazard,True,90.0
2018-06-28,Belgium,Yannick Ferreira Carrasco,False,0.0
2018-06-28,Belgium,Anga Dedryck Boyata,True,90.0
2018-06-28,Belgium,Axel Witsel,False,0.0
2018-06-28,Belgium,Adnan Januzaj,True,85.43333333333334
2018-06-28,Belgium,Leander Dendoncker,True,90.0
2018-06-28,Belgium,Thomas Vermaelen,True,73.11666666666667
2018-06-28,Belgium,Koen Casteels,False,0.0
2018-06-28,Belgium,Toby Alderweireld,False,0.0
2018-06-28,England,Bamidele Alli,False,0.0
2018-06-28,England,Kyle Walker,False,0.0
2018-06-28,England,Raheem Sterling,False,0.0
2018-06-28,England,John Stones,True,45.0
2018-06-28,England,Jesse Lingard,False,0.0
2018-06-28,England,Kieran Trippier,False,0.0
2018-06-28,England,Phil Jones,True,90.0
2018-06-28,England,Marcus Rashford,True,90.0
2018-06-28,England,Harry Maguire,False,45.0
2018-06-28,England,Jordan Pickford,True,90.0
2018-06-28,England,Nick Pope,False,0.0
2018-06-28,England,Ruben Loftus-Cheek,True,90.0
2018-06-28,England,Jordan Brian Henderson,False,0.0
2018-06-28,England,Jack Butland,False,0.0
2018-06-28,England,Daniel Nii Tackie Mensah Welbeck,False,12.033333333333331
2018-06-28,England,Danny Rose,True,90.0
2018-06-28,England,Ashley Young,False,0.0
2018-06-28,England,Gary Cahill,True,90.0
2018-06-28,England,Trent Alexander-Arnold,True,77.96666666666667
2018-06-28,England,Fabian Delph,True,90.0
2018-06-28,England,Harry Kane,False,0.0
2018-06-28,England,Eric Dier,True,90.0
2018-06-28,England,Jamie Vardy,True,90.0
2018-07-03,Switzerland,Jacques François Moubandje,False,0.0
2018-07-03,Switzerland,Granit Xhaka,True,90.0
2018-07-03,Switzerland,Xherdan Shaqiri,True,90.0
2018-07-03,Switzerland,Denis Lemi Zakaria Lako Lado,False,0.0
2018-07-03,Switzerland,Valon Behrami,True,90.0
2018-07-03,Switzerland,Haris Seferović,False,17.36666666666666
2018-07-03,Switzerland,Ricardo Iván Rodríguez Araya,True,90.0
2018-07-03,Switzerland,Breel-Donald Embolo,False,17.549999999999997
2018-07-03,Switzerland,Michael Lang,True,92.7
2018-07-03,Switzerland,Steven Zuber,True,72.45
2018-07-03,Switzerland,Manuel Obafemi Akanji,True,90.0
2018-07-03,Switzerland,Yann Sommer,True,90.0
2018-07-03,Switzerland,Blerim Džemaili,True,72.63333333333334
2018-07-03,Switzerland,Mario Gavranović,False,0.0
2018-07-03,Switzerland,Josip Drmic,True,90.0
2018-07-03,Switzerland,Johan Danon Djourou-Gbadjere,True,90.0
2018-07-03,Switzerland,Remo Freuler,False,0.0
2018-07-03,Switzerland,Roman Bürki,False,0.0
2018-07-03,Switzerland,Gélson da Conceição Tavares Fernandes,False,0.0
2018-07-03,Switzerland,Nico Elvedi,False,0.0
2018-07-03,Switzerland,Yvon Landry Mvogo,False,0.0
2018-07-03,Sweden,Karl-Johan Johnsson,False,0.0
2018-07-03,Sweden,Martin Olsson,False,9.283333333333331
2018-07-03,Sweden,Victor Nilsson Lindelöf,True,90.0
2018-07-03,Sweden,Ola Toivonen,True,90.0
2018-07-03,Sweden,Pontus Jansson,False,0.0
2018-07-03,Sweden,Oscar Hiljemark,False,0.0
2018-07-03,Sweden,Andreas Granqvist,True,90.0
2018-07-03,Sweden,Gustav Svensson,True,90.0
2018-07-03,Sweden,Mikael Lustig,True,81.66666666666667
2018-07-03,Sweden,Viktor Claesson,True,90.0
2018-07-03,Sweden,Isaac Kiese Thelin,False,0.0
2018-07-03,Sweden,Ludwig Augustinsson,True,90.0
2018-07-03,Sweden,Robin Olsen,True,90.0
2018-07-03,Sweden,Albin Ekdal,True,90.0
2018-07-03,Sweden,Emil Peter Forsberg,True,80.71666666666667
2018-07-03,Sweden,John Guidetti,False,0.0
2018-07-03,Sweden,Emil Krafth,False,8.333333333333329
2018-07-03,Sweden,Filip Helander,False,0.0
2018-07-03,Sweden,Marcus Rohdén,False,0.0
2018-07-03,Sweden,Kristoffer Nordfeldt,False,0.0
2018-07-03,Sweden,Marcus Berg,True,90.05
2018-07-03,Sweden,Jimmy Durmaz,False,0.0
2018-06-25,Portugal,Anthony Lopes,False,0.0
2018-06-25,Portugal,João Filipe Iria Santos Moutinho,False,6.38333333333334
2018-06-25,Portugal,Bernardo Mota Veiga de Carvalho e Silva,False,21.049999999999997
2018-06-25,Portugal,Cédric Ricardo Alves Soares,True,90.0
2018-06-25,Portugal,Adrien Sebastian Perruchet Silva,True,90.0
2018-06-25,Portugal,José Miguel da Rocha Fonte,True,89.33333333333333
2018-06-25,Portugal,João Mário Naval da Costa Eduardo,True,83.61666666666666
2018-06-25,Portugal,Gonçalo Manuel Ganchinho Guedes,False,0.0
2018-06-25,Portugal,Bruno Miguel Borges Fernandes,False,0.0
2018-06-25,Portugal,Rui Pedro dos Santos Patrício,True,90.0
2018-06-25,Portugal,Rúben Santos Gato Alves Dias,False,0.0
2018-06-25,Portugal,Cristiano Ronaldo dos Santos Aveiro,True,90.0
2018-06-25,Portugal,Raphaël Adelino José Guerreiro,True,90.0
2018-06-25,Portugal,William Silva de Carvalho,True,90.0
2018-06-25,Portugal,Ricardo Andrade Quaresma Bernardo,True,68.95
2018-06-25,Portugal,André Miguel Valente Silva,True,94.91666666666667
2018-06-25,Portugal,Gelson Dany Batalha Martins,False,0.0
2018-06-25,Portugal,Manuel Henrique Tavares Fernandes,False,0.0
2018-06-25,Portugal,Ricardo Domingos Barbosa Pereira,False,0.0
2018-06-25,Portugal,Mário Rui Silva Duarte,False,0.0
2018-06-25,Portugal,Bruno Eduardo Regufe Alves,False,0.0
2018-06-25,Portugal,Kléper Laveran Lima Ferreira,True,90.0
2018-06-25,Portugal,António Alberto Bastos Pimparel,False,0.0
2018-06-25,Iran,Morteza Pouraliganji,True,90.0
2018-06-25,Iran,Sardar Azmoun,True,90.0
2018-06-25,Iran,Omid Ebrahimi,True,90.0
2018-06-25,Iran,Mehdi Taremi,True,90.0
2018-06-25,Iran,Alireza Safar Beiranvand,True,90.0
2018-06-25,Iran,Seyed Majid Hosseini,True,90.0
2018-06-25,Iran,Ehsan Hajsafi,True,55.61666666666667
2018-06-25,Iran,Karim Ansarifard,False,14.733333333333334
2018-06-25,Iran,Ramin Rezaeian,True,90.0
2018-06-25,Iran,Masoud Shojaei Soleimani,False,0.0
2018-06-25,Iran,Alireza Jahanbakhsh,True,69.36666666666666
2018-06-25,Iran,Saman Ghoddos,False,20.63333333333334
2018-06-25,Iran,Vahid Amiri,True,90.0
2018-06-25,Iran,Milad Mohammadi,False,34.38333333333333
2018-06-25,Iran,Saeid Ezatolahi Afagh,True,75.26666666666667
2018-06-25,Iran,Reza Ghoochannejhad Nournia,False,0.0
2018-06-25,Iran,Amir Abedzadeh,False,0.0
2018-06-25,Iran,Ashkan Dejagah,False,0.0
2018-06-25,Iran,Mehdi Torabi,False,0.0
2018-06-25,Iran,Mohammad Rashid Mazaheri,False,0.0
2018-06-25,Iran,Pejman Montazeri,False,0.0
2018-06-25,Iran,Mohammad Reza Khanzadeh,False,0.0
2018-06-20,Portugal,Anthony Lopes,False,0.0
2018-06-20,Portugal,João Filipe Iria Santos Moutinho,True,88.01666666666667
2018-06-20,Portugal,Bernardo Mota Veiga de Carvalho e Silva,True,58.483333333333334
2018-06-20,Portugal,Cédric Ricardo Alves Soares,True,90.0
2018-06-20,Portugal,Adrien Sebastian Perruchet Silva,False,1.9833333333333343
2018-06-20,Portugal,José Miguel da Rocha Fonte,True,90.0
2018-06-20,Portugal,João Mário Naval da Costa Eduardo,True,69.2
2018-06-20,Portugal,Gonçalo Manuel Ganchinho Guedes,True,90.0
2018-06-20,Portugal,Bruno Miguel Borges Fernandes,False,20.799999999999997
2018-06-20,Portugal,Rui Pedro dos Santos Patrício,True,90.0
2018-06-20,Portugal,Rúben Santos Gato Alves Dias,False,0.0
2018-06-20,Portugal,Cristiano Ronaldo dos Santos Aveiro,True,90.0
2018-06-20,Portugal,Raphaël Adelino José Guerreiro,True,90.0
2018-06-20,Portugal,William Silva de Carvalho,True,90.0
2018-06-20,Portugal,Ricardo Andrade Quaresma Bernardo,False,0.0
2018-06-20,Portugal,André Miguel Valente Silva,False,0.0
2018-06-20,Portugal,Gelson Dany Batalha Martins,False,31.516666666666666
2018-06-20,Portugal,Manuel Henrique Tavares Fernandes,False,0.0
2018-06-20,Portugal,Ricardo Domingos Barbosa Pereira,False,0.0
2018-06-20,Portugal,Mário Rui Silva Duarte,False,0.0
2018-06-20,Portugal,Bruno Eduardo Regufe Alves,False,0.0
2018-06-20,Portugal,Kléper Laveran Lima Ferreira,True,90.0
2018-06-20,Portugal,António Alberto Bastos Pimparel,False,0.0
2018-06-20,Morocco,Nordin Amrabat,True,90.0
2018-06-20,Morocco,Hamza Mendyl,False,0.0
2018-06-20,Morocco,Romain Saïss,False,0.0
2018-06-20,Morocco,Manuel Marouan da Costa Trinidade,True,90.0
2018-06-20,Morocco,Aziz Bouhaddouz,False,0.0
2018-06-20,Morocco,Ayoub El Kaabi,False,21.11666666666666
2018-06-20,Morocco,Mbark Boussoufa,True,90.0
2018-06-20,Morocco,Munir Mohand Mohamedi,True,90.0
2018-06-20,Morocco,Sofyan Amrabat,False,0.0
2018-06-20,Morocco,Karim El Ahmadi Al Aroos,True,85.46666666666667
2018-06-20,Morocco,Hakim Ziyech,True,90.0
2018-06-20,Morocco,Younès Belhanda,True,74.7
2018-06-20,Morocco,Amine Harit,False,0.0
2018-06-20,Morocco,Medhi Amine El Mouttaqi Benatia,True,90.0
2018-06-20,Morocco,Achraf Hakimi Mouh,True,90.0
2018-06-20,Morocco,Fayçal Fajr,False,4.533333333333331
2018-06-20,Morocco,Mehdi Carcela-González,False,15.299999999999997
2018-06-20,Morocco,Khalid Boutaïb,True,68.88333333333334
2018-06-20,Morocco,Nabil Dirar,True,90.0
2018-06-20,Morocco,Youssef En-Nesyri,False,0.0
2018-06-20,Morocco,Yassine Bounou,False,0.0
2018-06-20,Morocco,Ahmed Reda Tagnaouti,False,0.0
2018-07-11,England,Bamidele Alli,True,90.0
2018-07-11,England,Kyle Walker,True,133.95
2018-07-11,England,Raheem Sterling,True,73.16666666666667
2018-07-11,England,John Stones,True,111.28333333333333
2018-07-11,England,Jesse Lingard,True,90.0
2018-07-11,England,Kieran Trippier,True,115.13333333333334
2018-07-11,England,Phil Jones,False,0.0
2018-07-11,England,Marcus Rashford,False,16.83333333333333
2018-07-11,England,Harry Maguire,True,90.0
2018-07-11,England,Jordan Pickford,True,90.0
2018-07-11,England,Nick Pope,False,0.0
2018-07-11,England,Ruben Loftus-Cheek,False,0.0
2018-07-11,England,Jordan Brian Henderson,True,96.65
2018-07-11,England,Jack Butland,False,0.0
2018-07-11,England,Daniel Nii Tackie Mensah Welbeck,False,0.0
2018-07-11,England,Danny Rose,False,0.0
2018-07-11,England,Ashley Young,True,90.0
2018-07-11,England,Gary Cahill,False,0.0
2018-07-11,England,Trent Alexander-Arnold,False,0.0
2018-07-11,England,Fabian Delph,False,0.0
2018-07-11,England,Harry Kane,True,90.0
2018-07-11,England,Eric Dier,False,0.0
2018-07-11,England,Jamie Vardy,False,0.09999999999999432
2018-07-11,Croatia,Danijel Subašić,True,90.0
2018-07-11,Croatia,Dejan Lovren,True,90.0
2018-07-11,Croatia,Mateo Kovačić,False,0.0
2018-07-11,Croatia,Ivan Strinić,True,94.18333333333334
2018-07-11,Croatia,Marko Pjaca,False,0.0
2018-07-11,Croatia,Andrej Kramarić,False,0.0
2018-07-11,Croatia,Šime Vrsaljko,True,90.0
2018-07-11,Croatia,Luka Modrić,True,117.76666666666667
2018-07-11,Croatia,Ante Rebić,True,100.78333333333333
2018-07-11,Croatia,Domagoj Vida,True,90.0
2018-07-11,Croatia,Marcelo Brozović,True,90.0
2018-07-11,Croatia,Ivan Rakitić,True,90.0
2018-07-11,Croatia,Mario Mandžukić,True,114.85
2018-07-11,Croatia,Ivan Perišić,True,90.0
2018-07-11,Croatia,Vedran Ćorluka,False,0.0
2018-07-11,Croatia,Milan Badelj,False,0.0
2018-07-11,Croatia,Duje Ćaleta-Car,False,0.0
2018-07-11,Croatia,Josip Pivarić,False,0.0
2018-07-11,Croatia,Tin Jedvaj,False,0.0
2018-07-11,Croatia,Filip Bradarić,False,0.0
2018-07-11,Croatia,Lovre Kalinić,False,0.0
2018-07-11,Croatia,Dominik Livaković,False,0.0
2018-06-22,Brazil,Fernando Luiz Roza,False,1.2000000000000028
2018-06-22,Brazil,Ederson Santana de Moraes,False,0.0
2018-06-22,Brazil,Gabriel Fernando de Jesus,True,92.21666666666667
2018-06-22,Brazil,Thiago Emiliano da Silva,True,90.0
2018-06-22,Brazil,Willian Borges da Silva,True,45.0
2018-06-22,Brazil,Philippe Coutinho Correia,True,93.41666666666667
2018-06-22,Brazil,Roberto Firmino Barbosa de Oliveira,False,25.80000000000001
2018-06-22,Brazil,Neymar da Silva Santos Junior,True,90.0
2018-06-22,Brazil,Marcos Aoás Corrêa,False,0.0
2018-06-22,Brazil,Carlos Henrique Casimiro,True,93.4
2018-06-22,Brazil,José Paulo Bezzera Maciel Júnior,True,67.61666666666666
2018-06-22,Brazil,Alisson Ramsés Becker,True,90.0
2018-06-22,Brazil,João Miranda de Souza Filho,True,90.0
2018-06-22,Brazil,Marcelo Vieira da Silva Júnior,True,90.0
2018-06-22,Brazil,Renato Soares de Oliveira Augusto,False,0.0
2018-06-22,Brazil,Douglas Costa de Souza,False,45.0
2018-06-22,Brazil,Fágner Conserva Lemos,True,90.0
2018-06-22,Brazil,Filipe Luís Kasmirski,False,0.0
2018-06-22,Brazil,Frederico Rodrigues Santos,False,0.0
2018-06-22,Brazil,Taison Barcellos Freda,False,0.0
2018-06-22,Brazil,Pedro Tonon Geromel,False,0.0
2018-06-22,Brazil,Cássio Ramos,False,0.0
2018-06-22,Costa Rica,Joel Nathaniel Campbell Samuels,False,0.0
2018-06-22,Costa Rica,Celso Borges Mora,True,90.0
2018-06-22,Costa Rica,Giancarlo González Castro,True,90.0
2018-06-22,Costa Rica,Daniel Colindres Solera,False,0.0
2018-06-22,Costa Rica,Marcos Danilo Ureña Porras,True,53.766666666666666
2018-06-22,Costa Rica,Johnny Acosta Zamora,True,90.0
2018-06-22,Costa Rica,Bryan Ruiz González,True,90.0
2018-06-22,Costa Rica,Christian Bolaños Navarro,False,36.233333333333334
2018-06-22,Costa Rica,Johan Alberto Venegas Ulloa,True,90.0
2018-06-22,Costa Rica,Keylor Navas Gamboa,True,90.0
2018-06-22,Costa Rica,Óscar Esau Duarte Gaitán,True,90.0
2018-06-22,Costa Rica,David Alberto Guzmán Pérez,True,82.6
2018-06-22,Costa Rica,Francisco Javier Calvo Quesada,False,15.666666666666671
2018-06-22,Costa Rica,Cristian Gamboa Luna,True,74.33333333333333
2018-06-22,Costa Rica,Bryan Oviedo,True,90.0
2018-06-22,Costa Rica,Yeltsin Ignacio Tejeda Valverde,False,7.400000000000006
2018-06-22,Costa Rica,Rodney Wallace,False,0.0
2018-06-22,Costa Rica,Rándall Azofeifa Corrales,False,0.0
2018-06-22,Costa Rica,Kendall Jamaal Waston Manley,False,0.0
2018-06-22,Costa Rica,Ian Rey Smith Quiros,False,0.0
2018-06-22,Costa Rica,Patrick Alberto Pemberton Bernard,False,0.0
2018-06-22,Costa Rica,Leonel Moreira Ledezma,False,0.0
2018-06-22,Costa Rica,Kenner Gutiérrez Cerdas,False,0.0
2018-06-15,Egypt,Mohamed Salah,False,0.0
2018-06-15,Egypt,Ramadan Sobhi Ramadan Ahmed,False,8.450000000000003
2018-06-15,Egypt,Mohamed Naser Elsayed Elneny,True,90.0
2018-06-15,Egypt,Sam Morsy,False,40.15
2018-06-15,Egypt,Ahmed Elsayed Ali Elsayed Hegazy,True,90.0
2018-06-15,Egypt,Ahmed Fathy Abdel Meneim Ibrahim,True,90.0
2018-06-15,Egypt,Abdalla Mahmoud El Said Bekhit,True,90.0
2018-06-15,Egypt,Marwan Mohsen,True,62.4
2018-06-15,Egypt,Amr Medhat Warda,True,81.55
2018-06-15,Egypt,Ali Gabr,True,90.0
2018-06-15,Egypt,Mahmoud Abdul Monem Abdelhamid Soliman,False,27.6
2018-06-15,Egypt,Mahmoud Ibrahim Hassan,True,93.35
2018-06-15,Egypt,Tarek Hamed,True,49.28333333333334
2018-06-15,Egypt,Mohamed Abdul Shafy Sayed Abouezeid,True,90.0
2018-06-15,Egypt,Mohamed El Sayed Mohamed El Shenawy Gomaa,True,90.0
2018-06-15,Egypt,Essam Kamal Tawfik El Hadary,False,0.0
2018-06-15,Egypt,Ahmed Eissa El Mohamady Abdel Fattah,False,0.0
2018-06-15,Egypt,Omar Gaber,False,0.0
2018-06-15,Egypt,Mahmoud Abdel Razek Fadlallah,False,0.0
2018-06-15,Egypt,Ayman Ashraf,False,0.0
2018-06-15,Egypt,Sherif Ekramy Ahmed,False,0.0
2018-06-15,Egypt,Mahmoud Hamdi Mahmoud Hamouda Attia,False,0.0
2018-06-15,Egypt,Saad Ali Saadeldin Samir,False,0.0
2018-06-15,Uruguay,Edinson Roberto Cavani Gómez,True,90.0
2018-06-15,Uruguay,Luis Alberto Suárez Díaz,True,90.0
2018-06-15,Uruguay,Nahitan Michel Nández Acosta,True,57.6
2018-06-15,Uruguay,José Martín Cáceres Silva,True,90.0
2018-06-15,Uruguay,Diego Roberto Godín Leal,True,90.0
2018-06-15,Uruguay,Matías Vecino Falero,True,86.91666666666667
2018-06-15,Uruguay,Cristian Gabriel Rodríguez Barrotti,False,31.93333333333333
2018-06-15,Uruguay,Giorgian Daniel De Arrascaeta Benedetti,True,58.06666666666667
2018-06-15,Uruguay,José María Giménez de Vargas,True,90.0
2018-06-15,Uruguay,Rodrigo Bentancur Colmán,True,90.0
2018-06-15,Uruguay,Guillermo Varela Olivera,True,90.0
2018-06-15,Uruguay,Lucas Torreira Di Pascua,False,3.0833333333333286
2018-06-15,Uruguay,Néstor Fernando Muslera Micol,True,90.0
2018-06-15,Uruguay,Carlos Andrés Sánchez Arcosa,False,32.4
2018-06-15,Uruguay,Diego Sebastián Laxalt Suárez,False,0.0
2018-06-15,Uruguay,Maximiliano Gómez González,False,0.0
2018-06-15,Uruguay,Sebastián Coates Nión,False,0.0
2018-06-15,Uruguay,Cristhian Ricardo Stuani Curbelo,False,0.0
2018-06-15,Uruguay,Jonathan Matías Urretaviscaya da Luz,False,0.0
2018-06-15,Uruguay,Victorio Maximiliano Pereira Páez,False,0.0
2018-06-15,Uruguay,Martín Nicolás Campaña Delgado,False,0.0
2018-06-15,Uruguay,Gastón Alexis Silva Perdomo,False,0.0
2018-06-15,Uruguay,Martín Andrés Silva Leites,False,0.0
2018-06-23,Mexico,Javier Hernández Balcázar,True,90.0
2018-06-23,Mexico,Miguel Arturo Layún Prado,True,90.0
2018-06-23,Mexico,Rafael Márquez Álvarez,False,22.950000000000003
2018-06-23,Mexico,Carlos Alberto Vela Garrido,True,76.05
2018-06-23,Mexico,Hugo Ayala Castro,False,0.0
2018-06-23,Mexico,José Andrés Guardado Hernández,True,67.05
2018-06-23,Mexico,Carlos Joel Salcedo Hernández,True,90.0
2018-06-23,Mexico,Edson Omar Álvarez Velázquez,True,90.0
2018-06-23,Mexico,Raúl Alonso Jiménez Rodríguez,False,0.0
2018-06-23,Mexico,Hirving Rodrigo Lozano Bahena,True,70.16666666666667
2018-06-23,Mexico,Héctor Alfredo Moreno Herrera,True,90.0
2018-06-23,Mexico,Héctor Miguel Herrera López,True,90.0
2018-06-23,Mexico,Jesús Daniel Gallardo Vasconcelos,True,90.0
2018-06-23,Mexico,Francisco Guillermo Ochoa Magaña,True,90.0
2018-06-23,Mexico,Jesús Manuel Corona Ruíz,False,19.83333333333333
2018-06-23,Mexico,Giovani dos Santos Ramírez,False,13.950000000000003
2018-06-23,Mexico,Oribe Peralta Morones,False,0.0
2018-06-23,Mexico,Marco Jhonfai Fabián De La Mora,False,0.0
2018-06-23,Mexico,Jonathan dos Santos Ramírez,False,0.0
2018-06-23,Mexico,Érick Gabriel Gutiérrez Galaviz,False,0.0
2018-06-23,Mexico,José de Jesús Corona Rodríguez,False,0.0
2018-06-23,Mexico,Alfredo Talavera Díaz,False,0.0
2018-06-23,Mexico,Javier Ignacio Aquino Carmona,False,0.0
2018-06-23,South Korea,Heung-Min Son,True,90.0
2018-06-23,South Korea,Sung-Yeung Ki,True,90.0
2018-06-23,South Korea,Young-Gwon Kim,True,90.0
2018-06-23,South Korea,Hyun-Soo Jang,True,90.0
2018-06-23,South Korea,Yong Lee,True,89.33333333333334
2018-06-23,South Korea,Min-Woo Kim,True,83.11666666666666
2018-06-23,South Korea,Seung-Woo Lee,False,26.766666666666666
2018-06-23,South Korea,Woo-Young Jung,False,13.450000000000003
2018-06-23,South Korea,Hyeon-Woo Jo,True,90.0
2018-06-23,South Korea,Hee-Chan Hwang,True,90.0
2018-06-23,South Korea,Jae-Sung Lee,True,90.0
2018-06-23,South Korea,Shin-Wook Kim,False,0.0
2018-06-23,South Korea,Ja-Cheol Koo,False,0.0
2018-06-23,South Korea,Chul Hong,False,6.88333333333334
2018-06-23,South Korea,Se-Jong Ju,True,63.233333333333334
2018-06-23,South Korea,Seon-Min Moon,True,76.55
2018-06-23,South Korea,Young-Sun Yun,False,0.0
2018-06-23,South Korea,Yo-Han Go,False,0.0
2018-06-23,South Korea,Seung-Gyu Kim,False,0.0
2018-06-23,South Korea,Jin-Hyeon Kim,False,0.0
2018-06-23,South Korea,Seung-Hyun Jung,False,0.0
2018-06-23,South Korea,Ban-Suk Oh,False,0.0
2018-06-18,Belgium,Youri Tielemans,False,0.0
2018-06-18,Belgium,Mousa Sidi Yaya Dembélé,False,16.41666666666667
2018-06-18,Belgium,Jan Vertonghen,True,90.0
2018-06-18,Belgium,Kevin De Bruyne,True,90.0
2018-06-18,Belgium,Thomas Meunier,True,90.0
2018-06-18,Belgium,Romelu Lukaku Menama,True,90.0
2018-06-18,Belgium,Marouane Fellaini-Bakkioui,False,0.0
2018-06-18,Belgium,Michy Batshuayi Tunga,False,0.0
2018-06-18,Belgium,Thibaut Courtois,True,90.0
2018-06-18,Belgium,Simon Mignolet,False,0.0
2018-06-18,Belgium,Eden Hazard,True,90.0
2018-06-18,Belgium,Nacer Chadli,False,0.6500000000000057
2018-06-18,Belgium,Dries Mertens,True,82.66666666666667
2018-06-18,Belgium,Thorgan Hazard,False,7.333333333333329
2018-06-18,Belgium,Yannick Ferreira Carrasco,True,73.58333333333333
2018-06-18,Belgium,Anga Dedryck Boyata,True,90.0
2018-06-18,Belgium,Axel Witsel,True,89.35
2018-06-18,Belgium,Adnan Januzaj,False,0.0
2018-06-18,Belgium,Leander Dendoncker,False,0.0
2018-06-18,Belgium,Koen Casteels,False,0.0
2018-06-18,Belgium,Toby Alderweireld,True,90.0
2018-06-18,Panama,José Luis Rodríguez Francis,True,61.95
2018-06-18,Panama,Gabriel Arturo Torres Tejada,False,27.666666666666664
2018-06-18,Panama,Blas Antonio Miguel Pérez Ortega,True,73.05
2018-06-18,Panama,Erick Javier Davis Grajales,True,90.0
2018-06-18,Panama,Román Aureliano Torres Morcillo,True,90.0
2018-06-18,Panama,Jaime Manuel Penedo Cano,True,90.0
2018-06-18,Panama,Edgar Yoel Bárcenas Herrera,True,62.333333333333336
2018-06-18,Panama,Fidel Escobar Mendieta,True,90.0
2018-06-18,Panama,Gabriel Enrique Gómez Girón,True,89.5
2018-06-18,Panama,Michael Amir Murillo Bermudez,True,90.0
2018-06-18,Panama,Luis Carlos Tejada Hansell,False,16.950000000000003
2018-06-18,Panama,Ismael Díaz De León,False,27.233333333333334
2018-06-18,Panama,Armando Enrique Cooper Whitaker,True,89.48333333333333
2018-06-18,Panama,Aníbal Cesis Godoy,True,90.0
2018-06-18,Panama,Ricardo Guardia Avila,False,0.0
2018-06-18,Panama,Felipe Abdiel Baloy Ramírez,False,0.0
2018-06-18,Panama,Abdiel Arroyo Molinar,False,0.0
2018-06-18,Panama,Harold Oshkaly Cummings Segura,False,0.0
2018-06-18,Panama,Luis Carlos Ovalle Victoria,False,0.0
2018-06-18,Panama,Adolfo Abdiel Machado,False,0.0
2018-06-18,Panama,José De Jesús Calderón Frías,False,0.0
2018-06-18,Panama,Valentin Enrique Pimentel Armuelles,False,0.0
2018-06-18,Panama,Alex Raúl Rodríguez Ledezma,False,0.0
2018-06-24,Poland,Kamil Glik,False,10.150000000000006
2018-06-24,Poland,Łukasz Fabiański,False,0.0
2018-06-24,Poland,Grzegorz Krychowiak,True,90.0
2018-06-24,Poland,Jan Bednarek,True,90.0
2018-06-24,Poland,Artur Jędrzejczyk,False,0.0
2018-06-24,Poland,Łukasz Piszczek,True,90.0
2018-06-24,Poland,Piotr Zieliński,True,90.0
2018-06-24,Poland,Thiago Rangel Cionek,False,0.0
2018-06-24,Poland,Jakub Błaszczykowski,False,0.0
2018-06-24,Poland,Arkadiusz Milik,False,0.0
2018-06-24,Poland,Dawid Kownacki,True,56.46666666666667
2018-06-24,Poland,Kamil Grosicki,False,33.53333333333333
2018-06-24,Poland,Robert Lewandowski,True,90.0
2018-06-24,Poland,Wojciech Szczęsny,True,90.0
2018-06-24,Poland,Michał Pazdan,True,79.21666666666667
2018-06-24,Poland,Maciej Rybus,True,90.0
2018-06-24,Poland,Bartosz Bereszyński,True,71.96666666666667
2018-06-24,Poland,Łukasz Teodorczyk,False,18.03333333333333
2018-06-24,Poland,Jacek Góralski,True,90.0
2018-06-24,Poland,Rafał Kurzawa,False,0.0
2018-06-24,Poland,Sławomir Peszko,False,0.0
2018-06-24,Poland,Karol Linetty,False,0.0
2018-06-24,Poland,Bartosz Bialkowski,False,0.0
2018-06-24,Colombia,José Heriberto Izquierdo Mena,False,0.0
2018-06-24,Colombia,Radamel Falcao García Zárate,True,77.65
2018-06-24,Colombia,Davinson Sánchez Mina,True,90.0
2018-06-24,Colombia,David Ospina Ramírez,True,90.0
2018-06-24,Colombia,Jefferson Andrés Lerma Solís,False,17.75
2018-06-24,Colombia,Oscar Fabián Murillo Murillo,False,0.0
2018-06-24,Colombia,Wílmar Enrique Barrios Terán,True,90.0
2018-06-24,Colombia,Carlos Arturo Bacca Ahumada,False,12.349999999999994
2018-06-24,Colombia,Juan Guillermo Cuadrado Bello,True,90.0
2018-06-24,Colombia,Johan Andrés Mojica Palacio,True,90.0
2018-06-24,Colombia,Juan Fernando Quintero Paniagua,True,72.25
2018-06-24,Colombia,James David Rodríguez Rubio,True,90.0
2018-06-24,Colombia,Santiago Arias Naranjo,True,90.0
2018-06-24,Colombia,Abel Enrique Aguilar Tapia,True,31.3
2018-06-24,Colombia,Andrés Mateus Uribe Villa,False,58.7
2018-06-24,Colombia,Yerry Fernando Mina González,True,90.0
2018-06-24,Colombia,Miguel Ángel Borja Hernández,False,0.0
2018-06-24,Colombia,Luis Fernando Muriel Fruto,False,0.0
2018-06-24,Colombia,Cristian Eduardo Zapata Valencia,False,0.0
2018-06-24,Colombia,Camilo Andrés Vargas Gil,False,0.0
2018-06-24,Colombia,Farid Alfonso Díaz Rhenals,False,0.0
2018-06-24,Colombia,José Fernando Cuadrado Romero,False,0.0
2018-06-15,Portugal,Anthony Lopes,False,0.0
2018-06-15,Portugal,João Filipe Iria Santos Moutinho,True,90.0
2018-06-15,Portugal,Bernardo Mota Veiga de Carvalho e Silva,True,68.65
2018-06-15,Portugal,Cédric Ricardo Alves Soares,True,90.0
2018-06-15,Portugal,Adrien Sebastian Perruchet Silva,False,0.0
2018-06-15,Portugal,José Miguel da Rocha Fonte,True,90.0
2018-06-15,Portugal,João Mário Naval da Costa Eduardo,False,22.933333333333337
2018-06-15,Portugal,Gonçalo Manuel Ganchinho Guedes,True,79.16666666666667
2018-06-15,Portugal,Bruno Miguel Borges Fernandes,True,67.06666666666666
2018-06-15,Portugal,Rui Pedro dos Santos Patrício,True,90.0
2018-06-15,Portugal,Rúben Santos Gato Alves Dias,False,0.0
2018-06-15,Portugal,Cristiano Ronaldo dos Santos Aveiro,True,90.0
2018-06-15,Portugal,Raphaël Adelino José Guerreiro,True,90.0
2018-06-15,Portugal,William Silva de Carvalho,True,90.0
2018-06-15,Portugal,Ricardo Andrade Quaresma Bernardo,False,21.349999999999994
2018-06-15,Portugal,André Miguel Valente Silva,False,10.833333333333329
2018-06-15,Portugal,Gelson Dany Batalha Martins,False,0.0
2018-06-15,Portugal,Manuel Henrique Tavares Fernandes,False,0.0
2018-06-15,Portugal,Ricardo Domingos Barbosa Pereira,False,0.0
2018-06-15,Portugal,Mário Rui Silva Duarte,False,0.0
2018-06-15,Portugal,Bruno Eduardo Regufe Alves,False,0.0
2018-06-15,Portugal,Kléper Laveran Lima Ferreira,True,90.0
2018-06-15,Portugal,António Alberto Bastos Pimparel,False,0.0
2018-06-15,Spain,David Josué Jiménez Silva,True,85.31666666666666
2018-06-15,Spain,David de Gea Quintana,True,90.0
2018-06-15,Spain,Ignacio Monreal Eraso,False,0.0
2018-06-15,Spain,César Azpilicueta Tanco,False,0.0
2018-06-15,Spain,Francisco Román Alarcón Suárez,True,90.0
2018-06-15,Spain,Diego da Silva Costa,True,76.23333333333333
2018-06-15,Spain,Jorge Resurrección Merodio,True,90.0
2018-06-15,Spain,Lucas Vázquez Iglesias,False,4.683333333333337
2018-06-15,Spain,Sergio Ramos García,True,90.0
2018-06-15,Spain,José Ignacio Fernández Iglesias,True,90.0
2018-06-15,Spain,Sergio Busquets i Burgos,True,90.0
2018-06-15,Spain,Thiago Alcântara do Nascimento,False,20.700000000000003
2018-06-15,Spain,Jordi Alba Ramos,True,90.0
2018-06-15,Spain,Gerard Piqué Bernabéu,True,89.4
2018-06-15,Spain,Andrés Iniesta Luján,True,69.3
2018-06-15,Spain,Iago Aspas Juncal,False,13.766666666666666
2018-06-15,Spain,Rodrigo Moreno Machado,False,0.0
2018-06-15,Spain,Marco Asensio Willemsen,False,0.0
2018-06-15,Spain,Daniel Carvajal Ramos,False,0.0
2018-06-15,Spain,Saúl Ñíguez Esclapez,False,0.0
2018-06-15,Spain,Kepa Arrizabalaga Revuelta,False,0.0
2018-06-15,Spain,Álvaro Odriozola Arzallus,False,0.0
2018-06-15,Spain,José Manuel Reina Páez,False,0.0
2018-06-27,Brazil,Fernando Luiz Roza,False,24.66666666666667
2018-06-27,Brazil,Ederson Santana de Moraes,False,0.0
2018-06-27,Brazil,Gabriel Fernando de Jesus,True,89.2
2018-06-27,Brazil,Thiago Emiliano da Silva,True,90.0
2018-06-27,Brazil,Willian Borges da Silva,True,90.0
2018-06-27,Brazil,Philippe Coutinho Correia,True,79.21666666666667
2018-06-27,Brazil,Roberto Firmino Barbosa de Oliveira,False,0.0
2018-06-27,Brazil,Neymar da Silva Santos Junior,True,90.0
2018-06-27,Brazil,Marcos Aoás Corrêa,False,0.0
2018-06-27,Brazil,Carlos Henrique Casimiro,True,90.0
2018-06-27,Brazil,José Paulo Bezzera Maciel Júnior,True,65.33333333333333
2018-06-27,Brazil,Alisson Ramsés Becker,True,90.0
2018-06-27,Brazil,João Miranda de Souza Filho,True,90.0
2018-06-27,Brazil,Marcelo Vieira da Silva Júnior,True,9.416666666666666
2018-06-27,Brazil,Renato Soares de Oliveira Augusto,False,10.783333333333331
2018-06-27,Brazil,Fágner Conserva Lemos,True,90.0
2018-06-27,Brazil,Filipe Luís Kasmirski,False,80.58333333333333
2018-06-27,Brazil,Frederico Rodrigues Santos,False,0.0
2018-06-27,Brazil,Taison Barcellos Freda,False,0.0
2018-06-27,Brazil,Pedro Tonon Geromel,False,0.0
2018-06-27,Brazil,Cássio Ramos,False,0.0
2018-06-27,Serbia,Nemanja Matić,True,90.0
2018-06-27,Serbia,Luka Milivojević,False,0.0
2018-06-27,Serbia,Marko Grujić,False,0.0
2018-06-27,Serbia,Dušan Tadić,True,90.0
2018-06-27,Serbia,Aleksandar Mitrović,True,88.91666666666667
2018-06-27,Serbia,Duško Tošić,False,0.0
2018-06-27,Serbia,Aleksandar Prijović,False,0.0
2018-06-27,Serbia,Adem Ljajić,True,74.4
2018-06-27,Serbia,Antonio Rukavina,True,90.0
2018-06-27,Serbia,Sergej Milinković-Savić,True,90.0
2018-06-27,Serbia,Filip Kostić,True,81.41666666666667
2018-06-27,Serbia,Branislav Ivanović,False,0.0
2018-06-27,Serbia,Aleksandar Kolarov,True,90.0
2018-06-27,Serbia,Vladimir Stojković,True,90.0
2018-06-27,Serbia,Nikola Milenković,True,90.0
2018-06-27,Serbia,Nemanja Radonjić,False,8.583333333333329
2018-06-27,Serbia,Andrija Živković,False,15.599999999999994
2018-06-27,Serbia,Luka Jović,False,1.0833333333333286
2018-06-27,Serbia,Milos Veljkovic,True,90.0
2018-06-27,Serbia,Marko Dmitrović,False,0.0
2018-06-27,Serbia,Predrag Rajković,False,0.0
2018-06-27,Serbia,Milan Rodić,False,0.0
2018-06-27,Serbia,Uroš Spajić,False,0.0
2018-06-23,Germany,Antonio Rüdiger,True,90.0
2018-06-23,Germany,Julian Draxler,True,45.0
2018-06-23,Germany,Mesut Özil,False,0.0
2018-06-23,Germany,Kevin Trapp,False,0.0
2018-06-23,Germany,Julian Brandt,False,3.7333333333333343
2018-06-23,Germany,Timo Werner,True,90.0
2018-06-23,Germany,Marco Reus,True,90.0
2018-06-23,Germany,Thomas Müller,True,90.0
2018-06-23,Germany,Mario Gómez García,False,45.0
2018-06-23,Germany,Sami Khedira,False,0.0
2018-06-23,Germany,Marvin Plattenhardt,False,0.0
2018-06-23,Germany,Manuel Neuer,True,90.0
2018-06-23,Germany,Mats Hummels,False,0.0
2018-06-23,Germany,Toni Kroos,True,90.0
2018-06-23,Germany,Jérôme Boateng,True,84.08333333333333
2018-06-23,Germany,Joshua Kimmich,True,90.0
2018-06-23,Germany,Sebastian Rudy,True,25.616666666666667
2018-06-23,Germany,Jonas Hector,True,86.26666666666667
2018-06-23,Germany,Niklas Süle,False,0.0
2018-06-23,Germany,Leon Goretzka,False,0.0
2018-06-23,Germany,Matthias Ginter,False,0.0
2018-06-23,Germany,İlkay Gündoğan,False,59.45
2018-06-23,Germany,Marc-André ter Stegen,False,0.0
2018-06-23,Sweden,Karl-Johan Johnsson,False,0.0
2018-06-23,Sweden,Martin Olsson,False,0.0
2018-06-23,Sweden,Victor Nilsson Lindelöf,True,90.0
2018-06-23,Sweden,Ola Toivonen,True,77.56666666666666
2018-06-23,Sweden,Pontus Jansson,False,0.0
2018-06-23,Sweden,Oscar Hiljemark,False,0.0
2018-06-23,Sweden,Andreas Granqvist,True,90.0
2018-06-23,Sweden,Gustav Svensson,False,0.0
2018-06-23,Sweden,Mikael Lustig,True,90.0
2018-06-23,Sweden,Viktor Claesson,True,73.63333333333334
2018-06-23,Sweden,Isaac Kiese Thelin,False,0.5833333333333286
2018-06-23,Sweden,Sebastian Larsson,True,90.0
2018-06-23,Sweden,Ludwig Augustinsson,True,90.0
2018-06-23,Sweden,Robin Olsen,True,90.0
2018-06-23,Sweden,Albin Ekdal,True,90.0
2018-06-23,Sweden,Emil Peter Forsberg,True,90.0
2018-06-23,Sweden,John Guidetti,False,12.433333333333337
2018-06-23,Sweden,Emil Krafth,False,0.0
2018-06-23,Sweden,Filip Helander,False,0.0
2018-06-23,Sweden,Marcus Rohdén,False,0.0
2018-06-23,Sweden,Kristoffer Nordfeldt,False,0.0
2018-06-23,Sweden,Marcus Berg,True,89.41666666666667
2018-06-23,Sweden,Jimmy Durmaz,False,16.36666666666666
2018-06-18,Tunisia,Saîf-Eddine Khaoui,False,0.0
2018-06-18,Tunisia,Wahbi Khazri,True,83.8
2018-06-18,Tunisia,Bassem Srarfi,False,0.0
2018-06-18,Tunisia,Oussama Haddadi,False,0.0
2018-06-18,Tunisia,Naïm Sliti,True,72.68333333333334
2018-06-18,Tunisia,Ellyes Joris Skhiri,True,90.0
2018-06-18,Tunisia,Yohan Benalouane,False,0.0
2018-06-18,Tunisia,Ali Maâloul,True,90.0
2018-06-18,Tunisia,Farouk Ben Mustapha,False,75.76666666666667
2018-06-18,Tunisia,Anice Badri,True,90.0
2018-06-18,Tunisia,Ferjani Sassi,True,90.0
2018-06-18,Tunisia,Yassine Meriah,True,90.0
2018-06-18,Tunisia,Saber Khalifa,False,5.75
2018-06-18,Tunisia,Mouez Hassen,True,14.233333333333333
2018-06-18,Tunisia,Fakhreddine Ben Youssef,True,90.0
2018-06-18,Tunisia,Dylan Daniel Mahmoud Bronn,True,90.0
2018-06-18,Tunisia,Syam Ben Youssef,True,90.0
2018-06-18,Tunisia,Mohamed Amine Ben Amor,False,17.316666666666663
2018-06-18,Tunisia,Hamdi Nagguez,False,0.0
2018-06-18,Tunisia,Aymen Mathlouthi,False,0.0
2018-06-18,Tunisia,Rami Bedoui,False,0.0
2018-06-18,Tunisia,Ghilane Chalali,False,0.0
2018-06-18,Tunisia,Ahmed Khalil,False,0.0
2018-06-18,England,Bamidele Alli,True,79.33333333333333
2018-06-18,England,Kyle Walker,True,90.0
2018-06-18,England,Raheem Sterling,True,67.8
2018-06-18,England,John Stones,True,90.0
2018-06-18,England,Jesse Lingard,True,91.86666666666666
2018-06-18,England,Kieran Trippier,True,90.0
2018-06-18,England,Phil Jones,False,0.0
2018-06-18,England,Marcus Rashford,False,22.200000000000003
2018-06-18,England,Harry Maguire,True,90.0
2018-06-18,England,Jordan Pickford,True,90.0
2018-06-18,England,Nick Pope,False,0.0
2018-06-18,England,Ruben Loftus-Cheek,False,13.150000000000006
2018-06-18,England,Jordan Brian Henderson,True,92.48333333333333
2018-06-18,England,Jack Butland,False,0.0
2018-06-18,England,Daniel Nii Tackie Mensah Welbeck,False,0.0
2018-06-18,England,Danny Rose,False,0.0
2018-06-18,England,Ashley Young,True,90.0
2018-06-18,England,Gary Cahill,False,0.0
2018-06-18,England,Trent Alexander-Arnold,False,0.0
2018-06-18,England,Fabian Delph,False,0.0
2018-06-18,England,Harry Kane,True,90.0
2018-06-18,England,Eric Dier,False,0.6166666666666742
2018-06-18,England,Jamie Vardy,False,0.0
2018-06-30,France,Nabil Fekir,False,7.066666666666663
2018-06-30,France,Presnel Kimpembe,False,0.0
2018-06-30,France,Kylian Mbappé Lottin,True,86.51666666666667
2018-06-30,France,Hugo Lloris,True,90.0
2018-06-30,France,Thomas Lemar,False,0.0
2018-06-30,France,Adil Rami,False,0.0
2018-06-30,France,Florian Thauvin,False,1.9500000000000028
2018-06-30,France,Benjamin Mendy,False,0.0
2018-06-30,France,Alphonse Areola,False,0.0
2018-06-30,France,Djibril Sidibé,False,0.0
2018-06-30,France,Steve Mandanda,False,0.0
2018-06-30,France,Olivier Giroud,True,90.0
2018-06-30,France,N'Golo Kanté,True,90.0
2018-06-30,France,Blaise Matuidi,True,74.76666666666667
2018-06-30,France,Benjamin Pavard,True,90.0
2018-06-30,France,Ousmane Dembélé,False,0.0
2018-06-30,France,Corentin Tolisso,False,15.233333333333334
2018-06-30,France,Lucas Hernández Pi,True,90.0
2018-06-30,France,Raphaël Varane,True,90.0
2018-06-30,France,Antoine Griezmann,True,82.93333333333334
2018-06-30,France,Samuel Yves Umtiti,True,90.0
2018-06-30,France,Steven N'Kemboanza Mike Christopher Nzonzi,False,0.0
2018-06-30,France,Paul Pogba,True,90.0
2018-06-30,Argentina,Ángel Fabián Di María Hernández,True,90.0
2018-06-30,Argentina,Nicolás Hernán Otamendi,True,90.0
2018-06-30,Argentina,Sergio Leonel Agüero del Castillo,False,24.58333333333333
2018-06-30,Argentina,Giovani Lo Celso,False,0.0
2018-06-30,Argentina,Faustino Marcos Alberto Rojo,True,45.0
2018-06-30,Argentina,Wilfredo Daniel Caballero,False,0.0
2018-06-30,Argentina,Cristian David Pavón,True,74.55
2018-06-30,Argentina,Gonzalo Gerardo Higuaín,False,0.0
2018-06-30,Argentina,Maximiliano Eduardo Meza,False,15.450000000000003
2018-06-30,Argentina,Lionel Andrés Messi Cuccittini,True,90.0
2018-06-30,Argentina,Éver Maximiliano David Banega,True,90.0
2018-06-30,Argentina,Javier Alejandro Mascherano,True,90.0
2018-06-30,Argentina,Nicolás Alejandro Tagliafico,True,90.0
2018-06-30,Argentina,Lucas Rodrigo Biglia,False,0.0
2018-06-30,Argentina,Eduardo Antonio Salvio,False,0.0
2018-06-30,Argentina,Enzo Nicolás Pérez,True,65.41666666666667
2018-06-30,Argentina,Gabriel Iván Mercado,True,90.0
2018-06-30,Argentina,Paulo Bruno Exequiel Dybala,False,0.0
2018-06-30,Argentina,Franco Armani,True,90.0
2018-06-30,Argentina,Federico Julián Fazio,False,45.0
2018-06-30,Argentina,Cristian Daniel Ansaldi,False,0.0
2018-06-30,Argentina,Marcos Javier Acuña,False,0.0
2018-06-30,Argentina,Nahuel Ignacio Guzmán Palomeque,False,0.0
2018-07-01,Denmark,Mathias Jørgensen Jatta,True,90.0
2018-07-01,Denmark,Christian Dannemann Eriksen,True,90.0
2018-07-01,Denmark,Jonas Lössl,False,0.0
2018-07-01,Denmark,Lukas Reiff Lerager,False,0.0
2018-07-01,Denmark,Kasper Schmeichel,True,90.0
2018-07-01,Denmark,Andreas Christensen,True,45.03333333333333
2018-07-01,Denmark,Martin Braithwaite Christensen,True,105.01666666666667
2018-07-01,Denmark,Henrik Dalsgaard,True,90.0
2018-07-01,Denmark,Pione Sisto Ifolo Emirmija,False,0.0
2018-07-01,Denmark,William Vitved Kvist Jørgensen,False,0.0
2018-07-01,Denmark,Lasse Schöne,False,44.96666666666667
2018-07-01,Denmark,Nicolai Jørgensen,False,24.41666666666667
2018-07-01,Denmark,Jens Stryger Larsen,False,0.0
2018-07-01,Denmark,Thomas Delaney,True,97.66666666666667
2018-07-01,Denmark,Simon Thorup Kjær,True,90.0
2018-07-01,Denmark,Yussuf Yurary Poulsen,True,90.0
2018-07-01,Denmark,Andreas Evald Cornelius,True,65.58333333333333
2018-07-01,Denmark,Kasper Dolberg,False,0.0
2018-07-01,Denmark,Viktor Fischer,False,0.0
2018-07-01,Denmark,Jonas Knudsen,True,90.0
2018-07-01,Denmark,Michael Krohn-Dehli,False,0.0
2018-07-01,Denmark,Jannik Vestergaard,False,0.0
2018-07-01,Denmark,Frederik Rønnow,False,0.0
2018-07-01,Croatia,Danijel Subašić,True,90.0
2018-07-01,Croatia,Dejan Lovren,True,90.0
2018-07-01,Croatia,Mateo Kovačić,False,18.46666666666667
2018-07-01,Croatia,Ivan Strinić,True,80.26666666666667
2018-07-01,Croatia,Marko Pjaca,False,0.0
2018-07-01,Croatia,Andrej Kramarić,False,0.0
2018-07-01,Croatia,Šime Vrsaljko,True,90.0
2018-07-01,Croatia,Luka Modrić,True,107.73333333333333
2018-07-01,Croatia,Ante Rebić,True,107.73333333333333
2018-07-01,Croatia,Domagoj Vida,True,90.0
2018-07-01,Croatia,Marcelo Brozović,True,70.76666666666667
2018-07-01,Croatia,Ivan Rakitić,True,107.73333333333333
2018-07-01,Croatia,Mario Mandžukić,True,151.11666666666667
2018-07-01,Croatia,Ivan Perišić,True,96.36666666666666
2018-07-01,Croatia,Vedran Ćorluka,False,0.0
2018-07-01,Croatia,Milan Badelj,False,0.01666666666666572
2018-07-01,Croatia,Duje Ćaleta-Car,False,0.0
2018-07-01,Croatia,Josip Pivarić,False,0.0
2018-07-01,Croatia,Tin Jedvaj,False,0.0
2018-07-01,Croatia,Filip Bradarić,False,0.0
2018-07-01,Croatia,Lovre Kalinić,False,0.0
2018-07-01,Croatia,Dominik Livaković,False,0.0
2018-06-22,Nigeria,Chidozie Collins Awaziem,False,0.0
2018-06-22,Nigeria,Onyinye Wilfred Ndidi,True,90.0
2018-06-22,Nigeria,Alex Iwobi,False,0.3333333333333286
2018-06-22,Nigeria,Kelechi Promise Iheanacho,True,84.05
2018-06-22,Nigeria,Victor Moses,True,90.0
2018-06-22,Nigeria,Francis Odinaka Uzoho,True,90.0
2018-06-22,Nigeria,William Troost-Ekong,True,90.0
2018-06-22,Nigeria,Odion Jude Ighalo,False,5.950000000000003
2018-06-22,Nigeria,Brian Oladapo Idowu,True,45.0
2018-06-22,Nigeria,Simeon Tochukwu Nwankwo,False,0.0
2018-06-22,Nigeria,Oghenekaro Etebo,True,89.66666666666667
2018-06-22,Nigeria,Leon Aderemi Balogun,True,90.0
2018-06-22,Nigeria,Abdullahi Shehu,False,0.0
2018-06-22,Nigeria,Ahmed Musa,True,90.0
2018-06-22,Nigeria,John Michael Nchekwube Obinna,True,94.78333333333333
2018-06-22,Nigeria,Kenneth Josiah Omeruo,True,90.0
2018-06-22,Nigeria,Tyronne Ebuehi,False,45.0
2018-06-22,Nigeria,Joel Chukwuma Obi,False,0.0
2018-06-22,Nigeria,Elderson Uwa Echiejile,False,0.0
2018-06-22,Nigeria,Ogenyi Eddy Onazi,False,0.0
2018-06-22,Nigeria,Daniel Akpeyi,False,0.0
2018-06-22,Nigeria,John Ogochukwu Ogu,False,0.0
2018-06-22,Nigeria,Ikechukwu Ezenwa,False,0.0
2018-06-22,Iceland,Johann Berg Guðmunds­son,False,0.0
2018-06-22,Iceland,Gylfi Þór Sigurðsson,True,90.0
2018-06-22,Iceland,Rúrik Gíslason,True,90.0
2018-06-22,Iceland,Hannes Þór Halldórsson,True,90.0
2018-06-22,Iceland,Björn Bergmann Sigurðarson,False,19.75
2018-06-22,Iceland,Hörður Björgvin Magnússon,True,90.0
2018-06-22,Iceland,Ari Freyr Skúlason,False,4.183333333333337
2018-06-22,Iceland,Kári Árnason,True,90.0
2018-06-22,Iceland,Birkir Már Sævarsson,True,90.0
2018-06-22,Iceland,Birkir Bjarnason,True,90.75
2018-06-22,Iceland,Ragnar Sigurðsson,True,63.45
2018-06-22,Iceland,Emil Hallfreðsson,False,0.0
2018-06-22,Iceland,Alfreð Finnbogason,True,90.0
2018-06-22,Iceland,Aron Einar Gunnarsson,True,86.56666666666666
2018-06-22,Iceland,Jón Daði Böðvarsson,True,70.25
2018-06-22,Iceland,Sverrir Ingi Ingason,False,25.78333333333333
2018-06-22,Iceland,Arnór Ingvi Traustason,False,0.0
2018-06-22,Iceland,Albert Gudmundsson,False,0.0
2018-06-22,Iceland,Rúnar Alex Rúnarsson,False,0.0
2018-06-22,Iceland,Samúel Kári Friðjónsson,False,0.0
2018-06-22,Iceland,Frederik August Albrecht Schram,False,0.0
2018-06-22,Iceland,Hólmar Örn Eyjólfsson,False,0.0
2018-06-22,Iceland,Ólafur Ingi Skúlason,False,0.0
2018-06-16,Nigeria,Chidozie Collins Awaziem,False,0.0
2018-06-16,Nigeria,Onyinye Wilfred Ndidi,True,90.0
2018-06-16,Nigeria,Alex Iwobi,True,61.083333333333336
2018-06-16,Nigeria,Kelechi Promise Iheanacho,False,18.066666666666663
2018-06-16,Nigeria,Victor Moses,True,90.0
2018-06-16,Nigeria,Francis Odinaka Uzoho,True,90.0
2018-06-16,Nigeria,William Troost-Ekong,True,90.0
2018-06-16,Nigeria,Odion Jude Ighalo,True,71.93333333333334
2018-06-16,Nigeria,Brian Oladapo Idowu,True,90.0
2018-06-16,Nigeria,Simeon Tochukwu Nwankwo,False,2.4666666666666686
2018-06-16,Nigeria,Oghenekaro Etebo,True,90.0
2018-06-16,Nigeria,Leon Aderemi Balogun,True,89.05000000000001
2018-06-16,Nigeria,Abdullahi Shehu,True,90.0
2018-06-16,Nigeria,Ahmed Musa,False,28.133333333333333
2018-06-16,Nigeria,John Michael Nchekwube Obinna,True,87.53333333333333
2018-06-16,Nigeria,Kenneth Josiah Omeruo,False,0.0
2018-06-16,Nigeria,Tyronne Ebuehi,False,0.0
2018-06-16,Nigeria,Joel Chukwuma Obi,False,0.0
2018-06-16,Nigeria,Elderson Uwa Echiejile,False,0.0
2018-06-16,Nigeria,Ogenyi Eddy Onazi,False,0.0
2018-06-16,Nigeria,Daniel Akpeyi,False,0.0
2018-06-16,Nigeria,John Ogochukwu Ogu,False,0.0
2018-06-16,Nigeria,Ikechukwu Ezenwa,False,0.0
2018-06-16,Croatia,Danijel Subašić,True,90.0
2018-06-16,Croatia,Dejan Lovren,True,90.0
2018-06-16,Croatia,Mateo Kovačić,False,12.200000000000003
2018-06-16,Croatia,Ivan Strinić,True,89.36666666666666
2018-06-16,Croatia,Marko Pjaca,False,5.033333333333331
2018-06-16,Croatia,Andrej Kramarić,True,59.983333333333334
2018-06-16,Croatia,Šime Vrsaljko,True,90.0
2018-06-16,Croatia,Luka Modrić,True,90.0
2018-06-16,Croatia,Ante Rebić,True,77.8
2018-06-16,Croatia,Domagoj Vida,True,90.0
2018-06-16,Croatia,Marcelo Brozović,False,30.016666666666666
2018-06-16,Croatia,Ivan Rakitić,True,90.0
2018-06-16,Croatia,Mario Mandžukić,True,84.96666666666667
2018-06-16,Croatia,Ivan Perišić,True,90.0
2018-06-16,Croatia,Vedran Ćorluka,False,0.0
2018-06-16,Croatia,Milan Badelj,False,0.0
2018-06-16,Croatia,Duje Ćaleta-Car,False,0.0
2018-06-16,Croatia,Josip Pivarić,False,0.0
2018-06-16,Croatia,Tin Jedvaj,False,0.0
2018-06-16,Croatia,Filip Bradarić,False,0.0
2018-06-16,Croatia,Lovre Kalinić,False,0.0
2018-06-16,Croatia,Nikola Kalinić,False,0.0
2018-06-16,Croatia,Dominik Livaković,False,0.0
2018-06-26,Australia,Mathew Ryan,True,90.0
2018-06-26,Australia,Aaron Mooy,True,90.0
2018-06-26,Australia,Trent Sainsbury,True,90.0
2018-06-26,Australia,Aziz Eraltay Behich,True,90.0
2018-06-26,Australia,Mathew Leckie,True,90.0
2018-06-26,Australia,Josh Risdon,True,90.0
2018-06-26,Australia,Daniel Arzani,False,32.333333333333336
2018-06-26,Australia,Andrew Nabbout,False,0.0
2018-06-26,Australia,Mark Milligan,True,90.0
2018-06-26,Australia,Mile Jedinak,True,90.0
2018-06-26,Australia,Jackson Irvine,False,18.58333333333333
2018-06-26,Australia,Tom Rogić,True,71.41666666666667
2018-06-26,Australia,Tomi Jurić,True,52.6
2018-06-26,Australia,Robbie Kruse,True,57.666666666666664
2018-06-26,Australia,Tim Cahill,False,37.4
2018-06-26,Australia,Brad Jones,False,0.0
2018-06-26,Australia,Massimo Luongo,False,0.0
2018-06-26,Australia,James Meredith,False,0.0
2018-06-26,Australia,Jamie MacLaren,False,0.0
2018-06-26,Australia,Miloš Degenek,False,0.0
2018-06-26,Australia,Danny Vuković,False,0.0
2018-06-26,Australia,Matthew Jurman,False,0.0
2018-06-26,Australia,Dimitri Petratos,False,0.0
2018-06-26,Peru,André Martín Carrillo Díaz,True,77.85
2018-06-26,Peru,Miguel Ángel Trauco Saavedra,True,90.0
2018-06-26,Peru,Christian Alberto Cueva Bravo,True,90.0
2018-06-26,Peru,Luis Jan Piers Advíncula Castrillón,True,90.0
2018-06-26,Peru,Renato Fabrizio Tapia Cortijo,True,62.483333333333334
2018-06-26,Peru,Édison Michael Flores Peralta,True,90.0
2018-06-26,Peru,Pedro Jesús Aquino Sánchez,False,45.0
2018-06-26,Peru,Pedro David Gallese Quiróz,True,90.0
2018-06-26,Peru,Víctor Yoshimar Yotún Flores,True,45.0
2018-06-26,Peru,Christian Guillermo Martín Ramos Garagay,True,90.0
2018-06-26,Peru,Alberto Junior Rodríguez Valdelomar,False,0.0
2018-06-26,Peru,Raúl Mario Ruidíaz Misitich,False,0.0
2018-06-26,Peru,José Paolo Guerrero Gonzáles,True,90.0
2018-06-26,Peru,Anderson Santamaría Bardales,True,90.0
2018-06-26,Peru,Wilder José Cartagena Mendoza,False,12.150000000000006
2018-06-26,Peru,Christopher Paolo César Hurtado Huertas,False,27.516666666666666
2018-06-26,Peru,Andy Jorman Polo Andrade,False,0.0
2018-06-26,Peru,Miguel Gianpierre Araujo Blanco,False,0.0
2018-06-26,Peru,José Aurelio Carvallo Alonso,False,0.0
2018-06-26,Peru,Aldo Sebastián Corzo Chávez,False,0.0
2018-06-26,Peru,Carlos Alberto Cáceda Oyaguez,False,0.0
2018-06-26,Peru,Nilson Evair Loyola Morales,False,0.0
2018-06-28,Senegal,Ismaïla Sarr,True,90.0
2018-06-28,Senegal,Adama Mbengue,False,0.0
2018-06-28,Senegal,Abdoulaye Diallo,False,0.0
2018-06-28,Senegal,Keita Baldé Diao,True,79.33333333333333
2018-06-28,Senegal,Youssouf Sabaly,True,71.51666666666667
2018-06-28,Senegal,Idrissa Gana Gueye,True,90.0
2018-06-28,Senegal,Pape Moussa Konaté,False,10.666666666666671
2018-06-28,Senegal,Mame Biram Diouf,False,0.0
2018-06-28,Senegal,Sadio Mané,True,90.0
2018-06-28,Senegal,Cheikhou Kouyaté,True,90.0
2018-06-28,Senegal,Diafra Sakho,False,4.75
2018-06-28,Senegal,Papa Alioune N'Diaye,False,0.0
2018-06-28,Senegal,Khadim N'Diaye,True,90.0
2018-06-28,Senegal,M'Baye Babacar Niang,True,85.25
2018-06-28,Senegal,Salif Sané,True,90.0
2018-06-28,Senegal,Alfred John Momar N'Diaye,False,0.0
2018-06-28,Senegal,Moussa Wagué,False,16.650000000000006
2018-06-28,Senegal,Kalidou Koulibaly,True,90.0
2018-06-28,Senegal,Cheikh N'Doye,False,0.0
2018-06-28,Senegal,Lamine Gassama,True,90.0
2018-06-28,Senegal,Alfred Benjamin Gomis,False,0.0
2018-06-28,Senegal,Serigne Modou Kara Mbodji,False,0.0
2018-06-28,Senegal,Moussa Sow,False,0.0
2018-06-28,Colombia,José Heriberto Izquierdo Mena,False,0.0
2018-06-28,Colombia,Radamel Falcao García Zárate,True,88.61666666666666
2018-06-28,Colombia,Davinson Sánchez Mina,True,90.0
2018-06-28,Colombia,David Ospina Ramírez,True,90.0
2018-06-28,Colombia,Jefferson Andrés Lerma Solís,False,7.849999999999994
2018-06-28,Colombia,Oscar Fabián Murillo Murillo,False,0.0
2018-06-28,Colombia,Carlos Alberto Sánchez Moreno,True,90.0
2018-06-28,Colombia,Wílmar Enrique Barrios Terán,False,0.0
2018-06-28,Colombia,Carlos Arturo Bacca Ahumada,False,0.0
2018-06-28,Colombia,Juan Guillermo Cuadrado Bello,True,90.0
2018-06-28,Colombia,Johan Andrés Mojica Palacio,True,90.0
2018-06-28,Colombia,Juan Fernando Quintero Paniagua,True,90.0
2018-06-28,Colombia,James David Rodríguez Rubio,True,30.116666666666667
2018-06-28,Colombia,Santiago Arias Naranjo,True,90.0
2018-06-28,Colombia,Andrés Mateus Uribe Villa,True,82.15
2018-06-28,Colombia,Yerry Fernando Mina González,True,90.0
2018-06-28,Colombia,Miguel Ángel Borja Hernández,False,1.38333333333334
2018-06-28,Colombia,Luis Fernando Muriel Fruto,False,59.88333333333333
2018-06-28,Colombia,Cristian Eduardo Zapata Valencia,False,0.0
2018-06-28,Colombia,Camilo Andrés Vargas Gil,False,0.0
2018-06-28,Colombia,Farid Alfonso Díaz Rhenals,False,0.0
2018-06-28,Colombia,José Fernando Cuadrado Romero,False,0.0
2018-06-27,Switzerland,Jacques François Moubandje,False,0.0
2018-06-27,Switzerland,Granit Xhaka,True,90.0
2018-06-27,Switzerland,Xherdan Shaqiri,True,80.4
2018-06-27,Switzerland,Fabian Lukas Schär,True,90.0
2018-06-27,Switzerland,Denis Lemi Zakaria Lako Lado,False,30.366666666666667
2018-06-27,Switzerland,Valon Behrami,True,59.63333333333333
2018-06-27,Switzerland,Stephan Lichtsteiner,True,90.0
2018-06-27,Switzerland,Haris Seferović,False,0.0
2018-06-27,Switzerland,Ricardo Iván Rodríguez Araya,True,90.0
2018-06-27,Switzerland,Breel-Donald Embolo,True,90.0
2018-06-27,Switzerland,Michael Lang,False,9.599999999999994
2018-06-27,Switzerland,Manuel Obafemi Akanji,True,90.0
2018-06-27,Switzerland,Yann Sommer,True,90.0
2018-06-27,Switzerland,Blerim Džemaili,True,90.0
2018-06-27,Switzerland,Mario Gavranović,True,68.48333333333333
2018-06-27,Switzerland,Josip Drmic,False,21.516666666666666
2018-06-27,Switzerland,Johan Danon Djourou-Gbadjere,False,0.0
2018-06-27,Switzerland,Remo Freuler,False,0.0
2018-06-27,Switzerland,Roman Bürki,False,0.0
2018-06-27,Switzerland,Gélson da Conceição Tavares Fernandes,False,0.0
2018-06-27,Switzerland,Nico Elvedi,False,0.0
2018-06-27,Switzerland,Yvon Landry Mvogo,False,0.0
2018-06-27,Costa Rica,Joel Nathaniel Campbell Samuels,True,90.0
2018-06-27,Costa Rica,Celso Borges Mora,True,90.0
2018-06-27,Costa Rica,Giancarlo González Castro,True,90.0
2018-06-27,Costa Rica,Daniel Colindres Solera,True,79.95
2018-06-27,Costa Rica,Marcos Danilo Ureña Porras,False,0.0
2018-06-27,Costa Rica,Johnny Acosta Zamora,True,90.0
2018-06-27,Costa Rica,Bryan Ruiz González,True,90.0
2018-06-27,Costa Rica,Christian Bolaños Navarro,False,0.0
2018-06-27,Costa Rica,Johan Alberto Venegas Ulloa,False,0.0
2018-06-27,Costa Rica,Keylor Navas Gamboa,True,90.0
2018-06-27,Costa Rica,Óscar Esau Duarte Gaitán,False,0.0
2018-06-27,Costa Rica,David Alberto Guzmán Pérez,True,90.66666666666667
2018-06-27,Costa Rica,Francisco Javier Calvo Quesada,False,0.0
2018-06-27,Costa Rica,Cristian Gamboa Luna,True,92.5
2018-06-27,Costa Rica,Bryan Oviedo,True,90.0
2018-06-27,Costa Rica,Yeltsin Ignacio Tejeda Valverde,False,0.0
2018-06-27,Costa Rica,Rodney Wallace,False,10.049999999999997
2018-06-27,Costa Rica,Rándall Azofeifa Corrales,False,0.0
2018-06-27,Costa Rica,Kendall Jamaal Waston Manley,True,90.0
2018-06-27,Costa Rica,Ian Rey Smith Quiros,False,0.0
2018-06-27,Costa Rica,Patrick Alberto Pemberton Bernard,False,0.0
2018-06-27,Costa Rica,Leonel Moreira Ledezma,False,0.0
2018-06-27,Costa Rica,Kenner Gutiérrez Cerdas,False,0.0
2018-06-16,France,Nabil Fekir,False,20.483333333333334
2018-06-16,France,Presnel Kimpembe,False,0.0
2018-06-16,France,Kylian Mbappé Lottin,True,90.0
2018-06-16,France,Hugo Lloris,True,90.0
2018-06-16,France,Thomas Lemar,False,0.0
2018-06-16,France,Adil Rami,False,0.0
2018-06-16,France,Florian Thauvin,False,0.0
2018-06-16,France,Benjamin Mendy,False,0.0
2018-06-16,France,Alphonse Areola,False,0.0
2018-06-16,France,Djibril Sidibé,False,0.0
2018-06-16,France,Steve Mandanda,False,0.0
2018-06-16,France,Olivier Giroud,False,20.766666666666666
2018-06-16,France,N'Golo Kanté,True,90.0
2018-06-16,France,Blaise Matuidi,False,12.483333333333334
2018-06-16,France,Benjamin Pavard,True,90.0
2018-06-16,France,Ousmane Dembélé,True,69.51666666666667
2018-06-16,France,Corentin Tolisso,True,77.51666666666667
2018-06-16,France,Lucas Hernández Pi,True,90.0
2018-06-16,France,Raphaël Varane,True,90.0
2018-06-16,France,Antoine Griezmann,True,69.23333333333333
2018-06-16,France,Samuel Yves Umtiti,True,90.0
2018-06-16,France,Steven N'Kemboanza Mike Christopher Nzonzi,False,0.0
2018-06-16,France,Paul Pogba,True,90.0
2018-06-16,Australia,Mathew Ryan,True,90.0
2018-06-16,Australia,Aaron Mooy,True,90.0
2018-06-16,Australia,Trent Sainsbury,True,90.0
2018-06-16,Australia,Aziz Eraltay Behich,True,90.0
2018-06-16,Australia,Mathew Leckie,True,90.0
2018-06-16,Australia,Josh Risdon,True,90.0
2018-06-16,Australia,Daniel Arzani,False,6.11666666666666
2018-06-16,Australia,Andrew Nabbout,True,63.03333333333333
2018-06-16,Australia,Mark Milligan,True,90.0
2018-06-16,Australia,Mile Jedinak,True,90.0
2018-06-16,Australia,Jackson Irvine,False,19.450000000000003
2018-06-16,Australia,Tom Rogić,True,70.55
2018-06-16,Australia,Tomi Jurić,False,26.96666666666667
2018-06-16,Australia,Robbie Kruse,True,83.88333333333334
2018-06-16,Australia,Tim Cahill,False,0.0
2018-06-16,Australia,Brad Jones,False,0.0
2018-06-16,Australia,Massimo Luongo,False,0.0
2018-06-16,Australia,James Meredith,False,0.0
2018-06-16,Australia,Jamie MacLaren,False,0.0
2018-06-16,Australia,Miloš Degenek,False,0.0
2018-06-16,Australia,Danny Vuković,False,0.0
2018-06-16,Australia,Matthew Jurman,False,0.0
2018-06-16,Australia,Dimitri Petratos,False,0.0
2018-06-25,Uruguay,Edinson Roberto Cavani Gómez,True,92.58333333333333
2018-06-25,Uruguay,Luis Alberto Suárez Díaz,True,90.0
2018-06-25,Uruguay,Nahitan Michel Nández Acosta,True,71.9
2018-06-25,Uruguay,José Martín Cáceres Silva,True,90.0
2018-06-25,Uruguay,Diego Roberto Godín Leal,True,90.0
2018-06-25,Uruguay,Matías Vecino Falero,True,90.0
2018-06-25,Uruguay,Cristian Gabriel Rodríguez Barrotti,False,18.099999999999994
2018-06-25,Uruguay,Giorgian Daniel De Arrascaeta Benedetti,False,27.950000000000003
2018-06-25,Uruguay,Rodrigo Bentancur Colmán,True,62.05
2018-06-25,Uruguay,Guillermo Varela Olivera,False,0.0
2018-06-25,Uruguay,Lucas Torreira Di Pascua,True,89.45
2018-06-25,Uruguay,Néstor Fernando Muslera Micol,True,90.0
2018-06-25,Uruguay,Carlos Andrés Sánchez Arcosa,False,0.0
2018-06-25,Uruguay,Diego Sebastián Laxalt Suárez,True,90.0
2018-06-25,Uruguay,Maximiliano Gómez González,False,0.0
2018-06-25,Uruguay,Sebastián Coates Nión,True,90.0
2018-06-25,Uruguay,Cristhian Ricardo Stuani Curbelo,False,0.0
2018-06-25,Uruguay,Jonathan Matías Urretaviscaya da Luz,False,0.0
2018-06-25,Uruguay,Victorio Maximiliano Pereira Páez,False,0.0
2018-06-25,Uruguay,Martín Nicolás Campaña Delgado,False,0.0
2018-06-25,Uruguay,Gastón Alexis Silva Perdomo,False,0.0
2018-06-25,Uruguay,Martín Andrés Silva Leites,False,0.0
2018-06-25,Russia,Mário Figueira Fernandes,False,52.8
2018-06-25,Russia,Roman Zobnin,True,90.0
2018-06-25,Russia,Igor Akinfeev,True,90.0
2018-06-25,Russia,Sergei Ignashevich,True,90.0
2018-06-25,Russia,Ilya Kutepov,True,90.0
2018-06-25,Russia,Aleksandr Golovin,False,0.0
2018-06-25,Russia,Daler Kuzyaev,False,45.0
2018-06-25,Russia,Yury Gazinskiy,True,45.0
2018-06-25,Russia,Aleksandr Samedov,True,90.0
2018-06-25,Russia,Denis Cheryshev,True,37.2
2018-06-25,Russia,Yuri Zhirkov,False,0.0
2018-06-25,Russia,Fyodor Smolov,False,30.31666666666667
2018-06-25,Russia,Artem Dzyuba,True,90.0
2018-06-25,Russia,Fedor Kudryashov,True,90.0
2018-06-25,Russia,Igor Smolnikov,True,88.1
2018-06-25,Russia,Aleksey Miranchuk,True,59.68333333333333
2018-06-25,Russia,Vladimir Granat,False,0.0
2018-06-25,Russia,Aleksandr Erokhin,False,0.0
2018-06-25,Russia,Anton Miranchuk,False,0.0
2018-06-25,Russia,Andrey Lunev,False,0.0
2018-06-25,Russia,Andrey Semenov,False,0.0
2018-06-25,Russia,Vladimir Gabulov,False,0.0
2018-07-02,Brazil,Fernando Luiz Roza,False,9.900000000000006
2018-07-02,Brazil,Danilo Luiz da Silva,False,0.0
2018-07-02,Brazil,Ederson Santana de Moraes,False,0.0
2018-07-02,Brazil,Gabriel Fernando de Jesus,True,90.0
2018-07-02,Brazil,Thiago Emiliano da Silva,True,90.0
2018-07-02,Brazil,Willian Borges da Silva,True,90.8
2018-07-02,Brazil,Philippe Coutinho Correia,True,85.91666666666667
2018-07-02,Brazil,Roberto Firmino Barbosa de Oliveira,False,4.083333333333329
2018-07-02,Brazil,Neymar da Silva Santos Junior,True,90.0
2018-07-02,Brazil,Marcos Aoás Corrêa,False,0.4000000000000057
2018-07-02,Brazil,Carlos Henrique Casimiro,True,90.0
2018-07-02,Brazil,José Paulo Bezzera Maciel Júnior,True,80.1
2018-07-02,Brazil,Alisson Ramsés Becker,True,90.0
2018-07-02,Brazil,João Miranda de Souza Filho,True,90.0
2018-07-02,Brazil,Marcelo Vieira da Silva Júnior,False,0.0
2018-07-02,Brazil,Renato Soares de Oliveira Augusto,False,0.0
2018-07-02,Brazil,Fágner Conserva Lemos,True,91.2
2018-07-02,Brazil,Filipe Luís Kasmirski,True,90.0
2018-07-02,Brazil,Frederico Rodrigues Santos,False,0.0
2018-07-02,Brazil,Taison Barcellos Freda,False,0.0
2018-07-02,Brazil,Pedro Tonon Geromel,False,0.0
2018-07-02,Brazil,Cássio Ramos,False,0.0
2018-07-02,Mexico,Javier Hernández Balcázar,True,59.61666666666667
2018-07-02,Mexico,Miguel Arturo Layún Prado,False,45.0
2018-07-02,Mexico,Rafael Márquez Álvarez,True,45.0
2018-07-02,Mexico,Carlos Alberto Vela Garrido,True,90.0
2018-07-02,Mexico,Hugo Ayala Castro,True,90.0
2018-07-02,Mexico,José Andrés Guardado Hernández,True,90.0
2018-07-02,Mexico,Carlos Joel Salcedo Hernández,True,90.0
2018-07-02,Mexico,Edson Omar Álvarez Velázquez,True,54.63333333333333
2018-07-02,Mexico,Raúl Alonso Jiménez Rodríguez,False,30.383333333333333
2018-07-02,Mexico,Hirving Rodrigo Lozano Bahena,True,90.0
2018-07-02,Mexico,Héctor Miguel Herrera López,True,90.0
2018-07-02,Mexico,Jesús Daniel Gallardo Vasconcelos,True,90.0
2018-07-02,Mexico,Francisco Guillermo Ochoa Magaña,True,90.0
2018-07-02,Mexico,Jesús Manuel Corona Ruíz,False,0.0
2018-07-02,Mexico,Giovani dos Santos Ramírez,False,0.0
2018-07-02,Mexico,Oribe Peralta Morones,False,0.0
2018-07-02,Mexico,Marco Jhonfai Fabián De La Mora,False,0.0
2018-07-02,Mexico,Jonathan dos Santos Ramírez,False,35.36666666666667
2018-07-02,Mexico,Érick Gabriel Gutiérrez Galaviz,False,0.0
2018-07-02,Mexico,José de Jesús Corona Rodríguez,False,0.0
2018-07-02,Mexico,Alfredo Talavera Díaz,False,0.0
2018-07-02,Mexico,Javier Ignacio Aquino Carmona,False,0.0
2018-06-21,Denmark,Mathias Jørgensen Jatta,False,0.0
2018-06-21,Denmark,Christian Dannemann Eriksen,True,90.0
2018-06-21,Denmark,Jonas Lössl,False,0.0
2018-06-21,Denmark,Lukas Reiff Lerager,False,0.0
2018-06-21,Denmark,Kasper Schmeichel,True,90.0
2018-06-21,Denmark,Andreas Christensen,True,90.0
2018-06-21,Denmark,Martin Braithwaite Christensen,False,31.916666666666664
2018-06-21,Denmark,Henrik Dalsgaard,True,90.0
2018-06-21,Denmark,Pione Sisto Ifolo Emirmija,True,90.0
2018-06-21,Denmark,Lasse Schöne,True,90.0
2018-06-21,Denmark,Nicolai Jørgensen,True,67.7
2018-06-21,Denmark,Jens Stryger Larsen,True,90.0
2018-06-21,Denmark,Thomas Delaney,True,90.0
2018-06-21,Denmark,Simon Thorup Kjær,True,90.0
2018-06-21,Denmark,Yussuf Yurary Poulsen,True,58.083333333333336
2018-06-21,Denmark,Andreas Evald Cornelius,False,22.299999999999997
2018-06-21,Denmark,Kasper Dolberg,False,0.0
2018-06-21,Denmark,Viktor Fischer,False,0.0
2018-06-21,Denmark,Jonas Knudsen,False,0.0
2018-06-21,Denmark,Michael Krohn-Dehli,False,0.0
2018-06-21,Denmark,Jannik Vestergaard,False,0.0
2018-06-21,Denmark,Frederik Rønnow,False,0.0
2018-06-21,Australia,Mathew Ryan,True,90.0
2018-06-21,Australia,Aaron Mooy,True,90.0
2018-06-21,Australia,Trent Sainsbury,True,90.0
2018-06-21,Australia,Aziz Eraltay Behich,True,90.0
2018-06-21,Australia,Mathew Leckie,True,90.0
2018-06-21,Australia,Josh Risdon,True,90.0
2018-06-21,Australia,Daniel Arzani,False,22.11666666666666
2018-06-21,Australia,Andrew Nabbout,True,74.26666666666667
2018-06-21,Australia,Mark Milligan,True,90.0
2018-06-21,Australia,Mile Jedinak,True,90.0
2018-06-21,Australia,Jackson Irvine,False,8.933333333333337
2018-06-21,Australia,Tom Rogić,True,81.06666666666666
2018-06-21,Australia,Tomi Jurić,False,15.733333333333334
2018-06-21,Australia,Robbie Kruse,True,67.88333333333334
2018-06-21,Australia,Tim Cahill,False,0.0
2018-06-21,Australia,Brad Jones,False,0.0
2018-06-21,Australia,Massimo Luongo,False,0.0
2018-06-21,Australia,James Meredith,False,0.0
2018-06-21,Australia,Jamie MacLaren,False,0.0
2018-06-21,Australia,Miloš Degenek,False,0.0
2018-06-21,Australia,Danny Vuković,False,0.0
2018-06-21,Australia,Matthew Jurman,False,0.0
2018-06-21,Australia,Dimitri Petratos,False,0.0
2018-06-17,Serbia,Nemanja Matić,True,90.0
2018-06-17,Serbia,Luka Milivojević,True,90.0
2018-06-17,Serbia,Marko Grujić,False,0.0
2018-06-17,Serbia,Dušan Tadić,True,81.65
2018-06-17,Serbia,Aleksandar Mitrović,True,88.63333333333334
2018-06-17,Serbia,Duško Tošić,True,90.0
2018-06-17,Serbia,Aleksandar Prijović,False,1.36666666666666
2018-06-17,Serbia,Adem Ljajić,True,69.28333333333333
2018-06-17,Serbia,Antonio Rukavina,False,8.349999999999994
2018-06-17,Serbia,Sergej Milinković-Savić,True,90.0
2018-06-17,Serbia,Filip Kostić,False,20.71666666666667
2018-06-17,Serbia,Branislav Ivanović,True,90.0
2018-06-17,Serbia,Aleksandar Kolarov,True,90.0
2018-06-17,Serbia,Vladimir Stojković,True,90.0
2018-06-17,Serbia,Nikola Milenković,True,90.0
2018-06-17,Serbia,Nemanja Radonjić,False,0.0
2018-06-17,Serbia,Andrija Živković,False,0.0
2018-06-17,Serbia,Luka Jović,False,0.0
2018-06-17,Serbia,Milos Veljkovic,False,0.0
2018-06-17,Serbia,Marko Dmitrović,False,0.0
2018-06-17,Serbia,Predrag Rajković,False,0.0
2018-06-17,Serbia,Milan Rodić,False,0.0
2018-06-17,Serbia,Uroš Spajić,False,0.0
2018-06-17,Costa Rica,Joel Nathaniel Campbell Samuels,False,23.933333333333337
2018-06-17,Costa Rica,Celso Borges Mora,True,90.0
2018-06-17,Costa Rica,Giancarlo González Castro,True,90.0
2018-06-17,Costa Rica,Daniel Colindres Solera,False,17.78333333333333
2018-06-17,Costa Rica,Marcos Danilo Ureña Porras,True,66.06666666666666
2018-06-17,Costa Rica,Johnny Acosta Zamora,True,89.4
2018-06-17,Costa Rica,Bryan Ruiz González,True,90.0
2018-06-17,Costa Rica,Christian Bolaños Navarro,False,30.700000000000003
2018-06-17,Costa Rica,Johan Alberto Venegas Ulloa,True,59.3
2018-06-17,Costa Rica,Keylor Navas Gamboa,True,90.0
2018-06-17,Costa Rica,Óscar Esau Duarte Gaitán,True,90.0
2018-06-17,Costa Rica,David Alberto Guzmán Pérez,True,72.21666666666667
2018-06-17,Costa Rica,Francisco Javier Calvo Quesada,True,90.0
2018-06-17,Costa Rica,Cristian Gamboa Luna,True,90.0
2018-06-17,Costa Rica,Bryan Oviedo,False,0.0
2018-06-17,Costa Rica,Yeltsin Ignacio Tejeda Valverde,False,0.0
2018-06-17,Costa Rica,Rodney Wallace,False,0.0
2018-06-17,Costa Rica,Rándall Azofeifa Corrales,False,0.0
2018-06-17,Costa Rica,Kendall Jamaal Waston Manley,False,0.0
2018-06-17,Costa Rica,Ian Rey Smith Quiros,False,0.0
2018-06-17,Costa Rica,Patrick Alberto Pemberton Bernard,False,0.0
2018-06-17,Costa Rica,Leonel Moreira Ledezma,False,0.0
2018-06-17,Costa Rica,Kenner Gutiérrez Cerdas,False,0.0
2018-07-06,France,Nabil Fekir,False,0.0
2018-07-06,France,Presnel Kimpembe,False,0.0
2018-07-06,France,Kylian Mbappé Lottin,True,87.25
2018-07-06,France,Hugo Lloris,True,90.0
2018-07-06,France,Thomas Lemar,False,0.0
2018-07-06,France,Adil Rami,False,0.0
2018-07-06,France,Florian Thauvin,False,0.0
2018-07-06,France,Benjamin Mendy,False,0.0
2018-07-06,France,Alphonse Areola,False,0.0
2018-07-06,France,Djibril Sidibé,False,0.0
2018-07-06,France,Steve Mandanda,False,0.0
2018-07-06,France,Olivier Giroud,True,90.0
2018-07-06,France,N'Golo Kanté,True,90.0
2018-07-06,France,Benjamin Pavard,True,90.0
2018-07-06,France,Ousmane Dembélé,False,2.75
2018-07-06,France,Corentin Tolisso,True,79.35
2018-07-06,France,Lucas Hernández Pi,True,90.0
2018-07-06,France,Raphaël Varane,True,90.0
2018-07-06,France,Antoine Griezmann,True,92.51666666666667
2018-07-06,France,Samuel Yves Umtiti,True,90.0
2018-07-06,France,Steven N'Kemboanza Mike Christopher Nzonzi,False,10.650000000000006
2018-07-06,France,Paul Pogba,True,90.0
2018-07-06,Uruguay,Luis Alberto Suárez Díaz,True,90.0
2018-07-06,Uruguay,Nahitan Michel Nández Acosta,True,72.7
2018-07-06,Uruguay,José Martín Cáceres Silva,True,90.0
2018-07-06,Uruguay,Diego Roberto Godín Leal,True,90.0
2018-07-06,Uruguay,Matías Vecino Falero,True,90.0
2018-07-06,Uruguay,Cristian Gabriel Rodríguez Barrotti,False,31.383333333333333
2018-07-06,Uruguay,Giorgian Daniel De Arrascaeta Benedetti,False,0.0
2018-07-06,Uruguay,José María Giménez de Vargas,True,90.0
2018-07-06,Uruguay,Rodrigo Bentancur Colmán,True,58.61666666666667
2018-07-06,Uruguay,Guillermo Varela Olivera,False,0.0
2018-07-06,Uruguay,Lucas Torreira Di Pascua,True,90.0
2018-07-06,Uruguay,Néstor Fernando Muslera Micol,True,90.0
2018-07-06,Uruguay,Carlos Andrés Sánchez Arcosa,False,0.0
2018-07-06,Uruguay,Diego Sebastián Laxalt Suárez,True,90.0
2018-07-06,Uruguay,Maximiliano Gómez González,False,31.700000000000003
2018-07-06,Uruguay,Sebastián Coates Nión,False,0.0
2018-07-06,Uruguay,Cristhian Ricardo Stuani Curbelo,True,58.3
2018-07-06,Uruguay,Jonathan Matías Urretaviscaya da Luz,False,17.299999999999997
2018-07-06,Uruguay,Victorio Maximiliano Pereira Páez,False,0.0
2018-07-06,Uruguay,Martín Nicolás Campaña Delgado,False,0.0
2018-07-06,Uruguay,Gastón Alexis Silva Perdomo,False,0.0
2018-07-06,Uruguay,Martín Andrés Silva Leites,False,0.0
2018-07-15,France,Nabil Fekir,False,9.049999999999997
2018-07-15,France,Presnel Kimpembe,False,0.0
2018-07-15,France,Kylian Mbappé Lottin,True,90.0
2018-07-15,France,Hugo Lloris,True,90.0
2018-07-15,France,Thomas Lemar,False,0.0
2018-07-15,France,Adil Rami,False,0.0
2018-07-15,France,Florian Thauvin,False,0.0
2018-07-15,France,Benjamin Mendy,False,0.0
2018-07-15,France,Alphonse Areola,False,0.0
2018-07-15,France,Djibril Sidibé,False,0.0
2018-07-15,France,Steve Mandanda,False,0.0
2018-07-15,France,Olivier Giroud,True,80.95
2018-07-15,France,N''Golo Kanté,True,54.11666666666667
2018-07-15,France,Blaise Matuidi,True,72.85
2018-07-15,France,Benjamin Pavard,True,90.0
2018-07-15,France,Ousmane Dembélé,False,0.0
2018-07-15,France,Corentin Tolisso,False,17.150000000000006
2018-07-15,France,Lucas Hernández Pi,True,90.0
2018-07-15,France,Raphaël Varane,True,90.0
2018-07-15,France,Antoine Griezmann,True,90.0
2018-07-15,France,Samuel Yves Umtiti,True,89.41666666666666
2018-07-15,France,Steven N''Kemboanza Mike Christopher Nzonzi,False,35.88333333333333
2018-07-15,France,Paul Pogba,True,90.0
2018-07-15,Croatia,Danijel Subašić,True,90.0
2018-07-15,Croatia,Dejan Lovren,True,90.0
2018-07-15,Croatia,Mateo Kovačić,False,0.0
2018-07-15,Croatia,Ivan Strinić,True,80.83333333333333
2018-07-15,Croatia,Marko Pjaca,False,9.166666666666671
2018-07-15,Croatia,Andrej Kramarić,False,19.599999999999994
2018-07-15,Croatia,Šime Vrsaljko,True,90.0
2018-07-15,Croatia,Luka Modrić,True,90.0
2018-07-15,Croatia,Ante Rebić,True,70.4
2018-07-15,Croatia,Domagoj Vida,True,90.0
2018-07-15,Croatia,Marcelo Brozović,True,90.0
2018-07-15,Croatia,Ivan Rakitić,True,90.0
2018-07-15,Croatia,Mario Mandžukić,True,90.0
2018-07-15,Croatia,Ivan Perišić,True,90.0
2018-07-15,Croatia,Vedran Ćorluka,False,0.0
2018-07-15,Croatia,Milan Badelj,False,0.0
2018-07-15,Croatia,Duje Ćaleta-Car,False,0.0
2018-07-15,Croatia,Josip Pivarić,False,0.0
2018-07-15,Croatia,Tin Jedvaj,False,0.0
2018-07-15,Croatia,Filip Bradarić,False,0.0
2018-07-15,Croatia,Lovre Kalinić,False,0.0
2018-07-15,Croatia,Dominik Livaković,False,0.0
2018-07-01,Spain,David Josué Jiménez Silva,True,66.21666666666667
2018-07-01,Spain,David de Gea Quintana,True,90.0
2018-07-01,Spain,Ignacio Monreal Eraso,False,0.0
2018-07-01,Spain,César Azpilicueta Tanco,False,0.0
2018-07-01,Spain,Francisco Román Alarcón Suárez,True,90.0
2018-07-01,Spain,Diego da Silva Costa,True,79.03333333333333
2018-07-01,Spain,Jorge Resurrección Merodio,True,90.0
2018-07-01,Spain,Lucas Vázquez Iglesias,False,0.0
2018-07-01,Spain,Sergio Ramos García,True,90.0
2018-07-01,Spain,José Ignacio Fernández Iglesias,True,69.5
2018-07-01,Spain,Sergio Busquets i Burgos,True,90.0
2018-07-01,Spain,Thiago Alcântara do Nascimento,False,0.0
2018-07-01,Spain,Jordi Alba Ramos,True,90.0
2018-07-01,Spain,Gerard Piqué Bernabéu,True,90.0
2018-07-01,Spain,Andrés Iniesta Luján,False,23.78333333333333
2018-07-01,Spain,Iago Aspas Juncal,False,10.966666666666669
2018-07-01,Spain,Rodrigo Moreno Machado,False,0.0
2018-07-01,Spain,Marco Asensio Willemsen,True,103.35
2018-07-01,Spain,Daniel Carvajal Ramos,False,20.5
2018-07-01,Spain,Saúl Ñíguez Esclapez,False,0.0
2018-07-01,Spain,Kepa Arrizabalaga Revuelta,False,0.0
2018-07-01,Spain,Álvaro Odriozola Arzallus,False,0.0
2018-07-01,Spain,José Manuel Reina Páez,False,0.0
2018-07-01,Russia,Mário Figueira Fernandes,True,90.0
2018-07-01,Russia,Roman Zobnin,True,97.0
2018-07-01,Russia,Igor Akinfeev,True,90.0
2018-07-01,Russia,Sergei Ignashevich,True,90.0
2018-07-01,Russia,Ilya Kutepov,True,90.0
2018-07-01,Russia,Aleksandr Golovin,True,90.0
2018-07-01,Russia,Daler Kuzyaev,True,96.28333333333333
2018-07-01,Russia,Alan Dzagoev,False,0.0
2018-07-01,Russia,Yury Gazinskiy,False,0.0
2018-07-01,Russia,Aleksandr Samedov,True,60.05
2018-07-01,Russia,Denis Cheryshev,False,36.95
2018-07-01,Russia,Yuri Zhirkov,True,45.0
2018-07-01,Russia,Fyodor Smolov,False,25.950000000000003
2018-07-01,Russia,Artem Dzyuba,True,64.05
2018-07-01,Russia,Fedor Kudryashov,True,97.0
2018-07-01,Russia,Aleksey Miranchuk,False,0.0
2018-07-01,Russia,Vladimir Granat,False,45.0
2018-07-01,Russia,Aleksandr Erokhin,False,0.7166666666666686
2018-07-01,Russia,Anton Miranchuk,False,0.0
2018-07-01,Russia,Andrey Lunev,False,0.0
2018-07-01,Russia,Andrey Semenov,False,0.0
2018-07-01,Russia,Vladimir Gabulov,False,0.0
2018-06-23,Belgium,Youri Tielemans,False,4.733333333333334
2018-06-23,Belgium,Mousa Sidi Yaya Dembélé,False,0.0
2018-06-23,Belgium,Jan Vertonghen,True,90.0
2018-06-23,Belgium,Kevin De Bruyne,True,90.0
2018-06-23,Belgium,Vincent Kompany,False,0.0
2018-06-23,Belgium,Thomas Meunier,True,90.0
2018-06-23,Belgium,Romelu Lukaku Menama,True,57.06666666666667
2018-06-23,Belgium,Marouane Fellaini-Bakkioui,False,31.866666666666667
2018-06-23,Belgium,Michy Batshuayi Tunga,False,22.900000000000006
2018-06-23,Belgium,Thibaut Courtois,True,90.0
2018-06-23,Belgium,Simon Mignolet,False,0.0
2018-06-23,Belgium,Eden Hazard,True,67.1
2018-06-23,Belgium,Nacer Chadli,False,0.0
2018-06-23,Belgium,Dries Mertens,True,85.26666666666667
2018-06-23,Belgium,Thorgan Hazard,False,0.0
2018-06-23,Belgium,Yannick Ferreira Carrasco,True,90.0
2018-06-23,Belgium,Anga Dedryck Boyata,True,90.0
2018-06-23,Belgium,Axel Witsel,True,90.0
2018-06-23,Belgium,Adnan Januzaj,False,0.0
2018-06-23,Belgium,Leander Dendoncker,False,0.0
2018-06-23,Belgium,Thomas Vermaelen,False,0.0
2018-06-23,Belgium,Koen Casteels,False,0.0
2018-06-23,Belgium,Toby Alderweireld,True,90.0
2018-06-23,Tunisia,Saîf-Eddine Khaoui,True,89.21666666666667
2018-06-23,Tunisia,Wahbi Khazri,True,89.36666666666667
2018-06-23,Tunisia,Bassem Srarfi,False,0.0
2018-06-23,Tunisia,Oussama Haddadi,False,0.0
2018-06-23,Tunisia,Naïm Sliti,False,31.0
2018-06-23,Tunisia,Ellyes Joris Skhiri,True,90.0
2018-06-23,Tunisia,Yohan Benalouane,False,49.4
2018-06-23,Tunisia,Ali Maâloul,True,90.0
2018-06-23,Tunisia,Farouk Ben Mustapha,True,90.0
2018-06-23,Tunisia,Anice Badri,True,90.0
2018-06-23,Tunisia,Ferjani Sassi,True,59.0
2018-06-23,Tunisia,Yassine Meriah,True,90.0
2018-06-23,Tunisia,Saber Khalifa,False,0.0
2018-06-23,Tunisia,Fakhreddine Ben Youssef,True,90.0
2018-06-23,Tunisia,Dylan Daniel Mahmoud Bronn,True,23.6
2018-06-23,Tunisia,Syam Ben Youssef,True,40.6
2018-06-23,Tunisia,Mohamed Amine Ben Amor,False,0.0
2018-06-23,Tunisia,Hamdi Nagguez,False,66.4
2018-06-23,Tunisia,Aymen Mathlouthi,False,0.0
2018-06-23,Tunisia,Rami Bedoui,False,0.0
2018-06-23,Tunisia,Ghilane Chalali,False,0.0
2018-06-23,Tunisia,Ahmed Khalil,False,0.0
2018-06-16,Denmark,Mathias Jattah-Njie Jørgensen,False,9.200000000000003
2018-06-16,Denmark,Christian Dannemann Eriksen,True,90.0
2018-06-16,Denmark,Jonas Lössl,False,0.0
2018-06-16,Denmark,Lukas Reiff Lerager,False,0.0
2018-06-16,Denmark,Kasper Schmeichel,True,90.0
2018-06-16,Denmark,Andreas Christensen,True,80.8
2018-06-16,Denmark,Martin Braithwaite Christensen,False,23.16666666666667
2018-06-16,Denmark,Henrik Dalsgaard,True,90.0
2018-06-16,Denmark,Pione Sisto Ifolo Emirmija,True,66.83333333333333
2018-06-16,Denmark,William Vitved Kvist Jørgensen,True,32.633333333333326
2018-06-16,Denmark,Lasse Schöne,False,54.96666666666667
2018-06-16,Denmark,Nicolai Jørgensen,True,90.0
2018-06-16,Denmark,Jens Stryger Larsen,True,90.0
2018-06-16,Denmark,Thomas Delaney,True,90.0
2018-06-16,Denmark,Simon Thorup Kjær,True,90.0
2018-06-16,Denmark,Yussuf Yurary Poulsen,True,90.0
2018-06-16,Denmark,Andreas Evald Cornelius,False,0.0
2018-06-16,Denmark,Kasper Dolberg,False,0.0
2018-06-16,Denmark,Viktor Fischer,False,0.0
2018-06-16,Denmark,Jonas Knudsen,False,0.0
2018-06-16,Denmark,Michael Krohn-Dehli,False,0.0
2018-06-16,Denmark,Jannik Vestergaard,False,0.0
2018-06-16,Denmark,Frederik Rønnow,False,0.0
2018-06-16,Peru,André Martín Carrillo Díaz,True,90.0
2018-06-16,Peru,Miguel Ángel Trauco Saavedra,True,90.0
2018-06-16,Peru,Christian Alberto Cueva Bravo,True,90.0
2018-06-16,Peru,Luis Jan Piers Advíncula Castrillón,True,90.0
2018-06-16,Peru,Renato Fabrizio Tapia Cortijo,True,85.33333333333334
2018-06-16,Peru,Édison Michael Flores Peralta,True,61.983333333333334
2018-06-16,Peru,Pedro Jesús Aquino Sánchez,False,3.8333333333333286
2018-06-16,Peru,Pedro David Gallese Quiróz,True,90.0
2018-06-16,Peru,Víctor Yoshimar Yotún Flores,True,90.0
2018-06-16,Peru,Christian Guillermo Martín Ramos Garagay,True,90.0
2018-06-16,Peru,Jefferson Agustín Farfán Guadalupe,True,84.15
2018-06-16,Peru,Alberto Junior Rodríguez Valdelomar,True,90.0
2018-06-16,Peru,Raúl Mario Ruidíaz Misitich,False,5.849999999999994
2018-06-16,Peru,José Paolo Guerrero Gonzáles,False,28.016666666666666
2018-06-16,Peru,Anderson Santamaría Bardales,False,0.0
2018-06-16,Peru,Wilder José Cartagena Mendoza,False,0.0
2018-06-16,Peru,Christopher Paolo César Hurtado Huertas,False,0.0
2018-06-16,Peru,Andy Jorman Polo Andrade,False,0.0
2018-06-16,Peru,Miguel Gianpierre Araujo Blanco,False,0.0
2018-06-16,Peru,José Aurelio Carvallo Alonso,False,0.0
2018-06-16,Peru,Aldo Sebastián Corzo Chávez,False,0.0
2018-06-16,Peru,Carlos Alberto Cáceda Oyaguez,False,0.0
2018-06-16,Peru,Nilson Evair Loyola Morales,False,0.0
2018-06-25,Spain,David Josué Jiménez Silva,True,83.78333333333333
2018-06-25,Spain,David de Gea Quintana,True,90.0
2018-06-25,Spain,Ignacio Monreal Eraso,False,0.0
2018-06-25,Spain,César Azpilicueta Tanco,False,0.0
2018-06-25,Spain,Francisco Román Alarcón Suárez,True,90.0
2018-06-25,Spain,Diego da Silva Costa,True,73.26666666666667
2018-06-25,Spain,Jorge Resurrección Merodio,False,0.0
2018-06-25,Spain,Lucas Vázquez Iglesias,False,0.0
2018-06-25,Spain,Sergio Ramos García,True,90.0
2018-06-25,Spain,José Ignacio Fernández Iglesias,False,0.0
2018-06-25,Spain,Sergio Busquets i Burgos,True,90.0
2018-06-25,Spain,Thiago Alcântara do Nascimento,True,73.68333333333334
2018-06-25,Spain,Jordi Alba Ramos,True,90.0
2018-06-25,Spain,Gerard Piqué Bernabéu,True,90.0
2018-06-25,Spain,Andrés Iniesta Luján,True,90.0
2018-06-25,Spain,Iago Aspas Juncal,False,16.733333333333334
2018-06-25,Spain,Rodrigo Moreno Machado,False,6.216666666666669
2018-06-25,Spain,Marco Asensio Willemsen,False,16.316666666666663
2018-06-25,Spain,Daniel Carvajal Ramos,True,90.0
2018-06-25,Spain,Saúl Ñíguez Esclapez,False,0.0
2018-06-25,Spain,Kepa Arrizabalaga Revuelta,False,0.0
2018-06-25,Spain,Álvaro Odriozola Arzallus,False,0.0
2018-06-25,Spain,José Manuel Reina Páez,False,0.0
2018-06-25,Morocco,Nordin Amrabat,True,90.0
2018-06-25,Morocco,Hamza Mendyl,False,0.0
2018-06-25,Morocco,Romain Saïss,True,90.0
2018-06-25,Morocco,Manuel Marouan da Costa Trinidade,True,90.0
2018-06-25,Morocco,Aziz Bouhaddouz,False,5.75
2018-06-25,Morocco,Ayoub El Kaabi,False,0.0
2018-06-25,Morocco,Mbark Boussoufa,True,90.0
2018-06-25,Morocco,Munir Mohand Mohamedi,True,90.0
2018-06-25,Morocco,Sofyan Amrabat,False,0.0
2018-06-25,Morocco,Karim El Ahmadi Al Aroos,True,90.0
2018-06-25,Morocco,Hakim Ziyech,True,84.25
2018-06-25,Morocco,Younès Belhanda,True,62.85
2018-06-25,Morocco,Amine Harit,False,0.0
2018-06-25,Morocco,Medhi Amine El Mouttaqi Benatia,False,0.0
2018-06-25,Morocco,Achraf Hakimi Mouh,True,90.0
2018-06-25,Morocco,Fayçal Fajr,False,27.15
2018-06-25,Morocco,Mehdi Carcela-González,False,0.0
2018-06-25,Morocco,Khalid Boutaïb,True,70.66666666666667
2018-06-25,Morocco,Nabil Dirar,True,90.0
2018-06-25,Morocco,Youssef En-Nesyri,False,19.33333333333333
2018-06-25,Morocco,Yassine Bounou,False,0.0
2018-06-17,Switzerland,Jacques François Moubandje,False,0.0
2018-06-17,Switzerland,Granit Xhaka,True,90.0
2018-06-17,Switzerland,Xherdan Shaqiri,True,90.0
2018-06-17,Switzerland,Fabian Lukas Schär,True,89.75
2018-06-17,Switzerland,Denis Lemi Zakaria Lako Lado,False,20.38333333333334
2018-06-17,Switzerland,Valon Behrami,True,69.01666666666665
2018-06-17,Switzerland,Stephan Lichtsteiner,True,86.36666666666666
2018-06-17,Switzerland,Haris Seferović,True,79.55
2018-06-17,Switzerland,Ricardo Iván Rodríguez Araya,True,90.0
2018-06-17,Switzerland,Breel-Donald Embolo,False,10.450000000000003
2018-06-17,Switzerland,Michael Lang,False,3.63333333333334
2018-06-17,Switzerland,Steven Zuber,True,90.0
2018-06-17,Switzerland,Manuel Obafemi Akanji,True,90.0
2018-06-17,Switzerland,Yann Sommer,True,90.0
2018-06-17,Switzerland,Blerim Džemaili,True,90.0
2018-06-17,Switzerland,Mario Gavranović,False,0.0
2018-06-17,Switzerland,Josip Drmic,False,0.0
2018-06-17,Switzerland,Johan Danon Djourou-Gbadjere,False,0.0
2018-06-17,Switzerland,Remo Freuler,False,0.0
2018-06-17,Switzerland,Roman Bürki,False,0.0
2018-06-17,Switzerland,Gélson da Conceição Tavares Fernandes,False,0.0
2018-06-17,Switzerland,Nico Elvedi,False,0.0
2018-06-17,Switzerland,Yvon Landry Mvogo,False,0.0
2018-06-17,Brazil,Fernando Luiz Roza,False,30.71666666666667
2018-06-17,Brazil,Danilo Luiz da Silva,True,90.0
2018-06-17,Brazil,Ederson Santana de Moraes,False,0.0
2018-06-17,Brazil,Gabriel Fernando de Jesus,True,78.16666666666667
2018-06-17,Brazil,Thiago Emiliano da Silva,True,90.0
2018-06-17,Brazil,Willian Borges da Silva,True,90.0
2018-06-17,Brazil,Philippe Coutinho Correia,True,90.0
2018-06-17,Brazil,Roberto Firmino Barbosa de Oliveira,False,11.833333333333329
2018-06-17,Brazil,Neymar da Silva Santos Junior,True,90.0
2018-06-17,Brazil,Marcos Aoás Corrêa,False,0.0
2018-06-17,Brazil,Carlos Henrique Casimiro,True,59.1
2018-06-17,Brazil,José Paulo Bezzera Maciel Júnior,True,66.6
2018-06-17,Brazil,Alisson Ramsés Becker,True,90.0
2018-06-17,Brazil,João Miranda de Souza Filho,True,90.0
2018-06-17,Brazil,Marcelo Vieira da Silva Júnior,True,90.0
2018-06-17,Brazil,Renato Soares de Oliveira Augusto,False,23.400000000000006
2018-06-17,Brazil,Douglas Costa de Souza,False,0.0
2018-06-17,Brazil,Fágner Conserva Lemos,False,0.0
2018-06-17,Brazil,Filipe Luís Kasmirski,False,0.0
2018-06-17,Brazil,Taison Barcellos Freda,False,0.0
2018-06-17,Brazil,Pedro Tonon Geromel,False,0.0
2018-06-17,Brazil,Cássio Ramos,False,0.0
2018-06-26,Argentina,Ángel Fabián Di María Hernández,True,71.03333333333333
2018-06-26,Argentina,Nicolás Hernán Otamendi,True,90.0
2018-06-26,Argentina,Sergio Leonel Agüero del Castillo,False,10.799999999999997
2018-06-26,Argentina,Giovani Lo Celso,False,0.0
2018-06-26,Argentina,Faustino Marcos Alberto Rojo,True,90.0
2018-06-26,Argentina,Wilfredo Daniel Caballero,False,0.0
2018-06-26,Argentina,Cristian David Pavón,False,29.950000000000003
2018-06-26,Argentina,Gonzalo Gerardo Higuaín,True,90.0
2018-06-26,Argentina,Maximiliano Eduardo Meza,False,18.96666666666667
2018-06-26,Argentina,Lionel Andrés Messi Cuccittini,True,90.0
2018-06-26,Argentina,Éver Maximiliano David Banega,True,90.0
2018-06-26,Argentina,Javier Alejandro Mascherano,True,90.0
2018-06-26,Argentina,Nicolás Alejandro Tagliafico,True,79.2
2018-06-26,Argentina,Lucas Rodrigo Biglia,False,0.0
2018-06-26,Argentina,Eduardo Antonio Salvio,False,0.0
2018-06-26,Argentina,Enzo Nicolás Pérez,True,60.05
2018-06-26,Argentina,Gabriel Iván Mercado,True,90.0
2018-06-26,Argentina,Paulo Bruno Exequiel Dybala,False,0.0
2018-06-26,Argentina,Franco Armani,True,90.0
2018-06-26,Argentina,Federico Julián Fazio,False,0.0
2018-06-26,Argentina,Cristian Daniel Ansaldi,False,0.0
2018-06-26,Argentina,Marcos Javier Acuña,False,0.0
2018-06-26,Argentina,Nahuel Ignacio Guzmán Palomeque,False,0.0
2018-06-26,Nigeria,Chidozie Collins Awaziem,False,0.0
2018-06-26,Nigeria,Onyinye Wilfred Ndidi,True,90.0
2018-06-26,Nigeria,Alex Iwobi,False,0.63333333333334
2018-06-26,Nigeria,Kelechi Promise Iheanacho,True,45.0
2018-06-26,Nigeria,Victor Moses,True,90.0
2018-06-26,Nigeria,Francis Odinaka Uzoho,True,90.0
2018-06-26,Nigeria,William Troost-Ekong,True,90.0
2018-06-26,Nigeria,Odion Jude Ighalo,False,45.0
2018-06-26,Nigeria,Brian Oladapo Idowu,True,90.0
2018-06-26,Nigeria,Simeon Tochukwu Nwankwo,False,0.0
2018-06-26,Nigeria,Oghenekaro Etebo,True,90.0
2018-06-26,Nigeria,Leon Aderemi Balogun,True,90.0
2018-06-26,Nigeria,Abdullahi Shehu,False,0.0
2018-06-26,Nigeria,Ahmed Musa,True,91.71666666666667
2018-06-26,Nigeria,John Michael Nchekwube Obinna,True,90.0
2018-06-26,Nigeria,Kenneth Josiah Omeruo,True,89.36666666666666
2018-06-26,Nigeria,Tyronne Ebuehi,False,0.0
2018-06-26,Nigeria,Joel Chukwuma Obi,False,0.0
2018-06-26,Nigeria,Elderson Uwa Echiejile,False,0.0
2018-06-26,Nigeria,Ogenyi Eddy Onazi,False,0.0
2018-06-26,Nigeria,Daniel Akpeyi,False,0.0
2018-06-26,Nigeria,John Ogochukwu Ogu,False,0.0
2018-06-26,Nigeria,Ikechukwu Ezenwa,False,0.0
2018-06-30,Portugal,Anthony Lopes,False,0.0
2018-06-30,Portugal,João Filipe Iria Santos Moutinho,False,0.0
2018-06-30,Portugal,Bernardo Mota Veiga de Carvalho e Silva,True,90.0
2018-06-30,Portugal,Cédric Ricardo Alves Soares,False,0.0
2018-06-30,Portugal,Adrien Sebastian Perruchet Silva,True,64.4
2018-06-30,Portugal,José Miguel da Rocha Fonte,True,90.0
2018-06-30,Portugal,João Mário Naval da Costa Eduardo,True,84.25
2018-06-30,Portugal,Gonçalo Manuel Ganchinho Guedes,True,72.93333333333334
2018-06-30,Portugal,Bruno Miguel Borges Fernandes,False,0.0
2018-06-30,Portugal,Rui Pedro dos Santos Patrício,True,90.0
2018-06-30,Portugal,Rúben Santos Gato Alves Dias,False,0.0
2018-06-30,Portugal,Cristiano Ronaldo dos Santos Aveiro,True,90.0
2018-06-30,Portugal,Raphaël Adelino José Guerreiro,True,90.0
2018-06-30,Portugal,William Silva de Carvalho,True,90.0
2018-06-30,Portugal,Ricardo Andrade Quaresma Bernardo,False,25.599999999999994
2018-06-30,Portugal,André Miguel Valente Silva,False,17.066666666666663
2018-06-30,Portugal,Gelson Dany Batalha Martins,False,0.0
2018-06-30,Portugal,Manuel Henrique Tavares Fernandes,False,5.75
2018-06-30,Portugal,Ricardo Domingos Barbosa Pereira,True,90.0
2018-06-30,Portugal,Mário Rui Silva Duarte,False,0.0
2018-06-30,Portugal,Bruno Eduardo Regufe Alves,False,0.0
2018-06-30,Portugal,Kléper Laveran Lima Ferreira,True,90.0
2018-06-30,Portugal,António Alberto Bastos Pimparel,False,0.0
2018-06-30,Uruguay,Edinson Roberto Cavani Gómez,True,87.2
2018-06-30,Uruguay,Luis Alberto Suárez Díaz,True,90.0
2018-06-30,Uruguay,Nahitan Michel Nández Acosta,True,80.1
2018-06-30,Uruguay,José Martín Cáceres Silva,True,90.0
2018-06-30,Uruguay,Diego Roberto Godín Leal,True,90.0
2018-06-30,Uruguay,Matías Vecino Falero,True,90.0
2018-06-30,Uruguay,Cristian Gabriel Rodríguez Barrotti,False,27.383333333333333
2018-06-30,Uruguay,Giorgian Daniel De Arrascaeta Benedetti,False,0.0
2018-06-30,Uruguay,José María Giménez de Vargas,True,90.0
2018-06-30,Uruguay,Rodrigo Bentancur Colmán,True,62.61666666666667
2018-06-30,Uruguay,Guillermo Varela Olivera,False,0.0
2018-06-30,Uruguay,Lucas Torreira Di Pascua,True,90.0
2018-06-30,Uruguay,Néstor Fernando Muslera Micol,True,90.0
2018-06-30,Uruguay,Carlos Andrés Sánchez Arcosa,False,9.900000000000006
2018-06-30,Uruguay,Diego Sebastián Laxalt Suárez,True,90.0
2018-06-30,Uruguay,Maximiliano Gómez González,False,0.0
2018-06-30,Uruguay,Sebastián Coates Nión,False,0.0
2018-06-30,Uruguay,Cristhian Ricardo Stuani Curbelo,False,16.733333333333334
2018-06-30,Uruguay,Jonathan Matías Urretaviscaya da Luz,False,0.0
2018-06-30,Uruguay,Victorio Maximiliano Pereira Páez,False,0.0
2018-06-30,Uruguay,Martín Nicolás Campaña Delgado,False,0.0
2018-06-30,Uruguay,Gastón Alexis Silva Perdomo,False,0.0
2018-06-30,Uruguay,Martín Andrés Silva Leites,False,0.0
2018-06-15,Morocco,Nordin Amrabat,True,73.80000000000001
2018-06-15,Morocco,Youssef Aït Bennasser,False,0.0
2018-06-15,Morocco,Hamza Mendyl,False,0.0
2018-06-15,Morocco,Romain Saïss,True,90.0
2018-06-15,Morocco,Manuel Marouan da Costa Trinidade,False,8.333333333333329
2018-06-15,Morocco,Aziz Bouhaddouz,False,13.816666666666663
2018-06-15,Morocco,Ayoub El Kaabi,True,76.18333333333334
2018-06-15,Morocco,Mbark Boussoufa,True,90.0
2018-06-15,Morocco,Munir Mohand Mohamedi,True,90.0
2018-06-15,Morocco,Sofyan Amrabat,False,14.61666666666666
2018-06-15,Morocco,Karim El Ahmadi Al Aroos,True,90.0
2018-06-15,Morocco,Hakim Ziyech,True,90.0
2018-06-15,Morocco,Younès Belhanda,True,90.0
2018-06-15,Morocco,Amine Harit,True,81.66666666666667
2018-06-15,Morocco,Medhi Amine El Mouttaqi Benatia,True,90.0
2018-06-15,Morocco,Achraf Hakimi Mouh,True,90.0
2018-06-15,Morocco,Fayçal Fajr,False,0.0
2018-06-15,Morocco,Mehdi Carcela-González,False,0.0
2018-06-15,Morocco,Khalid Boutaïb,False,0.0
2018-06-15,Morocco,Nabil Dirar,False,0.0
2018-06-15,Morocco,Youssef En-Nesyri,False,0.0
2018-06-15,Morocco,Yassine Bounou,False,0.0
2018-06-15,Morocco,Ahmed Reda Tagnaouti,False,0.0
2018-06-15,Iran,Morteza Pouraliganji,True,90.0
2018-06-15,Iran,Roozbeh Cheshmi,True,90.0
2018-06-15,Iran,Sardar Azmoun,True,90.0
2018-06-15,Iran,Omid Ebrahimi,True,78.8
2018-06-15,Iran,Mehdi Taremi,False,22.683333333333337
2018-06-15,Iran,Alireza Safar Beiranvand,True,90.0
2018-06-15,Iran,Seyed Majid Hosseini,False,10.700000000000003
2018-06-15,Iran,Ehsan Hajsafi,True,90.0
2018-06-15,Iran,Karim Ansarifard,True,90.0
2018-06-15,Iran,Ramin Rezaeian,True,90.0
2018-06-15,Iran,Masoud Shojaei Soleimani,True,67.31666666666666
2018-06-15,Iran,Alireza Jahanbakhsh,True,83.91666666666667
2018-06-15,Iran,Saman Ghoddos,False,6.083333333333329
2018-06-15,Iran,Vahid Amiri,True,90.0
2018-06-15,Iran,Milad Mohammadi,False,0.0
2018-06-15,Iran,Reza Ghoochannejhad Nournia,False,0.0
2018-06-15,Iran,Amir Abedzadeh,False,0.0
2018-06-15,Iran,Ashkan Dejagah,False,0.0
2018-06-15,Iran,Mehdi Torabi,False,0.0
2018-06-15,Iran,Mohammad Rashid Mazaheri,False,0.0
2018-06-15,Iran,Pejman Montazeri,False,0.0
2018-06-15,Iran,Mohammad Reza Khanzadeh,False,0.0
2018-06-14,Russia,Mário Figueira Fernandes,True,90.0
2018-06-14,Russia,Roman Zobnin,True,90.0
2018-06-14,Russia,Igor Akinfeev,True,90.0
2018-06-14,Russia,Sergei Ignashevich,True,90.0
2018-06-14,Russia,Ilya Kutepov,True,90.0
2018-06-14,Russia,Aleksandr Golovin,True,90.0
2018-06-14,Russia,Daler Kuzyaev,False,26.200000000000003
2018-06-14,Russia,Alan Dzagoev,True,23.4
2018-06-14,Russia,Yury Gazinskiy,True,90.0
2018-06-14,Russia,Aleksandr Samedov,True,63.8
2018-06-14,Russia,Denis Cheryshev,False,66.6
2018-06-14,Russia,Yuri Zhirkov,True,90.0
2018-06-14,Russia,Fyodor Smolov,True,69.35
2018-06-14,Russia,Artem Dzyuba,False,20.650000000000006
2018-06-14,Russia,Fedor Kudryashov,False,0.0
2018-06-14,Russia,Igor Smolnikov,False,0.0
2018-06-14,Russia,Aleksey Miranchuk,False,0.0
2018-06-14,Russia,Vladimir Granat,False,0.0
2018-06-14,Russia,Aleksandr Erokhin,False,0.0
2018-06-14,Russia,Anton Miranchuk,False,0.0
2018-06-14,Russia,Andrey Lunev,False,0.0
2018-06-14,Russia,Andrey Semenov,False,0.0
2018-06-14,Russia,Vladimir Gabulov,False,0.0
2018-06-14,Saudi Arabia,Abdullah Ibrahim Otayf,True,63.233333333333334
2018-06-14,Saudi Arabia,Mohanad Aseri Abu Radiah,False,6.033333333333331
2018-06-14,Saudi Arabia,Salman Mohammed Al Faraj,True,90.0
2018-06-14,Saudi Arabia,Yasir Gharsan Al Shahrani,True,90.0
2018-06-14,Saudi Arabia,Osama Abdulrezag Hawsawi,True,90.0
2018-06-14,Saudi Arabia,Taisir Jabir Al Jassim,True,90.0
2018-06-14,Saudi Arabia,Salem Mohammed Al Dawsari,True,90.0
2018-06-14,Saudi Arabia,Hattan Babhir,False,18.91666666666667
2018-06-14,Saudi Arabia,Abdullah Ibrahim Al Maiouf,True,90.0
2018-06-14,Saudi Arabia,Fahad Mosaed Al Muwallad Al Harbi,False,26.766666666666666
2018-06-14,Saudi Arabia,Mohammed Al Burayk,True,90.0
2018-06-14,Saudi Arabia,Yehya Sulaiman Ali Al-Shehri,True,71.08333333333333
2018-06-14,Saudi Arabia,Mohammad Ibrahim Al Sahlawi,True,83.96666666666667
2018-06-14,Saudi Arabia,Omar Ibrahim Omar Othman Hawsawi,True,90.0
2018-06-14,Saudi Arabia,Mohammed Kanoo,False,0.0
2018-06-14,Saudi Arabia,Mohammed Khalil Al Owais,False,0.0
2018-06-14,Saudi Arabia,Ali Albulayhi,False,0.0
2018-06-14,Saudi Arabia,Hussain Al Mogahwi,False,0.0
2018-06-14,Saudi Arabia,Motaz Ali Hassan Hawsawi,False,0.0
2018-06-14,Saudi Arabia,Yasser Abdullah Al Mosailem,False,0.0
2018-06-14,Saudi Arabia,Abdullah Alkhaibari,False,0.0
2018-06-14,Saudi Arabia,Abdulmalek Abdullah Al Khaibri,False,0.0
2018-06-14,Saudi Arabia,Mansour Althaqfi Al Harbi,False,0.0
2018-06-27,Mexico,Javier Hernández Balcázar,True,90.0
2018-06-27,Mexico,Miguel Arturo Layún Prado,True,88.01666666666667
2018-06-27,Mexico,Rafael Márquez Álvarez,False,0.0
2018-06-27,Mexico,Carlos Alberto Vela Garrido,True,90.0
2018-06-27,Mexico,Hugo Ayala Castro,False,0.0
2018-06-27,Mexico,José Andrés Guardado Hernández,True,74.68333333333334
2018-06-27,Mexico,Carlos Joel Salcedo Hernández,True,90.0
2018-06-27,Mexico,Edson Omar Álvarez Velázquez,True,90.0
2018-06-27,Mexico,Raúl Alonso Jiménez Rodríguez,False,0.0
2018-06-27,Mexico,Hirving Rodrigo Lozano Bahena,True,90.0
2018-06-27,Mexico,Héctor Alfredo Moreno Herrera,True,90.0
2018-06-27,Mexico,Héctor Miguel Herrera López,True,90.0
2018-06-27,Mexico,Jesús Daniel Gallardo Vasconcelos,True,64.78333333333333
2018-06-27,Mexico,Francisco Guillermo Ochoa Magaña,True,90.0
2018-06-27,Mexico,Jesús Manuel Corona Ruíz,False,15.316666666666663
2018-06-27,Mexico,Giovani dos Santos Ramírez,False,0.0
2018-06-27,Mexico,Oribe Peralta Morones,False,1.9833333333333343
2018-06-27,Mexico,Marco Jhonfai Fabián De La Mora,False,25.21666666666667
2018-06-27,Mexico,Jonathan dos Santos Ramírez,False,0.0
2018-06-27,Mexico,Érick Gabriel Gutiérrez Galaviz,False,0.0
2018-06-27,Mexico,José de Jesús Corona Rodríguez,False,0.0
2018-06-27,Mexico,Alfredo Talavera Díaz,False,0.0
2018-06-27,Mexico,Javier Ignacio Aquino Carmona,False,0.0
2018-06-27,Sweden,Karl-Johan Johnsson,False,0.0
2018-06-27,Sweden,Martin Olsson,False,0.0
2018-06-27,Sweden,Victor Nilsson Lindelöf,True,90.0
2018-06-27,Sweden,Ola Toivonen,True,90.0
2018-06-27,Sweden,Pontus Jansson,False,0.0
2018-06-27,Sweden,Oscar Hiljemark,False,10.216666666666669
2018-06-27,Sweden,Andreas Granqvist,True,90.0
2018-06-27,Sweden,Gustav Svensson,False,33.38333333333333
2018-06-27,Sweden,Mikael Lustig,True,90.0
2018-06-27,Sweden,Viktor Claesson,True,90.0
2018-06-27,Sweden,Isaac Kiese Thelin,False,22.91666666666667
2018-06-27,Sweden,Sebastian Larsson,True,56.61666666666667
2018-06-27,Sweden,Ludwig Augustinsson,True,90.0
2018-06-27,Sweden,Robin Olsen,True,90.0
2018-06-27,Sweden,Albin Ekdal,True,79.78333333333333
2018-06-27,Sweden,Emil Peter Forsberg,True,90.0
2018-06-27,Sweden,John Guidetti,False,0.0
2018-06-27,Sweden,Emil Krafth,False,0.0
2018-06-27,Sweden,Filip Helander,False,0.0
2018-06-27,Sweden,Marcus Rohdén,False,0.0
2018-06-27,Sweden,Kristoffer Nordfeldt,False,0.0
2018-06-27,Sweden,Marcus Berg,True,67.08333333333333
2018-06-27,Sweden,Jimmy Durmaz,False,0.0
2018-07-07,England,Bamidele Alli,True,76.0
2018-07-07,England,Kyle Walker,True,90.0
2018-07-07,England,Raheem Sterling,True,90.36666666666666
2018-07-07,England,John Stones,True,90.0
2018-07-07,England,Jesse Lingard,True,90.0
2018-07-07,England,Kieran Trippier,True,90.0
2018-07-07,England,Phil Jones,False,0.0
2018-07-07,England,Marcus Rashford,False,0.0
2018-07-07,England,Harry Maguire,True,90.0
2018-07-07,England,Jordan Pickford,True,90.0
2018-07-07,England,Nick Pope,False,0.0
2018-07-07,England,Ruben Loftus-Cheek,False,0.0
2018-07-07,England,Jordan Brian Henderson,True,83.71666666666667
2018-07-07,England,Jack Butland,False,0.0
2018-07-07,England,Daniel Nii Tackie Mensah Welbeck,False,0.0
2018-07-07,England,Danny Rose,False,0.0
2018-07-07,England,Ashley Young,True,90.0
2018-07-07,England,Gary Cahill,False,0.0
2018-07-07,England,Trent Alexander-Arnold,False,0.0
2018-07-07,England,Fabian Delph,False,14.0
2018-07-07,England,Harry Kane,True,90.0
2018-07-07,England,Eric Dier,False,6.283333333333331
2018-07-07,England,Jamie Vardy,False,0.0
2018-07-07,Sweden,Karl-Johan Johnsson,False,0.0
2018-07-07,Sweden,Martin Olsson,False,25.733333333333334
2018-07-07,Sweden,Victor Nilsson Lindelöf,True,90.0
2018-07-07,Sweden,Ola Toivonen,True,64.26666666666667
2018-07-07,Sweden,Pontus Jansson,False,5.650000000000006
2018-07-07,Sweden,Oscar Hiljemark,False,0.0
2018-07-07,Sweden,Andreas Granqvist,True,90.0
2018-07-07,Sweden,Gustav Svensson,False,0.0
2018-07-07,Sweden,Viktor Claesson,True,90.0
2018-07-07,Sweden,Isaac Kiese Thelin,False,0.0
2018-07-07,Sweden,Sebastian Larsson,True,90.0
2018-07-07,Sweden,Ludwig Augustinsson,True,90.0
2018-07-07,Sweden,Robin Olsen,True,90.0
2018-07-07,Sweden,Albin Ekdal,True,90.0
2018-07-07,Sweden,Emil Peter Forsberg,True,64.26666666666667
2018-07-07,Sweden,John Guidetti,False,25.733333333333334
2018-07-07,Sweden,Emil Krafth,True,84.35
2018-07-07,Sweden,Filip Helander,False,0.0
2018-07-07,Sweden,Marcus Rohdén,False,0.0
2018-07-07,Sweden,Kristoffer Nordfeldt,False,0.0
2018-07-07,Sweden,Marcus Berg,True,90.0
2018-07-07,Sweden,Jimmy Durmaz,False,0.0
2018-06-27,South Korea,Heung-Min Son,True,90.0
2018-06-27,South Korea,Sung-Yeung Ki,False,0.0
2018-06-27,South Korea,Young-Gwon Kim,True,90.0
2018-06-27,South Korea,Hyun-Soo Jang,True,90.0
2018-06-27,South Korea,Yong Lee,True,90.5
2018-06-27,South Korea,Joo-Ho Park,False,0.0
2018-06-27,South Korea,Min-Woo Kim,False,0.0
2018-06-27,South Korea,Seung-Woo Lee,False,0.0
2018-06-27,South Korea,Woo-Young Jung,True,90.0
2018-06-27,South Korea,Hyeon-Woo Jo,True,90.0
2018-06-27,South Korea,Hee-Chan Hwang,False,22.433333333333337
2018-06-27,South Korea,Jae-Sung Lee,True,90.0
2018-06-27,South Korea,Shin-Wook Kim,False,0.0
2018-06-27,South Korea,Ja-Cheol Koo,True,55.8
2018-06-27,South Korea,Chul Hong,True,90.0
2018-06-27,South Korea,Se-Jong Ju,False,21.799999999999997
2018-06-27,South Korea,Seon-Min Moon,True,68.2
2018-06-27,South Korea,Young-Sun Yun,True,90.0
2018-06-27,South Korea,Yo-Han Go,False,11.766666666666666
2018-06-27,South Korea,Seung-Gyu Kim,False,0.0
2018-06-27,South Korea,Jin-Hyeon Kim,False,0.0
2018-06-27,South Korea,Seung-Hyun Jung,False,0.0
2018-06-27,South Korea,Ban-Suk Oh,False,0.0
2018-06-27,Germany,Antonio Rüdiger,False,0.0
2018-06-27,Germany,Julian Draxler,False,0.0
2018-06-27,Germany,Mesut Özil,True,90.0
2018-06-27,Germany,Kevin Trapp,False,0.0
2018-06-27,Germany,Julian Brandt,False,12.783333333333331
2018-06-27,Germany,Timo Werner,True,90.0
2018-06-27,Germany,Marco Reus,True,90.0
2018-06-27,Germany,Thomas Müller,False,27.700000000000003
2018-06-27,Germany,Mario Gómez García,False,32.13333333333333
2018-06-27,Germany,Sami Khedira,True,57.86666666666667
2018-06-27,Germany,Marvin Plattenhardt,False,0.0
2018-06-27,Germany,Manuel Neuer,True,90.0
2018-06-27,Germany,Mats Hummels,True,90.0
2018-06-27,Germany,Toni Kroos,True,90.0
2018-06-27,Germany,Joshua Kimmich,True,90.0
2018-06-27,Germany,Sebastian Rudy,False,0.0
2018-06-27,Germany,Jonas Hector,True,77.21666666666667
2018-06-27,Germany,Niklas Süle,True,90.0
2018-06-27,Germany,Leon Goretzka,True,62.3
2018-06-27,Germany,Matthias Ginter,False,0.0
2018-06-27,Germany,İlkay Gündoğan,False,0.0
2018-06-27,Germany,Marc-André ter Stegen,False,0.0
2018-06-19,Japan,Eiji Kawashima,True,90.0
2018-06-19,Japan,Maya Yoshida,True,90.0
2018-06-19,Japan,Hiroki Sakai,True,90.0
2018-06-19,Japan,Shinji Okazaki,False,5.266666666666666
2018-06-19,Japan,Yūya Ōsako,True,84.73333333333333
2018-06-19,Japan,Makoto Hasebe,True,90.0
2018-06-19,Japan,Gen Shōji,True,90.0
2018-06-19,Japan,Keisuke Honda,False,20.816666666666663
2018-06-19,Japan,Shinji Kagawa,True,69.18333333333334
2018-06-19,Japan,Takashi Inui,True,90.0
2018-06-19,Japan,Yuto Nagatomo,True,90.0
2018-06-19,Japan,Gaku Shibasaki,True,79.28333333333333
2018-06-19,Japan,Hotaru Yamaguchi,False,10.716666666666669
2018-06-19,Japan,Genki Haraguchi,True,90.0
2018-06-19,Japan,Takashi Usami,False,0.0
2018-06-19,Japan,Yoshinori Muto,False,0.0
2018-06-19,Japan,Tomoaki Makino,False,0.0
2018-06-19,Japan,Gotoku Sakai,False,0.0
2018-06-19,Japan,Wataru Endo,False,0.0
2018-06-19,Japan,Naomichi Ueda,False,0.0
2018-06-19,Japan,Ryota Oshima,False,0.0
2018-06-19,Japan,Masaaki Higashiguchi,False,0.0
2018-06-19,Japan,Kosuke Nakamura,False,0.0
2018-06-19,Colombia,José Heriberto Izquierdo Mena,True,69.48333333333333
2018-06-19,Colombia,Radamel Falcao García Zárate,True,90.0
2018-06-19,Colombia,Davinson Sánchez Mina,True,90.0
2018-06-19,Colombia,David Ospina Ramírez,True,90.0
2018-06-19,Colombia,Jefferson Andrés Lerma Solís,True,90.0
2018-06-19,Colombia,Oscar Fabián Murillo Murillo,True,90.0
2018-06-19,Colombia,Carlos Alberto Sánchez Moreno,True,85.9
2018-06-19,Colombia,Wílmar Enrique Barrios Terán,False,59.28333333333333
2018-06-19,Colombia,Carlos Arturo Bacca Ahumada,False,20.516666666666666
2018-06-19,Colombia,Juan Guillermo Cuadrado Bello,True,30.71666666666666
2018-06-19,Colombia,Johan Andrés Mojica Palacio,True,90.0
2018-06-19,Colombia,Juan Fernando Quintero Paniagua,True,57.89999999999999
2018-06-19,Colombia,James David Rodríguez Rubio,False,32.1
2018-06-19,Colombia,Santiago Arias Naranjo,True,90.0
2018-06-19,Colombia,Abel Enrique Aguilar Tapia,False,0.0
2018-06-19,Colombia,Andrés Mateus Uribe Villa,False,0.0
2018-06-19,Colombia,Yerry Fernando Mina González,False,0.0
2018-06-19,Colombia,Miguel Ángel Borja Hernández,False,0.0
2018-06-19,Colombia,Luis Fernando Muriel Fruto,False,0.0
2018-06-19,Colombia,Cristian Eduardo Zapata Valencia,False,0.0
2018-06-19,Colombia,Camilo Andrés Vargas Gil,False,0.0
2018-06-19,Colombia,Farid Alfonso Díaz Rhenals,False,0.0
2018-06-19,Colombia,José Fernando Cuadrado Romero,False,0.0
2018-07-10,France,Nabil Fekir,False,0.0
2018-07-10,France,Presnel Kimpembe,False,0.0
2018-07-10,France,Kylian Mbappé Lottin,True,90.0
2018-07-10,France,Hugo Lloris,True,90.0
2018-07-10,France,Thomas Lemar,False,0.0
2018-07-10,France,Adil Rami,False,0.0
2018-07-10,France,Florian Thauvin,False,0.0
2018-07-10,France,Benjamin Mendy,False,0.0
2018-07-10,France,Alphonse Areola,False,0.0
2018-07-10,France,Djibril Sidibé,False,0.0
2018-07-10,France,Steve Mandanda,False,0.0
2018-07-10,France,Olivier Giroud,True,83.76666666666667
2018-07-10,France,N'Golo Kanté,True,90.0
2018-07-10,France,Blaise Matuidi,True,85.7
2018-07-10,France,Benjamin Pavard,True,90.0
2018-07-10,France,Ousmane Dembélé,False,0.0
2018-07-10,France,Corentin Tolisso,False,4.299999999999997
2018-07-10,France,Lucas Hernández Pi,True,90.0
2018-07-10,France,Raphaël Varane,True,90.0
2018-07-10,France,Antoine Griezmann,True,90.0
2018-07-10,France,Samuel Yves Umtiti,True,90.0
2018-07-10,France,Steven N'Kemboanza Mike Christopher Nzonzi,False,5.75
2018-07-10,France,Paul Pogba,True,90.0
2018-07-10,Belgium,Youri Tielemans,False,0.0
2018-07-10,Belgium,Mousa Sidi Yaya Dembélé,True,59.483333333333334
2018-07-10,Belgium,Jan Vertonghen,True,90.0
2018-07-10,Belgium,Kevin De Bruyne,True,90.0
2018-07-10,Belgium,Vincent Kompany,True,90.0
2018-07-10,Belgium,Romelu Lukaku Menama,True,90.0
2018-07-10,Belgium,Marouane Fellaini-Bakkioui,True,79.75
2018-07-10,Belgium,Michy Batshuayi Tunga,False,0.0
2018-07-10,Belgium,Thibaut Courtois,True,90.0
2018-07-10,Belgium,Simon Mignolet,False,0.0
2018-07-10,Belgium,Eden Hazard,True,90.0
2018-07-10,Belgium,Nacer Chadli,True,90.75
2018-07-10,Belgium,Dries Mertens,False,30.516666666666666
2018-07-10,Belgium,Thorgan Hazard,False,0.0
2018-07-10,Belgium,Yannick Ferreira Carrasco,False,10.25
2018-07-10,Belgium,Anga Dedryck Boyata,False,0.0
2018-07-10,Belgium,Axel Witsel,True,90.0
2018-07-10,Belgium,Adnan Januzaj,False,0.0
2018-07-10,Belgium,Leander Dendoncker,False,0.0
2018-07-10,Belgium,Thomas Vermaelen,False,0.0
2018-07-10,Belgium,Koen Casteels,False,0.0
2018-07-10,Belgium,Toby Alderweireld,True,90.0
2018-07-14,Belgium,Youri Tielemans,True,77.78333333333333
2018-07-14,Belgium,Mousa Sidi Yaya Dembélé,False,12.216666666666669
2018-07-14,Belgium,Jan Vertonghen,True,90.0
2018-07-14,Belgium,Kevin De Bruyne,True,90.0
2018-07-14,Belgium,Vincent Kompany,True,90.0
2018-07-14,Belgium,Thomas Meunier,True,90.0
2018-07-14,Belgium,Romelu Lukaku Menama,True,59.63333333333333
2018-07-14,Belgium,Marouane Fellaini-Bakkioui,False,0.0
2018-07-14,Belgium,Michy Batshuayi Tunga,False,0.0
2018-07-14,Belgium,Thibaut Courtois,True,90.0
2018-07-14,Belgium,Simon Mignolet,False,0.0
2018-07-14,Belgium,Eden Hazard,True,90.0
2018-07-14,Belgium,Nacer Chadli,True,36.916666666666664
2018-07-14,Belgium,Dries Mertens,False,30.366666666666667
2018-07-14,Belgium,Thorgan Hazard,False,0.0
2018-07-14,Belgium,Yannick Ferreira Carrasco,False,0.0
2018-07-14,Belgium,Anga Dedryck Boyata,False,0.0
2018-07-14,Belgium,Axel Witsel,True,90.0
2018-07-14,Belgium,Adnan Januzaj,False,0.0
2018-07-14,Belgium,Leander Dendoncker,False,0.0
2018-07-14,Belgium,Thomas Vermaelen,False,51.36666666666667
2018-07-14,Belgium,Koen Casteels,False,0.0
2018-07-14,Belgium,Toby Alderweireld,True,90.0
2018-07-14,England,Bamidele Alli,False,6.533333333333331
2018-07-14,England,Kyle Walker,False,0.0
2018-07-14,England,Raheem Sterling,True,45.0
2018-07-14,England,John Stones,True,90.0
2018-07-14,England,Jesse Lingard,False,45.0
2018-07-14,England,Kieran Trippier,True,90.0
2018-07-14,England,Phil Jones,True,90.0
2018-07-14,England,Marcus Rashford,False,45.0
2018-07-14,England,Harry Maguire,True,90.0
2018-07-14,England,Jordan Pickford,True,90.0
2018-07-14,England,Nick Pope,False,0.0
2018-07-14,England,Ruben Loftus-Cheek,True,83.46666666666667
2018-07-14,England,Jordan Brian Henderson,False,0.0
2018-07-14,England,Jack Butland,False,0.0
2018-07-14,England,Daniel Nii Tackie Mensah Welbeck,False,0.0
2018-07-14,England,Danny Rose,True,45.0
2018-07-14,England,Ashley Young,False,0.0
2018-07-14,England,Gary Cahill,False,0.0
2018-07-14,England,Trent Alexander-Arnold,False,0.0
2018-07-14,England,Fabian Delph,True,90.0
2018-07-14,England,Harry Kane,True,90.0
2018-07-14,England,Eric Dier,True,90.0
2018-07-14,England,Jamie Vardy,False,0.0
2018-07-07,Croatia,Danijel Subašić,True,90.0
2018-07-07,Croatia,Dejan Lovren,True,90.0
2018-07-07,Croatia,Mateo Kovačić,False,8.533333333333331
2018-07-07,Croatia,Ivan Strinić,True,73.48333333333333
2018-07-07,Croatia,Marko Pjaca,False,0.0
2018-07-07,Croatia,Andrej Kramarić,True,87.8
2018-07-07,Croatia,Šime Vrsaljko,True,94.69999999999999
2018-07-07,Croatia,Luka Modrić,True,96.33333333333333
2018-07-07,Croatia,Ante Rebić,True,96.33333333333333
2018-07-07,Croatia,Domagoj Vida,True,96.33333333333333
2018-07-07,Croatia,Marcelo Brozović,False,33.86666666666666
2018-07-07,Croatia,Ivan Rakitić,True,96.33333333333333
2018-07-07,Croatia,Mario Mandžukić,True,96.33333333333333
2018-07-07,Croatia,Ivan Perišić,True,62.46666666666667
2018-07-07,Croatia,Vedran Ćorluka,False,0.04999999999999716
2018-07-07,Croatia,Milan Badelj,False,0.0
2018-07-07,Croatia,Duje Ćaleta-Car,False,0.0
2018-07-07,Croatia,Josip Pivarić,False,16.516666666666666
2018-07-07,Croatia,Tin Jedvaj,False,0.0
2018-07-07,Croatia,Filip Bradarić,False,0.0
2018-07-07,Croatia,Lovre Kalinić,False,0.0
2018-07-07,Croatia,Dominik Livaković,False,0.0
2018-07-07,Russia,Mário Figueira Fernandes,True,90.0
2018-07-07,Russia,Roman Zobnin,True,90.0
2018-07-07,Russia,Igor Akinfeev,True,90.0
2018-07-07,Russia,Sergei Ignashevich,True,90.0
2018-07-07,Russia,Ilya Kutepov,True,90.0
2018-07-07,Russia,Aleksandr Golovin,True,101.71666666666667
2018-07-07,Russia,Daler Kuzyaev,True,90.0
2018-07-07,Russia,Alan Dzagoev,False,0.0
2018-07-07,Russia,Yury Gazinskiy,False,11.433333333333337
2018-07-07,Russia,Aleksandr Samedov,True,53.7
2018-07-07,Russia,Denis Cheryshev,True,66.36666666666666
2018-07-07,Russia,Yuri Zhirkov,False,0.0
2018-07-07,Russia,Fyodor Smolov,False,23.63333333333334
2018-07-07,Russia,Artem Dzyuba,True,78.56666666666666
2018-07-07,Russia,Fedor Kudryashov,True,90.0
2018-07-07,Russia,Igor Smolnikov,False,0.0
2018-07-07,Russia,Aleksey Miranchuk,False,0.0
2018-07-07,Russia,Vladimir Granat,False,0.0
2018-07-07,Russia,Aleksandr Erokhin,False,36.3
2018-07-07,Russia,Anton Miranchuk,False,0.0
2018-07-07,Russia,Andrey Lunev,False,0.0
2018-07-07,Russia,Andrey Semenov,False,0.0
2018-07-07,Russia,Vladimir Gabulov,False,0.0
2018-06-26,France,Nabil Fekir,False,22.03333333333333
2018-06-26,France,Presnel Kimpembe,True,90.0
2018-06-26,France,Kylian Mbappé Lottin,False,12.433333333333337
2018-06-26,France,Hugo Lloris,False,0.0
2018-06-26,France,Thomas Lemar,True,90.0
2018-06-26,France,Adil Rami,False,0.0
2018-06-26,France,Florian Thauvin,False,0.0
2018-06-26,France,Benjamin Mendy,False,40.6
2018-06-26,France,Alphonse Areola,False,0.0
2018-06-26,France,Djibril Sidibé,True,90.0
2018-06-26,France,Steve Mandanda,True,90.0
2018-06-26,France,Olivier Giroud,True,90.0
2018-06-26,France,N'Golo Kanté,True,90.0
2018-06-26,France,Blaise Matuidi,False,0.0
2018-06-26,France,Benjamin Pavard,False,0.0
2018-06-26,France,Ousmane Dembélé,True,77.56666666666666
2018-06-26,France,Corentin Tolisso,False,0.0
2018-06-26,France,Lucas Hernández Pi,True,49.4
2018-06-26,France,Raphaël Varane,True,90.0
2018-06-26,France,Antoine Griezmann,True,67.96666666666667
2018-06-26,France,Samuel Yves Umtiti,False,0.0
2018-06-26,France,Steven N'Kemboanza Mike Christopher Nzonzi,True,90.0
2018-06-26,France,Paul Pogba,False,0.0
2018-06-26,Denmark,Mathias Jørgensen Jatta,True,90.0
2018-06-26,Denmark,Christian Dannemann Eriksen,True,90.0
2018-06-26,Denmark,Jonas Lössl,False,0.0
2018-06-26,Denmark,Lukas Reiff Lerager,False,0.0
2018-06-26,Denmark,Kasper Schmeichel,True,90.0
2018-06-26,Denmark,Andreas Christensen,True,90.0
2018-06-26,Denmark,Martin Braithwaite Christensen,True,90.0
2018-06-26,Denmark,Henrik Dalsgaard,True,90.0
2018-06-26,Denmark,Pione Sisto Ifolo Emirmija,True,59.083333333333336
2018-06-26,Denmark,William Vitved Kvist Jørgensen,False,0.0
2018-06-26,Denmark,Lasse Schöne,False,0.0
2018-06-26,Denmark,Nicolai Jørgensen,False,0.0
2018-06-26,Denmark,Jens Stryger Larsen,True,90.0
2018-06-26,Denmark,Thomas Delaney,True,91.71666666666667
2018-06-26,Denmark,Simon Thorup Kjær,True,90.0
2018-06-26,Denmark,Andreas Evald Cornelius,True,74.25
2018-06-26,Denmark,Kasper Dolberg,False,15.650000000000006
2018-06-26,Denmark,Viktor Fischer,False,30.916666666666664
2018-06-26,Denmark,Jonas Knudsen,False,0.0
2018-06-26,Denmark,Michael Krohn-Dehli,False,0.0
2018-06-26,Denmark,Jannik Vestergaard,False,0.0
2018-06-26,Denmark,Frederik Rønnow,False,0.0
2018-06-24,Senegal,Ismaïla Sarr,True,90.0
2018-06-24,Senegal,Adama Mbengue,False,0.0
2018-06-24,Senegal,Abdoulaye Diallo,False,0.0
2018-06-24,Senegal,Keita Baldé Diao,False,0.0
2018-06-24,Senegal,Youssouf Sabaly,True,90.0
2018-06-24,Senegal,Idrissa Gana Gueye,True,90.0
2018-06-24,Senegal,Pape Moussa Konaté,False,0.0
2018-06-24,Senegal,Mame Biram Diouf,False,4.716666666666669
2018-06-24,Senegal,Sadio Mané,True,90.0
2018-06-24,Senegal,Cheikhou Kouyaté,False,25.450000000000003
2018-06-24,Senegal,Diafra Sakho,False,0.0
2018-06-24,Senegal,Papa Alioune N'Diaye,True,80.55
2018-06-24,Senegal,Khadim N'Diaye,True,90.0
2018-06-24,Senegal,M'Baye Babacar Niang,True,85.28333333333333
2018-06-24,Senegal,Salif Sané,True,90.0
2018-06-24,Senegal,Alfred John Momar N'Diaye,True,64.55
2018-06-24,Senegal,Moussa Wagué,True,90.0
2018-06-24,Senegal,Kalidou Koulibaly,True,90.0
2018-06-24,Senegal,Cheikh N'Doye,False,9.450000000000003
2018-06-24,Senegal,Lamine Gassama,False,0.0
2018-06-24,Senegal,Alfred Benjamin Gomis,False,0.0
2018-06-24,Senegal,Serigne Modou Kara Mbodji,False,0.0
2018-06-24,Senegal,Moussa Sow,False,0.0
2018-06-24,Japan,Eiji Kawashima,True,90.0
2018-06-24,Japan,Maya Yoshida,True,90.0
2018-06-24,Japan,Hiroki Sakai,True,90.0
2018-06-24,Japan,Shinji Okazaki,False,15.36666666666666
2018-06-24,Japan,Yūya Ōsako,True,90.0
2018-06-24,Japan,Makoto Hasebe,True,88.85
2018-06-24,Japan,Gen Shōji,True,90.0
2018-06-24,Japan,Keisuke Honda,False,18.36666666666666
2018-06-24,Japan,Shinji Kagawa,True,71.63333333333334
2018-06-24,Japan,Takashi Inui,True,86.38333333333334
2018-06-24,Japan,Yuto Nagatomo,True,90.0
2018-06-24,Japan,Gaku Shibasaki,True,90.0
2018-06-24,Japan,Hotaru Yamaguchi,False,0.0
2018-06-24,Japan,Genki Haraguchi,True,74.63333333333334
2018-06-24,Japan,Takashi Usami,False,3.61666666666666
2018-06-24,Japan,Yoshinori Muto,False,0.0
2018-06-24,Japan,Tomoaki Makino,False,0.0
2018-06-24,Japan,Gotoku Sakai,False,0.0
2018-06-24,Japan,Wataru Endo,False,0.0
2018-06-24,Japan,Naomichi Ueda,False,0.0
2018-06-24,Japan,Ryota Oshima,False,0.0
2018-06-24,Japan,Masaaki Higashiguchi,False,0.0
2018-06-24,Japan,Kosuke Nakamura,False,0.0
2018-06-25,Egypt,Mohamed Salah,True,90.0
2018-06-25,Egypt,Ramadan Sobhi Ramadan Ahmed,False,26.416666666666664
2018-06-25,Egypt,Mohamed Naser Elsayed Elneny,True,90.0
2018-06-25,Egypt,Sam Morsy,False,0.0
2018-06-25,Egypt,Ahmed Elsayed Ali Elsayed Hegazy,True,90.0
2018-06-25,Egypt,Ahmed Fathy Abdel Meneim Ibrahim,True,90.0
2018-06-25,Egypt,Abdalla Mahmoud El Said Bekhit,True,44.833333333333336
2018-06-25,Egypt,Marwan Mohsen,True,63.583333333333336
2018-06-25,Egypt,Amr Medhat Warda,False,38.55
2018-06-25,Egypt,Ali Gabr,True,90.0
2018-06-25,Egypt,Mahmoud Abdul Monem Abdelhamid Soliman,False,9.566666666666663
2018-06-25,Egypt,Mahmoud Ibrahim Hassan,True,80.43333333333334
2018-06-25,Egypt,Tarek Hamed,True,90.0
2018-06-25,Egypt,Mohamed Abdul Shafy Sayed Abouezeid,True,90.0
2018-06-25,Egypt,Mohamed El Sayed Mohamed El Shenawy Gomaa,False,0.0
2018-06-25,Egypt,Essam Kamal Tawfik El Hadary,True,90.0
2018-06-25,Egypt,Ahmed Eissa El Mohamady Abdel Fattah,False,0.0
2018-06-25,Egypt,Mahmoud Abdel Razek Fadlallah,False,0.0
2018-06-25,Egypt,Ayman Ashraf,False,0.0
2018-06-25,Egypt,Sherif Ekramy Ahmed,False,0.0
2018-06-25,Egypt,Mahmoud Hamdi Mahmoud Hamouda Attia,False,0.0
2018-06-25,Egypt,Saad Ali Saadeldin Samir,False,0.0
2018-06-25,Saudi Arabia,Abdullah Ibrahim Otayf,True,90.0
2018-06-25,Saudi Arabia,Mohanad Aseri Abu Radiah,False,25.5
2018-06-25,Saudi Arabia,Salman Mohammed Al Faraj,True,90.0
2018-06-25,Saudi Arabia,Yasir Gharsan Al Shahrani,True,90.0
2018-06-25,Saudi Arabia,Osama Abdulrezag Hawsawi,True,90.0
2018-06-25,Saudi Arabia,Salem Mohammed Al Dawsari,True,90.0
2018-06-25,Saudi Arabia,Hattan Babhir,True,64.5
2018-06-25,Saudi Arabia,Abdullah Ibrahim Al Maiouf,False,0.0
2018-06-25,Saudi Arabia,Fahad Mosaed Al Muwallad Al Harbi,True,77.78333333333333
2018-06-25,Saudi Arabia,Mohammed Al Burayk,True,90.0
2018-06-25,Saudi Arabia,Yehya Sulaiman Ali Al-Shehri,False,11.13333333333334
2018-06-25,Saudi Arabia,Mohammad Ibrahim Al Sahlawi,False,0.0
2018-06-25,Saudi Arabia,Mohammed Kanoo,False,0.0
2018-06-25,Saudi Arabia,Mohammed Khalil Al Owais,False,0.0
2018-06-25,Saudi Arabia,Hussain Al Mogahwi,True,90.0
2018-06-25,Saudi Arabia,Motaz Ali Hassan Hawsawi,True,90.0
2018-06-25,Saudi Arabia,Yasser Abdullah Al Mosailem,True,90.0
2018-06-25,Saudi Arabia,Abdullah Alkhaibari,False,0.0
2018-06-25,Saudi Arabia,Abdulmalek Abdullah Al Khaibri,False,0.0
2018-06-25,Saudi Arabia,Mansour Althaqfi Al Harbi,False,0.0
2024-06-18,Portugal,Bernardo Mota Veiga de Carvalho e Silva,True,90.0
2024-06-18,Portugal,Bruno Miguel Borges Fernandes,True,90.0
2024-06-18,Portugal,Rui Pedro dos Santos Patrício,False,0.0
2024-06-18,Portugal,Rúben Santos Gato Alves Dias,True,90.0
2024-06-18,Portugal,Cristiano Ronaldo dos Santos Aveiro,True,90.0
2024-06-18,Portugal,Nélson Cabral Semedo,False,0.8166666666666629
2024-06-18,Portugal,João Pedro Cavaco Cancelo,True,89.18333333333334
2024-06-18,Portugal,Rúben Diogo Da Silva Neves,False,0.0
2024-06-18,Portugal,Diogo José Teixeira da Silva,False,27.15
2024-06-18,Portugal,João Félix Sequeira,False,0.0
2024-06-18,Portugal,João Maria Lobo Alves Palhinha Gonçalves,False,0.0
2024-06-18,Portugal,Danilo Luís Hélio Pereira,False,0.0
2024-06-18,Portugal,José Diogo Dalot Teixeira,True,62.85
2024-06-18,Portugal,Rafael Alexandre Conceição Leão,True,62.85
2024-06-18,Portugal,José Pedro Malheiro de Sá,False,0.0
2024-06-18,Portugal,Kléper Laveran Lima Ferreira,True,90.0
2024-06-18,Portugal,Pedro Lomba Neto,False,0.4833333333333343
2024-06-18,Portugal,Diogo Meireles Costa,True,90.0
2024-06-18,Portugal,Vitor Machado Ferreira,True,89.51666666666667
2024-06-18,Portugal,Gonçalo Matias Ramos,False,0.0
2024-06-18,Portugal,Francisco Fernandes Conceição,False,0.4833333333333343
2024-06-18,Portugal,Matheus Luiz Nunes,False,0.0
2024-06-18,Portugal,Nuno Mendes,True,89.51666666666667
2024-06-18,Portugal,Gonçalo Bernardo Inácio,False,27.15
2024-06-18,Portugal,António João Pereira Albuquerque Tavares Silva,False,0.0
2024-06-18,Portugal,João Neves,False,0.0
2024-06-18,Czech Republic,Tomáš Souček,True,92.75
2024-06-18,Czech Republic,Patrik Schick,True,60.03333333333333
2024-06-18,Czech Republic,Antonín Barák,False,13.849999999999994
2024-06-18,Czech Republic,Václav Černý,False,0.0
2024-06-18,Czech Republic,Tomáš Holeš,True,92.71666666666667
2024-06-18,Czech Republic,Vladimír Coufal,True,92.75
2024-06-18,Czech Republic,Tomáš Chorý,False,0.03333333333333144
2024-06-18,Czech Republic,Petr Ševčík,False,13.88333333333334
2024-06-18,Czech Republic,Ondřej Lingr,False,32.86666666666667
2024-06-18,Czech Republic,Lukáš Provod,True,78.9
2024-06-18,Czech Republic,Jindřich Staněk,True,90.0
2024-06-18,Czech Republic,Pavel Šulc,True,78.86666666666666
2024-06-18,Czech Republic,Adam Hložek,False,0.0
2024-06-18,Czech Republic,Ladislav Krejčí,True,90.0
2024-06-18,Czech Republic,Jan Kuchta,True,59.88333333333333
2024-06-18,Czech Republic,Mojmír Chytil,False,32.71666666666667
2024-06-18,Czech Republic,David Zima,False,0.0
2024-06-18,Czech Republic,David Doudera,True,92.75
2024-06-18,Czech Republic,Matěj Jurásek,False,0.0
2024-06-18,Czech Republic,Lukáš Červ,False,0.0
2024-06-18,Czech Republic,Vitezslav Jaros,False,0.0
2024-06-18,Czech Republic,Matěj Kovář,False,0.0
2024-06-18,Czech Republic,Martin Vitík,False,0.0
2024-06-18,Czech Republic,Robin Hranáč,True,92.75
2024-06-18,Czech Republic,David Jurásek,False,0.0
2024-06-18,Czech Republic,Tomáš Vlček,False,0.0
2024-06-15,Hungary,Ádám Lang,True,45.0
2024-06-15,Hungary,Callum Styles,False,0.0
2024-06-15,Hungary,Ádám Nagy,True,66.41666666666667
2024-06-15,Hungary,Willi Orban,True,90.0
2024-06-15,Hungary,Péter Gulácsi,True,90.0
2024-06-15,Hungary,Attila Fiola,True,90.0
2024-06-15,Hungary,Barnabás Varga,True,90.0
2024-06-15,Hungary,László Kleinheisler,False,23.58333333333333
2024-06-15,Hungary,Loïc Négo,False,0.0
2024-06-15,Hungary,Roland Sallai,True,88.75
2024-06-15,Hungary,Dominik Szoboszlai,True,90.0
2024-06-15,Hungary,Endre Botka,False,0.0
2024-06-15,Hungary,Dénes Dibusz,False,0.0
2024-06-15,Hungary,Botond Balogh,False,0.0
2024-06-15,Hungary,Krisztofer Horváth,False,0.0
2024-06-15,Hungary,Mihály Kata,False,0.0
2024-06-15,Hungary,Márton Dárdai,False,11.099999999999994
2024-06-15,Hungary,András Schäfer,True,90.0
2024-06-15,Hungary,Attila Szalai,True,78.9
2024-06-15,Hungary,Bendegúz Bolla,False,45.0
2024-06-15,Hungary,Dániel Gazdag,False,0.0
2024-06-15,Hungary,Zsolt Nagy,False,0.0
2024-06-15,Hungary,Milos Kerkez,True,78.73333333333333
2024-06-15,Hungary,Péter Szappanos,False,0.0
2024-06-15,Hungary,Martin Ádám,False,11.266666666666666
2024-06-15,Hungary,Kevin Csoboth,False,0.0
2024-06-15,Switzerland,Granit Xhaka,True,90.0
2024-06-15,Switzerland,Xherdan Shaqiri,False,0.0
2024-06-15,Switzerland,Fabian Lukas Schär,True,89.68333333333332
2024-06-15,Switzerland,Ricardo Iván Rodríguez Araya,True,90.0
2024-06-15,Switzerland,Breel-Donald Embolo,False,16.91666666666667
2024-06-15,Switzerland,Manuel Obafemi Akanji,True,90.0
2024-06-15,Switzerland,Yann Sommer,True,90.0
2024-06-15,Switzerland,Remo Freuler,True,85.13333333333334
2024-06-15,Switzerland,Silvan Widmer,True,67.71666666666667
2024-06-15,Switzerland,Nico Elvedi,False,0.0
2024-06-15,Switzerland,Vincent Sierro,False,4.86666666666666
2024-06-15,Switzerland,Yvon Landry Mvogo,False,0.0
2024-06-15,Switzerland,Renato Steffen,False,0.0
2024-06-15,Switzerland,Michel Aebischer,True,90.0
2024-06-15,Switzerland,Gregor Kobel,False,0.0
2024-06-15,Switzerland,Noah Okafor,False,0.0
2024-06-15,Switzerland,Leonidas Stergiou,False,22.28333333333333
2024-06-15,Switzerland,Cédric Zesiger,False,0.0
2024-06-15,Switzerland,Ruben Vargas,True,73.08333333333333
2024-06-15,Switzerland,Ardon Jashari,False,0.0
2024-06-15,Switzerland,Dan Ndoye,True,85.23333333333333
2024-06-15,Switzerland,Mohamed Zeki Amdouni,False,22.53333333333333
2024-06-15,Switzerland,Kwadwo Duah,True,67.46666666666667
2024-06-15,Switzerland,Fabian Rieder,False,4.766666666666666
2024-06-16,England,Lewis Dunk,False,0.0
2024-06-16,England,Kyle Walker,True,90.0
2024-06-16,England,John Stones,True,90.0
2024-06-16,England,Kieran Trippier,True,89.11666666666667
2024-06-16,England,Luke Shaw,False,0.0
2024-06-16,England,Jordan Pickford,True,90.0
2024-06-16,England,Joe Gomez,False,0.0
2024-06-16,England,Trent Alexander-Arnold,True,68.33333333333333
2024-06-16,England,Ezri Konsa Ngoyo,False,0.0
2024-06-16,England,Ivan Toney,False,0.0
2024-06-16,England,Declan Rice,True,90.0
2024-06-16,England,Dean Henderson,False,0.0
2024-06-16,England,Phil Foden,True,90.0
2024-06-16,England,Ollie Watkins,False,0.0
2024-06-16,England,Eberechi Eze,False,0.0
2024-06-16,England,Jarrod Bowen,False,14.900000000000006
2024-06-16,England,Harry Kane,True,90.0
2024-06-16,England,Bukayo Saka,True,75.1
2024-06-16,England,Aaron Ramsdale,False,0.0
2024-06-16,England,Anthony Gordon,False,0.0
2024-06-16,England,Conor Gallagher,False,21.66666666666667
2024-06-16,England,Jude Bellingham,True,85.31666666666666
2024-06-16,England,Marc Guehi,True,90.0
2024-06-16,England,Cole Palmer,False,0.0
2024-06-16,England,Adam Wharton,False,0.0
2024-06-16,England,Kobbie Mainoo,False,4.683333333333337
2024-06-16,Serbia,Dušan Tadić,False,29.96666666666667
2024-06-16,Serbia,Aleksandar Mitrović,True,60.03333333333333
2024-06-16,Serbia,Sergej Milinković-Savić,True,90.0
2024-06-16,Serbia,Filip Kostić,True,41.81666666666667
2024-06-16,Serbia,Nikola Milenković,True,90.0
2024-06-16,Serbia,Andrija Živković,True,73.6
2024-06-16,Serbia,Luka Jović,False,29.483333333333334
2024-06-16,Serbia,Milos Veljkovic,True,90.0
2024-06-16,Serbia,Saša Lukić,True,60.516666666666666
2024-06-16,Serbia,Nemanja Maksimović,False,0.0
2024-06-16,Serbia,Filip Mladenović,False,47.0
2024-06-16,Serbia,Mijat Gaćinović,False,0.0
2024-06-16,Serbia,Predrag Rajković,True,90.0
2024-06-16,Serbia,Uroš Spajić,False,0.0
2024-06-16,Serbia,Nemanja Gudelj,True,45.0
2024-06-16,Serbia,Dušan Vlahović,True,90.0
2024-06-16,Serbia,Srđan Babić,False,0.0
2024-06-16,Serbia,Vanja Milinković Savić,False,0.0
2024-06-16,Serbia,Strahinja Pavlović,True,90.0
2024-06-16,Serbia,Veljko Birmančević,False,16.400000000000006
2024-06-16,Serbia,Ivan Ilić,False,45.0
2024-06-16,Serbia,Đorđe Petrović,False,0.0
2024-06-16,Serbia,Lazar Samardžić,False,0.0
2024-06-16,Serbia,Nemanja Stojić,False,0.0
2024-06-16,Serbia,Srđan Mijailović,False,0.0
2024-06-16,Serbia,Petar Ratkov,False,0.0
2024-06-25,England,Lewis Dunk,False,0.0
2024-06-25,England,Kyle Walker,True,90.0
2024-06-25,England,John Stones,True,90.0
2024-06-25,England,Kieran Trippier,True,83.81666666666666
2024-06-25,England,Luke Shaw,False,0.0
2024-06-25,England,Jordan Pickford,True,90.0
2024-06-25,England,Joe Gomez,False,0.0
2024-06-25,England,Trent Alexander-Arnold,False,6.183333333333337
2024-06-25,England,Ezri Konsa Ngoyo,False,0.0
2024-06-25,England,Ivan Toney,False,0.0
2024-06-25,England,Declan Rice,True,90.0
2024-06-25,England,Dean Henderson,False,0.0
2024-06-25,England,Phil Foden,True,88.88333333333334
2024-06-25,England,Ollie Watkins,False,0.0
2024-06-25,England,Eberechi Eze,False,0.0
2024-06-25,England,Jarrod Bowen,False,0.0
2024-06-25,England,Harry Kane,True,90.0
2024-06-25,England,Bukayo Saka,True,70.08333333333333
2024-06-25,England,Aaron Ramsdale,False,0.0
2024-06-25,England,Anthony Gordon,False,1.11666666666666
2024-06-25,England,Conor Gallagher,True,45.0
2024-06-25,England,Jude Bellingham,True,90.0
2024-06-25,England,Marc Guehi,True,90.0
2024-06-25,England,Cole Palmer,False,19.91666666666667
2024-06-25,England,Adam Wharton,False,0.0
2024-06-25,England,Kobbie Mainoo,False,45.0
2024-06-25,Slovenia,Jan Oblak,True,90.0
2024-06-25,Slovenia,Jasmin Kurtič,False,0.0
2024-06-25,Slovenia,Josip Iličić,False,15.13333333333334
2024-06-25,Slovenia,Vid Belec,False,0.0
2024-06-25,Slovenia,Sandi Lovric,False,0.0
2024-06-25,Slovenia,Jon Gorenc Stankovič,False,5.166666666666671
2024-06-25,Slovenia,Timi Elšnik,True,90.0
2024-06-25,Slovenia,Jaka Bijol,True,90.0
2024-06-25,Slovenia,Benjamin Verbič,False,0.0
2024-06-25,Slovenia,Petar Stojanović,True,90.0
2024-06-25,Slovenia,Žan Celar,False,4.36666666666666
2024-06-25,Slovenia,Erik Janža,True,89.96666666666667
2024-06-25,Slovenia,Jure Balkovec,False,0.03333333333333144
2024-06-25,Slovenia,Jan Mlakar,True,84.83333333333333
2024-06-25,Slovenia,Andraž Šporar,True,85.11666666666667
2024-06-25,Slovenia,Miha Blažič,False,0.0
2024-06-25,Slovenia,Adam Gnezda Čerin,True,90.0
2024-06-25,Slovenia,Benjamin Šeško,True,74.86666666666666
2024-06-25,Slovenia,David Brekalo,False,0.0
2024-06-25,Slovenia,Igor Vekič,False,0.0
2024-06-25,Slovenia,Tomi Horvat,False,0.0
2024-06-25,Slovenia,Žan Karničnik,True,90.0
2024-06-25,Slovenia,Vanja Drkušić,True,90.0
2024-06-25,Slovenia,Žan Vipotnik,False,0.0
2024-06-25,Slovenia,Nino Žugelj,False,0.0
2024-06-25,Slovenia,Adrian Zeljković,False,0.0
2024-06-24,Italy,Matteo Darmian,True,80.88333333333334
2024-06-24,Italy,Alex Meret,False,0.0
2024-06-24,Italy,Lorenzo Pellegrini,True,45.0
2024-06-24,Italy,Stephan El Shaarawy,False,0.0
2024-06-24,Italy,Bryan Cristante,False,0.0
2024-06-24,Italy,Gianluca Mancini,False,0.0
2024-06-24,Italy,Jorge Luiz Frello Filho,True,80.86666666666666
2024-06-24,Italy,Gianluigi Donnarumma,True,90.0
2024-06-24,Italy,Federico Chiesa,False,33.333333333333336
2024-06-24,Italy,Alessandro Bastoni,True,90.0
2024-06-24,Italy,Nicolò Barella,True,90.0
2024-06-24,Italy,Mattia Zaccagni,False,9.11666666666666
2024-06-24,Italy,Gianluca Scamacca,False,15.666666666666671
2024-06-24,Italy,Giovanni Di Lorenzo,True,90.0
2024-06-24,Italy,Federico Dimarco,True,56.666666666666664
2024-06-24,Italy,Alessandro Buongiorno,False,0.0
2024-06-24,Italy,Giacomo Raspadori,True,74.33333333333333
2024-06-24,Italy,Raoul Bellanova,False,0.0
2024-06-24,Italy,Davide Frattesi,False,45.0
2024-06-24,Italy,Mateo Retegui,True,90.0
2024-06-24,Italy,Guglielmo Vicario,False,0.0
2024-06-24,Italy,Nicolò Fagioli,False,9.13333333333334
2024-06-24,Italy,Riccardo Calafiori,True,90.0
2024-06-24,Italy,Michael Ijemuan Folorunsho,False,0.0
2024-06-24,Italy,Andrea Cambiaso,False,0.0
2024-06-24,Italy,Federico Gatti,False,0.0
2024-06-24,Croatia,Mateo Kovačić,True,69.93333333333334
2024-06-24,Croatia,Marko Pjaca,False,0.0
2024-06-24,Croatia,Andrej Kramarić,True,89.1
2024-06-24,Croatia,Luka Modrić,True,80.03333333333333
2024-06-24,Croatia,Domagoj Vida,False,0.0
2024-06-24,Croatia,Marcelo Brozović,True,90.0
2024-06-24,Croatia,Ivan Perišić,False,20.483333333333334
2024-06-24,Croatia,Bruno Petković,False,0.0
2024-06-24,Croatia,Ante Budimir,False,45.0
2024-06-24,Croatia,Marin Pongracic,True,90.0
2024-06-24,Croatia,Mario Pašalić,True,45.0
2024-06-24,Croatia,Borna Sosa,False,0.0
2024-06-24,Croatia,Dominik Livaković,True,90.0
2024-06-24,Croatia,Luka Ivanušec,False,20.066666666666663
2024-06-24,Croatia,Ivica Ivušić,False,0.0
2024-06-24,Croatia,Lovro Majer,False,9.966666666666669
2024-06-24,Croatia,Josip Juranović,False,0.9000000000000057
2024-06-24,Croatia,Martin Erlić,False,0.0
2024-06-24,Croatia,Joško Gvardiol,True,90.0
2024-06-24,Croatia,Josip Šutalo,True,90.0
2024-06-24,Croatia,Luka Sučić,True,69.51666666666667
2024-06-24,Croatia,Nediljko Labrović,False,0.0
2024-06-24,Croatia,Josip Stanišić,True,90.0
2024-06-24,Croatia,Martin Baturina,False,0.0
2024-06-24,Croatia,Marco Pašalić,False,0.0
2024-06-15,Spain,Mikel Merino Zazón,False,23.11666666666666
2024-06-15,Spain,Ayoze Pérez Gutiérrez,False,0.0
2024-06-15,Spain,José Luis Sanmartín Mato,False,0.0
2024-06-15,Spain,Álvaro Borja Morata Martín,True,66.7
2024-06-15,Spain,David Raya Martin,False,0.0
2024-06-15,Spain,Aymeric Laporte,False,0.0
2024-06-15,Spain,José Ignacio Fernández Iglesias,True,90.0
2024-06-15,Spain,Daniel Carvajal Ramos,True,90.0
2024-06-15,Spain,Fabián Ruiz Peña,True,90.0
2024-06-15,Spain,Mikel Oyarzabal Ugarte,False,23.299999999999997
2024-06-15,Spain,Ferrán Torres García,False,4.75
2024-06-15,Spain,Rodrigo Hernández Cascante,True,85.11666666666666
2024-06-15,Spain,Jesús Navas González,False,0.0
2024-06-15,Spain,Alejandro Grimaldo García,False,0.0
2024-06-15,Spain,Unai Simón Mendibil,True,90.0
2024-06-15,Spain,Daniel Olmo Carvajal,False,31.03333333333333
2024-06-15,Spain,Marc Cucurella Saseta,True,90.0
2024-06-15,Spain,Robin Aime Robert Le Normand,True,90.0
2024-06-15,Spain,Martín Zubimendi Ibáñez,False,4.88333333333334
2024-06-15,Spain,Pedro González López,True,58.6
2024-06-15,Spain,Alejandro Remiro Gargallo,False,0.0
2024-06-15,Spain,Alejandro Baena Rodríguez,False,0.0
2024-06-15,Spain,Daniel Vivian Moreno,False,0.0
2024-06-15,Spain,Nicholas Williams Arthuer,True,66.88333333333334
2024-06-15,Spain,Fermin Lopez Marin,False,0.0
2024-06-15,Spain,Lamine Yamal Nasraoui Ebana,True,85.25
2024-06-15,Croatia,Nikola Vlašić,False,0.0
2024-06-15,Croatia,Mateo Kovačić,True,64.86666666666666
2024-06-15,Croatia,Marko Pjaca,False,0.0
2024-06-15,Croatia,Andrej Kramarić,True,71.5
2024-06-15,Croatia,Luka Modrić,True,64.53333333333333
2024-06-15,Croatia,Domagoj Vida,False,0.0
2024-06-15,Croatia,Marcelo Brozović,True,90.0
2024-06-15,Croatia,Ivan Perišić,False,34.78333333333333
2024-06-15,Croatia,Bruno Petković,False,18.5
2024-06-15,Croatia,Ante Budimir,True,55.21666666666667
2024-06-15,Croatia,Marin Pongracic,True,90.0
2024-06-15,Croatia,Mario Pašalić,False,25.46666666666667
2024-06-15,Croatia,Borna Sosa,False,0.0
2024-06-15,Croatia,Dominik Livaković,True,90.0
2024-06-15,Croatia,Luka Ivanušec,False,0.0
2024-06-15,Croatia,Ivica Ivušić,False,0.0
2024-06-15,Croatia,Lovro Majer,True,90.0
2024-06-15,Croatia,Josip Juranović,False,0.0
2024-06-15,Croatia,Martin Erlić,False,0.0
2024-06-15,Croatia,Joško Gvardiol,True,90.0
2024-06-15,Croatia,Josip Šutalo,True,90.0
2024-06-15,Croatia,Luka Sučić,False,25.13333333333334
2024-06-15,Croatia,Nediljko Labrović,False,0.0
2024-06-15,Croatia,Josip Stanišić,True,90.0
2024-06-15,Croatia,Martin Baturina,False,0.0
2024-06-15,Croatia,Marco Pašalić,False,0.0
2024-06-20,Serbia,Dušan Tadić,True,81.26666666666667
2024-06-20,Serbia,Aleksandar Mitrović,True,90.0
2024-06-20,Serbia,Sergej Milinković-Savić,False,26.133333333333333
2024-06-20,Serbia,Filip Kostić,False,0.0
2024-06-20,Serbia,Nikola Milenković,True,90.0
2024-06-20,Serbia,Andrija Živković,True,81.1
2024-06-20,Serbia,Luka Jović,False,26.85
2024-06-20,Serbia,Milos Veljkovic,True,90.0
2024-06-20,Serbia,Saša Lukić,True,63.86666666666667
2024-06-20,Serbia,Nemanja Maksimović,False,0.0
2024-06-20,Serbia,Filip Mladenović,True,45.0
2024-06-20,Serbia,Mijat Gaćinović,False,45.0
2024-06-20,Serbia,Predrag Rajković,True,90.0
2024-06-20,Serbia,Uroš Spajić,False,0.0
2024-06-20,Serbia,Nemanja Gudelj,False,0.0
2024-06-20,Serbia,Dušan Vlahović,True,63.15
2024-06-20,Serbia,Srđan Babić,False,0.0
2024-06-20,Serbia,Vanja Milinković Savić,False,0.0
2024-06-20,Serbia,Strahinja Pavlović,True,90.0
2024-06-20,Serbia,Veljko Birmančević,False,8.900000000000006
2024-06-20,Serbia,Ivan Ilić,True,90.0
2024-06-20,Serbia,Đorđe Petrović,False,0.0
2024-06-20,Serbia,Lazar Samardžić,False,8.733333333333334
2024-06-20,Serbia,Nemanja Stojić,False,0.0
2024-06-20,Serbia,Srđan Mijailović,False,0.0
2024-06-20,Serbia,Petar Ratkov,False,0.0
2024-06-20,Slovenia,Jan Oblak,True,90.0
2024-06-20,Slovenia,Jasmin Kurtič,False,0.0
2024-06-20,Slovenia,Josip Iličić,False,0.0
2024-06-20,Slovenia,Vid Belec,False,0.0
2024-06-20,Slovenia,Sandi Lovric,False,0.0
2024-06-20,Slovenia,Jon Gorenc Stankovič,False,27.950000000000003
2024-06-20,Slovenia,Timi Elšnik,True,90.65
2024-06-20,Slovenia,Jaka Bijol,True,90.66666666666667
2024-06-20,Slovenia,Benjamin Verbič,False,15.066666666666677
2024-06-20,Slovenia,Petar Stojanović,True,75.6
2024-06-20,Slovenia,Žan Celar,False,0.0
2024-06-20,Slovenia,Erik Janža,True,89.98333333333335
2024-06-20,Slovenia,Jure Balkovec,False,0.0
2024-06-20,Slovenia,Jan Mlakar,True,62.71666666666667
2024-06-20,Slovenia,Andraž Šporar,True,90.0
2024-06-20,Slovenia,Miha Blažič,False,0.0
2024-06-20,Slovenia,Adam Gnezda Čerin,True,90.66666666666667
2024-06-20,Slovenia,Benjamin Šeško,True,75.53333333333333
2024-06-20,Slovenia,David Brekalo,False,0.01666666666666572
2024-06-20,Slovenia,Igor Vekič,False,0.0
2024-06-20,Slovenia,Tomi Horvat,False,0.0
2024-06-20,Slovenia,Žan Karničnik,True,90.66666666666667
2024-06-20,Slovenia,Vanja Drkušić,True,90.0
2024-06-20,Slovenia,Žan Vipotnik,False,14.466666666666669
2024-06-20,Slovenia,Nino Žugelj,False,0.0
2024-06-20,Slovenia,Adrian Zeljković,False,0.0
2024-06-25,France,Marcus Thuram,False,0.0
2024-06-25,France,Kylian Mbappé Lottin,True,90.0
2024-06-25,France,Adrien Rabiot,True,60.3
2024-06-25,France,Alphonse Areola,False,0.0
2024-06-25,France,Olivier Giroud,False,29.666666666666664
2024-06-25,France,Mike Maignan,True,90.0
2024-06-25,France,Ferland Mendy,False,0.0
2024-06-25,France,N'Golo Kanté,True,60.65
2024-06-25,France,Jules Koundé,True,90.0
2024-06-25,France,Brice Samba,False,0.0
2024-06-25,France,Benjamin Pavard,False,0.0
2024-06-25,France,Ousmane Dembélé,True,85.23333333333333
2024-06-25,France,Antoine Griezmann,False,29.35
2024-06-25,France,Theo Bernard François Hernández,True,90.0
2024-06-25,France,Jonathan Clauss,False,0.0
2024-06-25,France,Kingsley Coman,False,0.0
2024-06-25,France,Dayotchanculle Upamecano,True,90.0
2024-06-25,France,Aurélien Djani Tchouaméni,True,80.76666666666667
2024-06-25,France,Ibrahima Konaté,False,0.0
2024-06-25,France,Youssouf Fofana,False,9.233333333333334
2024-06-25,France,William Saliba,True,90.0
2024-06-25,France,Randal Kolo Muani,False,4.766666666666666
2024-06-25,France,Eduardo Camavinga,False,29.700000000000003
2024-06-25,France,Bradley Barcola,True,60.333333333333336
2024-06-25,France,Warren Zaire Emery,False,0.0
2024-06-25,Poland,Jan Bednarek,True,90.0
2024-06-25,Poland,Sebastian Szymański,True,67.48333333333333
2024-06-25,Poland,Piotr Zieliński,True,90.0
2024-06-25,Poland,Kamil Grosicki,False,0.0
2024-06-25,Poland,Robert Lewandowski,True,90.0
2024-06-25,Poland,Wojciech Szczęsny,False,0.0
2024-06-25,Poland,Bartosz Bereszyński,False,0.0
2024-06-25,Poland,Sebastian Walukiewicz,False,0.0
2024-06-25,Poland,Adam Buksa,False,0.0
2024-06-25,Poland,Przemysław Frankowski,True,90.0
2024-06-25,Poland,Taras Wiktorowicz Romanczuk,False,0.0
2024-06-25,Poland,Bartosz Salamon,False,0.0
2024-06-25,Poland,Damian Szymański,False,0.0
2024-06-25,Poland,Tymoteusz Puchacz,False,0.0
2024-06-25,Poland,Karol Świderski,False,22.516666666666666
2024-06-25,Poland,Łukasz Skorupski,True,90.0
2024-06-25,Poland,Krzysztof Piątek,False,0.0
2024-06-25,Poland,Bartosz Slisz,False,0.0
2024-06-25,Poland,Jakub Piotrowski,False,0.0
2024-06-25,Poland,Michał Skóraś,False,22.516666666666666
2024-06-25,Poland,Jakub Moder,True,90.0
2024-06-25,Poland,Paweł Dawidowicz,True,90.0
2024-06-25,Poland,Marcin Bulka,False,0.0
2024-06-25,Poland,Kacper Urbanski,True,89.65
2024-06-25,Poland,Jakub Piotr Kiwior,True,90.0
2024-06-25,Poland,Nicola Zalewski,True,67.48333333333333
2024-06-21,Austria,Marko Arnautović,True,80.15
2024-06-21,Austria,Andreas Weimann,False,0.0
2024-06-21,Austria,Maximilian Wöber,False,0.0
2024-06-21,Austria,Michael Gregoritsch,False,9.849999999999994
2024-06-21,Austria,Florian Kainz,False,0.0
2024-06-21,Austria,Konrad Laimer,True,90.0
2024-06-21,Austria,Marcel Sabitzer,True,90.0
2024-06-21,Austria,Gernot Trauner,True,58.36666666666667
2024-06-21,Austria,Romano Schmid,False,10.25
2024-06-21,Austria,Philipp Lienhart,True,90.0
2024-06-21,Austria,Patrick Pentz,True,90.0
2024-06-21,Austria,Florian Grillitsch,True,45.0
2024-06-21,Austria,Kevin Danso,False,31.633333333333333
2024-06-21,Austria,Stefan Posch,True,90.0
2024-06-21,Austria,Philipp Mwene,True,62.166666666666664
2024-06-21,Austria,Christoph Baumgartner,True,79.75
2024-06-21,Austria,Heinz Lindner,False,0.0
2024-06-21,Austria,Patrick Wimmer,False,45.0
2024-06-21,Austria,Flavius Daniliuc,False,0.0
2024-06-21,Austria,Nicolas Seiwald,True,90.0
2024-06-21,Austria,Alexander Prass,False,27.833333333333336
2024-06-21,Austria,Niklas Hedl,False,0.0
2024-06-21,Austria,Marco Grüll,False,0.0
2024-06-21,Austria,Leopold Querfeld,False,0.0
2024-06-21,Austria,Matthias Seidl,False,0.0
2024-06-21,Austria,Maximilian Entrup,False,0.0
2024-06-21,Poland,Jan Bednarek,True,90.0
2024-06-21,Poland,Sebastian Szymański,False,0.0
2024-06-21,Poland,Piotr Zieliński,True,86.16666666666667
2024-06-21,Poland,Kamil Grosicki,False,15.049999999999997
2024-06-21,Poland,Robert Lewandowski,False,30.71666666666667
2024-06-21,Poland,Wojciech Szczęsny,True,90.0
2024-06-21,Poland,Bartosz Bereszyński,False,0.0
2024-06-21,Poland,Sebastian Walukiewicz,False,0.0
2024-06-21,Poland,Adam Buksa,True,59.28333333333333
2024-06-21,Poland,Przemysław Frankowski,True,90.0
2024-06-21,Poland,Taras Wiktorowicz Romanczuk,False,0.0
2024-06-21,Poland,Bartosz Salamon,False,0.0
2024-06-21,Poland,Damian Szymański,False,0.0
2024-06-21,Poland,Tymoteusz Puchacz,False,0.0
2024-06-21,Poland,Karol Świderski,False,30.983333333333334
2024-06-21,Poland,Łukasz Skorupski,False,0.0
2024-06-21,Poland,Krzysztof Piątek,True,59.016666666666666
2024-06-21,Poland,Bartosz Slisz,True,74.95
2024-06-21,Poland,Jakub Piotrowski,True,45.0
2024-06-21,Poland,Michał Skóraś,False,0.0
2024-06-21,Poland,Jakub Moder,False,45.0
2024-06-21,Poland,Paweł Dawidowicz,True,90.0
2024-06-21,Poland,Marcin Bulka,False,0.0
2024-06-21,Poland,Kacper Urbanski,False,3.8333333333333286
2024-06-21,Poland,Jakub Piotr Kiwior,True,90.0
2024-06-21,Poland,Nicola Zalewski,True,90.0
2024-06-22,Czech Republic,Tomáš Souček,True,90.0
2024-06-22,Czech Republic,Patrik Schick,True,67.5
2024-06-22,Czech Republic,Antonín Barák,False,9.299999999999997
2024-06-22,Czech Republic,Václav Černý,True,54.416666666666664
2024-06-22,Czech Republic,Tomáš Holeš,True,90.0
2024-06-22,Czech Republic,Vladimír Coufal,True,90.0
2024-06-22,Czech Republic,Tomáš Chorý,False,0.0
2024-06-22,Czech Republic,Petr Ševčík,False,9.38333333333334
2024-06-22,Czech Republic,Ondřej Lingr,False,35.25
2024-06-22,Czech Republic,Lukáš Provod,True,80.7
2024-06-22,Czech Republic,Jindřich Staněk,True,90.0
2024-06-22,Czech Republic,Pavel Šulc,False,0.0
2024-06-22,Czech Republic,Adam Hložek,True,54.75
2024-06-22,Czech Republic,Ladislav Krejčí,True,90.0
2024-06-22,Czech Republic,Jan Kuchta,False,0.0
2024-06-22,Czech Republic,Mojmír Chytil,False,22.5
2024-06-22,Czech Republic,David Zima,False,0.0
2024-06-22,Czech Republic,David Doudera,False,0.0
2024-06-22,Czech Republic,Matěj Jurásek,False,35.583333333333336
2024-06-22,Czech Republic,Lukáš Červ,False,0.0
2024-06-22,Czech Republic,Vitezslav Jaros,False,0.0
2024-06-22,Czech Republic,Matěj Kovář,False,0.0
2024-06-22,Czech Republic,Martin Vitík,False,0.0
2024-06-22,Czech Republic,Robin Hranáč,True,90.0
2024-06-22,Czech Republic,David Jurásek,True,80.36666666666666
2024-06-22,Czech Republic,Tomáš Vlček,False,0.0
2024-06-22,Georgia,Saba Lobzhanidze,False,9.316666666666663
2024-06-22,Georgia,Lasha Dvali,True,90.0
2024-06-22,Georgia,Guram Kashia,True,90.0
2024-06-22,Georgia,Otar Kiteishvili,False,0.0
2024-06-22,Georgia,Solomon Kverkvelia,True,80.61666666666666
2024-06-22,Georgia,Heorhii Tsitaishvili,True,61.63333333333333
2024-06-22,Georgia,Giorgi Loria,False,0.0
2024-06-22,Georgia,Giorgi Chakvetadze,False,28.366666666666667
2024-06-22,Georgia,Giorgi Kvilitaia,False,2.5166666666666657
2024-06-22,Georgia,Otar Kakabadze,True,90.0
2024-06-22,Georgia,Levan Shengelia,False,0.0
2024-06-22,Georgia,Georges Mikautadze,True,87.48333333333333
2024-06-22,Georgia,Jemal Tabidze,False,0.0
2024-06-22,Georgia,Khvicha Kvaratskhelia,True,80.68333333333334
2024-06-22,Georgia,Giorgi Kochorashvili,True,90.0
2024-06-22,Georgia,Zuriko Davitashvili,True,61.63333333333333
2024-06-22,Georgia,Nika Kvekveskiri,False,0.0
2024-06-22,Georgia,Luka Lochoshvili,False,28.366666666666667
2024-06-22,Georgia,Giorgi Mamardashvili,True,90.0
2024-06-22,Georgia,Budu Zivzivadze,False,0.0
2024-06-22,Georgia,Sandro Altunashvili,False,0.0
2024-06-22,Georgia,Luka Gugeshashvili,False,0.0
2024-06-22,Georgia,Anzor Mekvabishvili,True,90.0
2024-06-22,Georgia,Giorgi Gocholeishvili,False,0.0
2024-06-22,Georgia,Gabriel Sigua,False,0.0
2024-06-22,Georgia,Giorgi Gvelesiani,False,9.38333333333334
2024-06-18,Turkey,Cenk Tosun,False,0.0
2024-06-18,Turkey,Hakan Çalhanoğlu,True,90.5
2024-06-18,Turkey,Salih Özcan,False,0.75
2024-06-18,Turkey,Mehmet Zeki Çelik,False,4.799999999999997
2024-06-18,Turkey,Mert Müldür,True,84.46666666666667
2024-06-18,Turkey,Kaan Ayhan,True,78.51666666666667
2024-06-18,Turkey,Okay Yokuşlu,False,0.0
2024-06-18,Turkey,Yunus Akgün,False,0.0
2024-06-18,Turkey,Orkun Kökçü,True,91.25
2024-06-18,Turkey,Merih Demiral,False,11.483333333333334
2024-06-18,Turkey,Yusuf Yazıcı,False,11.799999999999997
2024-06-18,Turkey,Fehmi Mert Günok,True,90.0
2024-06-18,Turkey,Uğurcan Çakır,False,0.0
2024-06-18,Turkey,Ferdi Erenay Kadıoğlu,True,90.0
2024-06-18,Turkey,Altay Bayındır,False,0.0
2024-06-18,Turkey,Ahmetcan Kaplan,False,0.0
2024-06-18,Turkey,Abdülkerim Bardakcı,True,90.0
2024-06-18,Turkey,Muhammed Kerem Aktürkoğlu,False,4.783333333333331
2024-06-18,Turkey,İsmail Yüksek,False,0.0
2024-06-18,Turkey,Arda Güler,True,78.2
2024-06-18,Turkey,Bertuğ Özgür Yıldırım,False,0.0
2024-06-18,Turkey,Samet Akaydin,True,90.0
2024-06-18,Turkey,Barış Alper Yılmaz,True,90.0
2024-06-18,Turkey,Semih Kılıçsoy,False,0.0
2024-06-18,Turkey,Kenan Yildiz,True,85.21666666666667
2024-06-18,Georgia,Saba Lobzhanidze,False,0.0
2024-06-18,Georgia,Lasha Dvali,True,90.0
2024-06-18,Georgia,Guram Kashia,True,90.0
2024-06-18,Georgia,Otar Kiteishvili,False,0.0
2024-06-18,Georgia,Solomon Kverkvelia,True,85.03333333333333
2024-06-18,Georgia,Heorhii Tsitaishvili,True,73.0
2024-06-18,Georgia,Giorgi Chakvetadze,True,72.8
2024-06-18,Georgia,Giorgi Kvilitaia,False,0.0
2024-06-18,Georgia,Otar Kakabadze,True,90.0
2024-06-18,Georgia,Levan Shengelia,False,0.0
2024-06-18,Georgia,Georges Mikautadze,True,90.0
2024-06-18,Georgia,Jemal Tabidze,False,0.0
2024-06-18,Georgia,Khvicha Kvaratskhelia,True,88.35
2024-06-18,Georgia,Giorgi Kochorashvili,True,90.0
2024-06-18,Georgia,Zuriko Davitashvili,False,17.200000000000003
2024-06-18,Georgia,Nika Kvekveskiri,False,0.0
2024-06-18,Georgia,Luka Lochoshvili,False,17.0
2024-06-18,Georgia,Giorgi Mamardashvili,True,90.0
2024-06-18,Georgia,Budu Zivzivadze,False,4.966666666666669
2024-06-18,Georgia,Sandro Altunashvili,False,1.3333333333333286
2024-06-18,Georgia,Luka Gugeshashvili,False,0.0
2024-06-18,Georgia,Anzor Mekvabishvili,True,88.66666666666667
2024-06-18,Georgia,Giorgi Gocholeishvili,False,0.0
2024-06-18,Georgia,Gabriel Sigua,False,0.0
2024-06-18,Georgia,Giorgi Gvelesiani,False,0.0
2024-06-17,Ukraine,Oleksandr Zinchenko,True,90.0
2024-06-17,Ukraine,Andriy Yarmolenko,False,27.483333333333334
2024-06-17,Ukraine,Taras Stepanenko,True,61.9
2024-06-17,Ukraine,Viktor Tsygankov,True,62.516666666666666
2024-06-17,Ukraine,Serhii Sydorchuk,False,0.0
2024-06-17,Ukraine,Ruslan Malinovskiy,False,7.683333333333337
2024-06-17,Ukraine,Mykola Matvienko,True,90.0
2024-06-17,Ukraine,Vitalii Mykolenko,False,0.0
2024-06-17,Ukraine,Mykola Shaparenko,True,62.516666666666666
2024-06-17,Ukraine,Andriy Lunin,True,90.0
2024-06-17,Ukraine,Heorhii Bushchan,False,0.0
2024-06-17,Ukraine,Roman Yaremchuk,False,27.483333333333334
2024-06-17,Ukraine,Artem Dovbyk,True,90.0
2024-06-17,Ukraine,Oleksandr Svatok,False,0.0
2024-06-17,Ukraine,Oleksandr Zubkov,False,0.0
2024-06-17,Ukraine,Maksym Talovierov,False,0.0
2024-06-17,Ukraine,Anatolii Trubin,False,0.0
2024-06-17,Ukraine,Georgiy Sudakov,True,82.31666666666666
2024-06-17,Ukraine,Illia Zabarnyi,True,90.0
2024-06-17,Ukraine,Mykhailo Mudryk,True,90.0
2024-06-17,Ukraine,Vladyslav Vanat,False,0.0
2024-06-17,Ukraine,Valerii Bondar,False,0.0
2024-06-17,Ukraine,Bohdan Mykhaylichenko,False,0.0
2024-06-17,Ukraine,Yukhym Konoplya,True,71.25
2024-06-17,Ukraine,Oleksandr Tymchyk,False,18.75
2024-06-17,Ukraine,Volodymyr Brazhko,False,28.1
2024-06-17,Romania,George Alexandru Puşcaş,False,15.0
2024-06-17,Romania,Denis Alibec,False,0.0
2024-06-17,Romania,Nicolae Claudiu Stanciu,True,86.23333333333333
2024-06-17,Romania,Răzvan Gabriel Marin,True,90.0
2024-06-17,Romania,Andrei Florin Ratiu,True,90.0
2024-06-17,Romania,Florin Constantin Niţă,True,90.0
2024-06-17,Romania,Ianis Hagi,False,28.483333333333334
2024-06-17,Romania,Vasile Mogoș,False,0.0
2024-06-17,Romania,Marius Mihai Marin,True,74.81666666666666
2024-06-17,Romania,Denis Mihai Drăguş,True,75.0
2024-06-17,Romania,Andrei Burcă Andonie,True,90.0
2024-06-17,Romania,Florinel Teodor Coman,True,61.766666666666666
2024-06-17,Romania,Nicușor Silviu Bancu,True,90.0
2024-06-17,Romania,Ionuţ Nedelcearu,False,0.0
2024-06-17,Romania,Adrián Rus,False,15.066666666666663
2024-06-17,Romania,Radu Drăgușin,True,90.0
2024-06-17,Romania,Bogdan Racovițan,False,3.7666666666666657
2024-06-17,Romania,Alexandru Cicâldău,False,0.0
2024-06-17,Romania,Dennis Man,True,61.516666666666666
2024-06-17,Romania,Valentin Mihai Mihăilă,False,27.71666666666667
2024-06-17,Romania,Darius Dumitru Olaru,False,0.0
2024-06-17,Romania,Horaţiu Alexandru Moldovan,False,0.0
2024-06-17,Romania,Deian Cristian Sorescu,False,0.0
2024-06-17,Romania,Ștefan Târnovanu,False,0.0
2024-06-17,Romania,Adrian Gheorghe Șut,False,0.0
2024-06-17,Romania,Daniel George Birligea,False,0.0
2024-06-21,Ukraine,Oleksandr Zinchenko,True,89.56666666666666
2024-06-21,Ukraine,Andriy Yarmolenko,True,66.26666666666667
2024-06-21,Ukraine,Taras Stepanenko,False,0.0
2024-06-21,Ukraine,Viktor Tsygankov,False,0.0
2024-06-21,Ukraine,Serhii Sydorchuk,False,5.333333333333329
2024-06-21,Ukraine,Ruslan Malinovskiy,False,5.61666666666666
2024-06-21,Ukraine,Mykola Matvienko,True,90.0
2024-06-21,Ukraine,Vitalii Mykolenko,False,0.0
2024-06-21,Ukraine,Mykola Shaparenko,True,91.05
2024-06-21,Ukraine,Andriy Lunin,False,0.0
2024-06-21,Ukraine,Heorhii Bushchan,False,0.0
2024-06-21,Ukraine,Roman Yaremchuk,False,23.88333333333334
2024-06-21,Ukraine,Artem Dovbyk,True,66.11666666666666
2024-06-21,Ukraine,Oleksandr Svatok,False,0.0
2024-06-21,Ukraine,Oleksandr Zubkov,False,23.733333333333334
2024-06-21,Ukraine,Maksym Talovierov,False,0.0
2024-06-21,Ukraine,Anatolii Trubin,True,90.0
2024-06-21,Ukraine,Georgiy Sudakov,True,90.0
2024-06-21,Ukraine,Illia Zabarnyi,True,90.0
2024-06-21,Ukraine,Mykhailo Mudryk,True,84.11666666666667
2024-06-21,Ukraine,Vladyslav Vanat,False,0.0
2024-06-21,Ukraine,Valerii Bondar,False,0.0
2024-06-21,Ukraine,Bohdan Mykhaylichenko,False,0.0
2024-06-21,Ukraine,Yukhym Konoplya,False,0.0
2024-06-21,Ukraine,Oleksandr Tymchyk,True,90.0
2024-06-21,Ukraine,Volodymyr Brazhko,True,84.66666666666667
2024-06-21,Slovakia,Martin Dúbravka,True,90.0
2024-06-21,Slovakia,Marek Rodák,False,0.0
2024-06-21,Slovakia,Stanislav Lobotka,True,90.0
2024-06-21,Slovakia,Milan Škriniar,True,90.0
2024-06-21,Slovakia,Lukáš Haraslín,True,66.58333333333333
2024-06-21,Slovakia,Ľubomír Tupta,False,0.0
2024-06-21,Slovakia,Ondrej Duda,True,59.38333333333333
2024-06-21,Slovakia,Vernon De Marco Morlacchi,False,0.0
2024-06-21,Slovakia,Peter Pekarík,True,89.51666666666667
2024-06-21,Slovakia,Juraj Kucka,True,90.0
2024-06-21,Slovakia,László Bénes,False,30.616666666666667
2024-06-21,Slovakia,Matúš Bero,False,0.0
2024-06-21,Slovakia,Patrik Hrošovský,False,0.0
2024-06-21,Slovakia,Denis Vavro,True,90.0
2024-06-21,Slovakia,Dávid Hancko,True,65.46666666666667
2024-06-21,Slovakia,Norbert Gyömbér,False,0.0
2024-06-21,Slovakia,Ivan Schranz,True,85.66666666666667
2024-06-21,Slovakia,Róbert Boženík,True,59.55
2024-06-21,Slovakia,Tomáš Suslov,False,23.16666666666667
2024-06-21,Slovakia,Henrich Ravas,False,0.0
2024-06-21,Slovakia,David Strelec,False,30.450000000000003
2024-06-21,Slovakia,Dávid Ďuriš,False,0.0
2024-06-21,Slovakia,Sebastián Kóša,False,0.0
2024-06-21,Slovakia,Tomáš Rigo,False,0.0
2024-06-21,Slovakia,Adam Obert,False,23.33333333333333
2024-06-21,Slovakia,Leo Sauer,False,4.333333333333329
2024-06-16,Netherlands,Memphis Depay,True,80.38333333333334
2024-06-16,Netherlands,Nathan Aké,True,86.51666666666667
2024-06-16,Netherlands,Daley Blind,False,0.0
2024-06-16,Netherlands,Georginio Wijnaldum,False,28.53333333333333
2024-06-16,Netherlands,Virgil van Dijk,True,90.0
2024-06-16,Netherlands,Stefan de Vrij,True,90.0
2024-06-16,Netherlands,Wout Weghorst,False,9.61666666666666
2024-06-16,Netherlands,Matthijs de Ligt,False,0.0
2024-06-16,Netherlands,Denzel Dumfries,True,90.0
2024-06-16,Netherlands,Steven Bergwijn,False,0.0
2024-06-16,Netherlands,Jerdy Schouten,True,90.0
2024-06-16,Netherlands,Donyell Malen,False,28.28333333333333
2024-06-16,Netherlands,Justin Bijlow,False,0.0
2024-06-16,Netherlands,Cody Mathès Gakpo,True,80.06666666666666
2024-06-16,Netherlands,Tijjani Reijnders,True,90.0
2024-06-16,Netherlands,Joey Veerman,True,61.46666666666667
2024-06-16,Netherlands,Lutsharel Geertruida,False,0.0
2024-06-16,Netherlands,Ryan Gravenberch,False,0.0
2024-06-16,Netherlands,Mark Flekken,False,0.0
2024-06-16,Netherlands,Micky van de Ven,False,3.4833333333333343
2024-06-16,Netherlands,Jeremie Frimpong,False,9.933333333333337
2024-06-16,Netherlands,Joshua Zirkzee,False,0.0
2024-06-16,Netherlands,Bart Verbruggen,True,90.0
2024-06-16,Netherlands,Ian Maatsen,False,0.0
2024-06-16,Netherlands,Xavi Simons,True,61.46666666666667
2024-06-16,Poland,Jan Bednarek,True,90.0
2024-06-16,Poland,Sebastian Szymański,True,45.0
2024-06-16,Poland,Piotr Zieliński,True,77.18333333333334
2024-06-16,Poland,Kamil Grosicki,False,0.0
2024-06-16,Poland,Robert Lewandowski,False,0.0
2024-06-16,Poland,Wojciech Szczęsny,True,90.0
2024-06-16,Poland,Bartosz Bereszyński,False,4.233333333333334
2024-06-16,Poland,Sebastian Walukiewicz,False,0.0
2024-06-16,Poland,Adam Buksa,True,90.0
2024-06-16,Poland,Przemysław Frankowski,True,90.0
2024-06-16,Poland,Taras Wiktorowicz Romanczuk,True,54.61666666666667
2024-06-16,Poland,Bartosz Salamon,True,85.61666666666667
2024-06-16,Poland,Damian Szymański,False,0.0
2024-06-16,Poland,Tymoteusz Puchacz,False,0.0
2024-06-16,Poland,Karol Świderski,False,35.78333333333333
2024-06-16,Poland,Łukasz Skorupski,False,0.0
2024-06-16,Poland,Krzysztof Piątek,False,0.0
2024-06-16,Poland,Bartosz Slisz,False,35.38333333333333
2024-06-16,Poland,Jakub Piotrowski,False,12.816666666666663
2024-06-16,Poland,Michał Skóraś,False,0.0
2024-06-16,Poland,Jakub Moder,False,45.0
2024-06-16,Poland,Paweł Dawidowicz,False,0.0
2024-06-16,Poland,Marcin Bulka,False,0.0
2024-06-16,Poland,Kacper Urbanski,True,54.21666666666667
2024-06-16,Poland,Jakub Piotr Kiwior,True,90.0
2024-06-16,Poland,Nicola Zalewski,True,90.0
2024-06-26,Portugal,Bernardo Mota Veiga de Carvalho e Silva,False,0.0
2024-06-26,Portugal,Bruno Miguel Borges Fernandes,False,0.0
2024-06-26,Portugal,Rui Pedro dos Santos Patrício,False,0.0
2024-06-26,Portugal,Rúben Santos Gato Alves Dias,False,0.0
2024-06-26,Portugal,Cristiano Ronaldo dos Santos Aveiro,True,65.06666666666666
2024-06-26,Portugal,Nélson Cabral Semedo,False,24.91666666666667
2024-06-26,Portugal,João Pedro Cavaco Cancelo,False,0.0
2024-06-26,Portugal,Rúben Diogo Da Silva Neves,False,45.0
2024-06-26,Portugal,Diogo José Teixeira da Silva,False,15.733333333333334
2024-06-26,Portugal,João Félix Sequeira,True,90.0
2024-06-26,Portugal,João Maria Lobo Alves Palhinha Gonçalves,True,45.0
2024-06-26,Portugal,Danilo Luís Hélio Pereira,True,90.0
2024-06-26,Portugal,José Diogo Dalot Teixeira,True,90.0
2024-06-26,Portugal,José Pedro Malheiro de Sá,False,0.0
2024-06-26,Portugal,Kléper Laveran Lima Ferreira,False,0.0
2024-06-26,Portugal,Pedro Lomba Neto,True,74.26666666666667
2024-06-26,Portugal,Diogo Meireles Costa,True,90.0
2024-06-26,Portugal,Vitor Machado Ferreira,False,0.0
2024-06-26,Portugal,Gonçalo Matias Ramos,False,24.933333333333337
2024-06-26,Portugal,Francisco Fernandes Conceição,True,90.0
2024-06-26,Portugal,Matheus Luiz Nunes,False,15.233333333333334
2024-06-26,Portugal,Nuno Mendes,False,0.0
2024-06-26,Portugal,Gonçalo Bernardo Inácio,True,90.0
2024-06-26,Portugal,António João Pereira Albuquerque Tavares Silva,True,65.08333333333333
2024-06-26,Portugal,João Neves,True,74.76666666666667
2024-06-26,Georgia,Saba Lobzhanidze,False,0.0
2024-06-26,Georgia,Lasha Dvali,True,90.0
2024-06-26,Georgia,Guram Kashia,True,90.0
2024-06-26,Georgia,Otar Kiteishvili,True,90.0
2024-06-26,Georgia,Solomon Kverkvelia,False,14.150000000000006
2024-06-26,Georgia,Heorhii Tsitaishvili,False,27.299999999999997
2024-06-26,Georgia,Giorgi Loria,False,0.0
2024-06-26,Georgia,Giorgi Chakvetadze,True,80.5
2024-06-26,Georgia,Giorgi Kvilitaia,False,0.0
2024-06-26,Georgia,Otar Kakabadze,True,89.71666666666667
2024-06-26,Georgia,Levan Shengelia,False,0.0
2024-06-26,Georgia,Georges Mikautadze,True,90.0
2024-06-26,Georgia,Jemal Tabidze,False,0.0
2024-06-26,Georgia,Khvicha Kvaratskhelia,True,80.81666666666666
2024-06-26,Georgia,Giorgi Kochorashvili,True,90.0
2024-06-26,Georgia,Zuriko Davitashvili,False,8.916666666666671
2024-06-26,Georgia,Nika Kvekveskiri,False,0.0
2024-06-26,Georgia,Luka Lochoshvili,True,62.53333333333334
2024-06-26,Georgia,Giorgi Mamardashvili,True,90.0
2024-06-26,Georgia,Budu Zivzivadze,False,0.0
2024-06-26,Georgia,Sandro Altunashvili,False,0.0
2024-06-26,Georgia,Luka Gugeshashvili,False,0.0
2024-06-26,Georgia,Anzor Mekvabishvili,False,9.5
2024-06-26,Georgia,Giorgi Gocholeishvili,False,0.0
2024-06-26,Georgia,Gabriel Sigua,False,0.0
2024-06-26,Georgia,Giorgi Gvelesiani,True,75.85
2024-07-01,Belgium,Youri Tielemans,False,0.0
2024-07-01,Belgium,Jan Vertonghen,True,90.0
2024-07-01,Belgium,Kevin De Bruyne,True,90.0
2024-07-01,Belgium,Romelu Lukaku Menama,True,90.0
2024-07-01,Belgium,Yannick Ferreira Carrasco,True,87.48333333333333
2024-07-01,Belgium,Axel Witsel,False,0.0
2024-07-01,Belgium,Timothy Castagne,True,87.53333333333333
2024-07-01,Belgium,Koen Casteels,True,90.0
2024-07-01,Belgium,Wout Faes,True,90.0
2024-07-01,Belgium,Orel Mangala,False,27.43333333333333
2024-07-01,Belgium,Matz Sels,False,0.0
2024-07-01,Belgium,Dodi Lukebakio,False,2.5166666666666657
2024-07-01,Belgium,Ikoma Loïs Openda,True,62.56666666666667
2024-07-01,Belgium,Leandro Trossard,False,0.0
2024-07-01,Belgium,Jeremy Doku,True,90.0
2024-07-01,Belgium,Thomas Kaminski,False,0.0
2024-07-01,Belgium,Aster Vranckx,False,0.0
2024-07-01,Belgium,Charles De Ketelaere,False,2.4666666666666686
2024-07-01,Belgium,Maxim De Cuyper,False,0.0
2024-07-01,Belgium,Arthur Theate,True,90.0
2024-07-01,Belgium,Amadou Onana,True,90.0
2024-07-01,Belgium,Johan Bakayoko,False,0.0
2024-07-01,Belgium,Zeno Debast,False,0.0
2024-07-01,Belgium,Arthur Vermeeren,False,0.0
2024-07-01,France,Marcus Thuram,True,61.35
2024-07-01,France,Kylian Mbappé Lottin,True,90.0
2024-07-01,France,Adrien Rabiot,True,90.0
2024-07-01,France,Alphonse Areola,False,0.0
2024-07-01,France,Olivier Giroud,False,0.0
2024-07-01,France,Mike Maignan,True,90.0
2024-07-01,France,Ferland Mendy,False,0.0
2024-07-01,France,N'Golo Kanté,True,90.0
2024-07-01,France,Jules Koundé,True,90.0
2024-07-01,France,Brice Samba,False,0.0
2024-07-01,France,Benjamin Pavard,False,0.0
2024-07-01,France,Ousmane Dembélé,False,0.0
2024-07-01,France,Antoine Griezmann,True,90.0
2024-07-01,France,Theo Bernard François Hernández,True,90.0
2024-07-01,France,Jonathan Clauss,False,0.0
2024-07-01,France,Kingsley Coman,False,0.0
2024-07-01,France,Dayotchanculle Upamecano,True,90.0
2024-07-01,France,Aurélien Djani Tchouaméni,True,90.0
2024-07-01,France,Ibrahima Konaté,False,0.0
2024-07-01,France,Youssouf Fofana,False,0.0
2024-07-01,France,William Saliba,True,90.0
2024-07-01,France,Randal Kolo Muani,False,28.65
2024-07-01,France,Eduardo Camavinga,False,0.0
2024-07-01,France,Bradley Barcola,False,0.0
2024-07-01,France,Warren Zaire Emery,False,0.0
2024-07-06,England,Lewis Dunk,False,0.0
2024-07-06,England,Kyle Walker,True,90.0
2024-07-06,England,John Stones,True,90.0
2024-07-06,England,Kieran Trippier,True,77.38333333333334
2024-07-06,England,Luke Shaw,False,12.700000000000003
2024-07-06,England,Jordan Pickford,True,90.0
2024-07-06,England,Joe Gomez,False,0.0
2024-07-06,England,Trent Alexander-Arnold,False,0.5499999999999972
2024-07-06,England,Ezri Konsa Ngoyo,True,78.43333333333334
2024-07-06,England,Ivan Toney,False,0.0
2024-07-06,England,Declan Rice,True,90.0
2024-07-06,England,Dean Henderson,False,0.0
2024-07-06,England,Phil Foden,True,125.55
2024-07-06,England,Ollie Watkins,False,0.0
2024-07-06,England,Eberechi Eze,False,22.166666666666657
2024-07-06,England,Jarrod Bowen,False,0.0
2024-07-06,England,Harry Kane,True,120.55
2024-07-06,England,Bukayo Saka,True,126.1
2024-07-06,England,Aaron Ramsdale,False,0.0
2024-07-06,England,Anthony Gordon,False,0.0
2024-07-06,England,Conor Gallagher,False,0.0
2024-07-06,England,Jude Bellingham,True,116.55
2024-07-06,England,Cole Palmer,False,11.566666666666663
2024-07-06,England,Adam Wharton,False,0.0
2024-07-06,England,Kobbie Mainoo,True,77.3
2024-07-06,Switzerland,Granit Xhaka,True,90.0
2024-07-06,Switzerland,Xherdan Shaqiri,False,0.0
2024-07-06,Switzerland,Fabian Lukas Schär,True,90.0
2024-07-06,Switzerland,Denis Lemi Zakaria Lako Lado,False,0.0
2024-07-06,Switzerland,Ricardo Iván Rodríguez Araya,True,90.0
2024-07-06,Switzerland,Breel-Donald Embolo,True,134.93333333333334
2024-07-06,Switzerland,Steven Zuber,False,27.116666666666667
2024-07-06,Switzerland,Manuel Obafemi Akanji,True,90.0
2024-07-06,Switzerland,Yann Sommer,True,90.0
2024-07-06,Switzerland,Remo Freuler,True,144.06666666666666
2024-07-06,Switzerland,Silvan Widmer,False,27.0
2024-07-06,Switzerland,Nico Elvedi,False,0.0
2024-07-06,Switzerland,Vincent Sierro,False,0.0
2024-07-06,Switzerland,Yvon Landry Mvogo,False,0.0
2024-07-06,Switzerland,Renato Steffen,False,0.0
2024-07-06,Switzerland,Michel Aebischer,True,143.9
2024-07-06,Switzerland,Gregor Kobel,False,0.0
2024-07-06,Switzerland,Noah Okafor,False,0.0
2024-07-06,Switzerland,Leonidas Stergiou,False,0.0
2024-07-06,Switzerland,Cédric Zesiger,False,0.0
2024-07-06,Switzerland,Ruben Vargas,True,63.0
2024-07-06,Switzerland,Ardon Jashari,False,0.0
2024-07-06,Switzerland,Dan Ndoye,True,97.66666666666667
2024-07-06,Switzerland,Mohamed Zeki Amdouni,False,0.8499999999999943
2024-07-06,Switzerland,Kwadwo Duah,False,0.0
2024-07-06,Switzerland,Fabian Rieder,True,62.88333333333333
2024-06-22,Portugal,Bernardo Mota Veiga de Carvalho e Silva,True,90.0
2024-06-22,Portugal,Bruno Miguel Borges Fernandes,True,90.0
2024-06-22,Portugal,Rui Pedro dos Santos Patrício,False,0.0
2024-06-22,Portugal,Rúben Santos Gato Alves Dias,True,90.0
2024-06-22,Portugal,Cristiano Ronaldo dos Santos Aveiro,True,90.0
2024-06-22,Portugal,Nélson Cabral Semedo,False,21.91666666666667
2024-06-22,Portugal,João Pedro Cavaco Cancelo,True,68.08333333333333
2024-06-22,Portugal,Rúben Diogo Da Silva Neves,False,45.0
2024-06-22,Portugal,Diogo José Teixeira da Silva,False,0.0
2024-06-22,Portugal,João Félix Sequeira,False,0.0
2024-06-22,Portugal,João Maria Lobo Alves Palhinha Gonçalves,True,45.0
2024-06-22,Portugal,Danilo Luís Hélio Pereira,False,0.0
2024-06-22,Portugal,José Diogo Dalot Teixeira,False,0.0
2024-06-22,Portugal,Rafael Alexandre Conceição Leão,True,45.0
2024-06-22,Portugal,José Pedro Malheiro de Sá,False,0.0
2024-06-22,Portugal,Kléper Laveran Lima Ferreira,True,82.11666666666666
2024-06-22,Portugal,Pedro Lomba Neto,False,45.0
2024-06-22,Portugal,Diogo Meireles Costa,True,90.0
2024-06-22,Portugal,Vitor Machado Ferreira,True,87.93333333333334
2024-06-22,Portugal,Gonçalo Matias Ramos,False,0.0
2024-06-22,Portugal,Francisco Fernandes Conceição,False,0.0
2024-06-22,Portugal,Matheus Luiz Nunes,False,0.0
2024-06-22,Portugal,Nuno Mendes,True,90.0
2024-06-22,Portugal,Gonçalo Bernardo Inácio,False,0.0
2024-06-22,Portugal,António João Pereira Albuquerque Tavares Silva,False,7.88333333333334
2024-06-22,Portugal,João Neves,False,2.066666666666663
2024-06-22,Turkey,Cenk Tosun,False,0.0
2024-06-22,Turkey,Hakan Çalhanoğlu,True,90.0
2024-06-22,Turkey,Salih Özcan,False,0.0
2024-06-22,Turkey,Mehmet Zeki Çelik,True,90.0
2024-06-22,Turkey,Mert Müldür,False,0.0
2024-06-22,Turkey,Kaan Ayhan,True,57.95
2024-06-22,Turkey,Okay Yokuşlu,False,0.0
2024-06-22,Turkey,Yunus Akgün,True,68.98333333333333
2024-06-22,Turkey,Orkun Kökçü,True,45.0
2024-06-22,Turkey,Merih Demiral,False,15.083333333333329
2024-06-22,Turkey,Yusuf Yazıcı,False,45.0
2024-06-22,Turkey,Uğurcan Çakır,False,0.0
2024-06-22,Turkey,Ferdi Erenay Kadıoğlu,True,90.0
2024-06-22,Turkey,Altay Bayındır,True,90.0
2024-06-22,Turkey,Ahmetcan Kaplan,False,0.0
2024-06-22,Turkey,Abdülkerim Bardakcı,True,90.0
2024-06-22,Turkey,Muhammed Kerem Aktürkoğlu,True,57.96666666666667
2024-06-22,Turkey,İsmail Yüksek,False,32.05
2024-06-22,Turkey,Arda Güler,False,21.016666666666666
2024-06-22,Turkey,Bertuğ Özgür Yıldırım,False,0.0
2024-06-22,Turkey,Samet Akaydin,True,74.91666666666667
2024-06-22,Turkey,Barış Alper Yılmaz,True,90.0
2024-06-22,Turkey,Semih Kılıçsoy,False,0.0
2024-06-22,Turkey,Kenan Yildiz,False,32.03333333333333
2024-06-16,Denmark,Mathias Jørgensen Jatta,False,0.0
2024-06-16,Denmark,Christian Dannemann Eriksen,True,90.0
2024-06-16,Denmark,Pierre-Emile Højbjerg,True,83.35
2024-06-16,Denmark,Kasper Schmeichel,True,90.0
2024-06-16,Denmark,Andreas Christensen,True,90.0
2024-06-16,Denmark,Thomas Delaney,False,1.0
2024-06-16,Denmark,Simon Thorup Kjær,False,0.0
2024-06-16,Denmark,Yussuf Yurary Poulsen,False,7.36666666666666
2024-06-16,Denmark,Kasper Dolberg,False,7.349999999999994
2024-06-16,Denmark,Christian Nørgaard,False,6.650000000000006
2024-06-16,Denmark,Joachim Andersen,True,90.0
2024-06-16,Denmark,Morten Hjulmand,True,89.0
2024-06-16,Denmark,Jannik Vestergaard,True,90.0
2024-06-16,Denmark,Jacob Bruun Larsen,False,0.0
2024-06-16,Denmark,Frederik Rønnow,False,0.0
2024-06-16,Denmark,Rasmus Nissen Kristensen,False,0.0
2024-06-16,Denmark,Joakim Mæhle,False,12.966666666666669
2024-06-16,Denmark,Andreas Skov Olsen,False,0.0
2024-06-16,Denmark,Mathias Jensen,False,0.0
2024-06-16,Denmark,Jonas Older Wind,True,82.65
2024-06-16,Denmark,Anders Dreyer,False,0.0
2024-06-16,Denmark,Mikkel Damsgaard,False,0.0
2024-06-16,Denmark,Alexander Hartmann Bah,True,90.0
2024-06-16,Denmark,Mads Hermansen,False,0.0
2024-06-16,Denmark,Rasmus Winther Højlund,True,82.63333333333334
2024-06-16,Denmark,Victor Bernth Kristansen,True,77.03333333333333
2024-06-16,Slovenia,Jan Oblak,True,90.0
2024-06-16,Slovenia,Jasmin Kurtič,False,0.0
2024-06-16,Slovenia,Josip Iličić,False,0.0
2024-06-16,Slovenia,Vid Belec,False,0.0
2024-06-16,Slovenia,Sandi Lovric,False,0.0
2024-06-16,Slovenia,Jon Gorenc Stankovič,False,15.0
2024-06-16,Slovenia,Timi Elšnik,True,75.0
2024-06-16,Slovenia,Jaka Bijol,True,90.0
2024-06-16,Slovenia,Benjamin Verbič,False,23.433333333333337
2024-06-16,Slovenia,Petar Stojanović,True,66.56666666666666
2024-06-16,Slovenia,Žan Celar,False,15.349999999999994
2024-06-16,Slovenia,Erik Janža,True,90.0
2024-06-16,Slovenia,Jure Balkovec,False,0.0
2024-06-16,Slovenia,Jan Mlakar,True,74.65
2024-06-16,Slovenia,Andraž Šporar,True,93.63333333333334
2024-06-16,Slovenia,Miha Blažič,False,0.0
2024-06-16,Slovenia,Adam Gnezda Čerin,True,90.0
2024-06-16,Slovenia,Benjamin Šeško,True,93.9
2024-06-16,Slovenia,David Brekalo,False,0.0
2024-06-16,Slovenia,Igor Vekič,False,0.0
2024-06-16,Slovenia,Tomi Horvat,False,0.0
2024-06-16,Slovenia,Žan Karničnik,True,90.0
2024-06-16,Slovenia,Vanja Drkušić,True,90.0
2024-06-16,Slovenia,Žan Vipotnik,False,0.0
2024-06-16,Slovenia,Nino Žugelj,False,0.0
2024-06-16,Slovenia,Adrian Zeljković,False,0.0
2024-06-23,Germany,Leroy Sané,False,14.88333333333334
2024-06-23,Germany,Pascal Groß,False,0.0
2024-06-23,Germany,Antonio Rüdiger,True,90.0
2024-06-23,Germany,Emre Can,False,0.0
2024-06-23,Germany,Thomas Müller,False,0.0
2024-06-23,Germany,Manuel Neuer,True,90.0
2024-06-23,Germany,Toni Kroos,True,90.0
2024-06-23,Germany,Joshua Kimmich,True,90.0
2024-06-23,Germany,Benjamin Henrichs,False,0.0
2024-06-23,Germany,Jonathan Tah,True,60.56666666666667
2024-06-23,Germany,Oliver Baumann,False,0.0
2024-06-23,Germany,Waldemar Anton,False,0.0
2024-06-23,Germany,Niclas Füllkrug,False,14.63333333333334
2024-06-23,Germany,Kai Havertz,True,90.0
2024-06-23,Germany,Robert Andrich,True,65.23333333333333
2024-06-23,Germany,İlkay Gündoğan,True,90.0
2024-06-23,Germany,David Raum,False,29.333333333333336
2024-06-23,Germany,Maximilian Mittelstädt,True,60.666666666666664
2024-06-23,Germany,Robin Koch,False,0.0
2024-06-23,Germany,Marc-André ter Stegen,False,0.0
2024-06-23,Germany,Chris Führich,False,0.0
2024-06-23,Germany,Nico Schlotterbeck,False,29.43333333333333
2024-06-23,Germany,Maximilian Beier,False,24.766666666666666
2024-06-23,Germany,Jamal Musiala,True,75.36666666666666
2024-06-23,Germany,Florian Wirtz,True,75.11666666666666
2024-06-23,Germany,Deniz Undav,False,0.0
2024-06-23,Switzerland,Granit Xhaka,True,90.0
2024-06-23,Switzerland,Xherdan Shaqiri,False,0.0
2024-06-23,Switzerland,Fabian Lukas Schär,True,90.0
2024-06-23,Switzerland,Denis Lemi Zakaria Lako Lado,False,0.0
2024-06-23,Switzerland,Ricardo Iván Rodríguez Araya,True,90.0
2024-06-23,Switzerland,Breel-Donald Embolo,True,65.23333333333333
2024-06-23,Switzerland,Steven Zuber,False,0.0
2024-06-23,Switzerland,Manuel Obafemi Akanji,True,90.0
2024-06-23,Switzerland,Yann Sommer,True,90.0
2024-06-23,Switzerland,Remo Freuler,True,90.0
2024-06-23,Switzerland,Silvan Widmer,True,90.0
2024-06-23,Switzerland,Nico Elvedi,False,0.0
2024-06-23,Switzerland,Vincent Sierro,False,0.0
2024-06-23,Switzerland,Yvon Landry Mvogo,False,0.0
2024-06-23,Switzerland,Renato Steffen,False,0.0
2024-06-23,Switzerland,Michel Aebischer,True,90.0
2024-06-23,Switzerland,Gregor Kobel,False,0.0
2024-06-23,Switzerland,Noah Okafor,False,0.0
2024-06-23,Switzerland,Leonidas Stergiou,False,0.0
2024-06-23,Switzerland,Cédric Zesiger,False,0.0
2024-06-23,Switzerland,Ruben Vargas,False,24.766666666666666
2024-06-23,Switzerland,Ardon Jashari,False,0.0
2024-06-23,Switzerland,Dan Ndoye,True,64.5
2024-06-23,Switzerland,Mohamed Zeki Amdouni,False,25.5
2024-06-23,Switzerland,Kwadwo Duah,False,24.766666666666666
2024-06-23,Switzerland,Fabian Rieder,True,65.23333333333333
2024-06-19,Switzerland,Granit Xhaka,True,90.0
2024-06-19,Switzerland,Xherdan Shaqiri,True,58.65
2024-06-19,Switzerland,Fabian Lukas Schär,True,89.06666666666666
2024-06-19,Switzerland,Ricardo Iván Rodríguez Araya,True,90.0
2024-06-19,Switzerland,Breel-Donald Embolo,False,31.35
2024-06-19,Switzerland,Manuel Obafemi Akanji,True,90.0
2024-06-19,Switzerland,Yann Sommer,True,90.0
2024-06-19,Switzerland,Remo Freuler,True,73.8
2024-06-19,Switzerland,Silvan Widmer,True,85.5
2024-06-19,Switzerland,Nico Elvedi,False,0.0
2024-06-19,Switzerland,Vincent Sierro,False,16.200000000000003
2024-06-19,Switzerland,Yvon Landry Mvogo,False,0.0
2024-06-19,Switzerland,Renato Steffen,False,0.0
2024-06-19,Switzerland,Michel Aebischer,True,90.0
2024-06-19,Switzerland,Gregor Kobel,False,0.0
2024-06-19,Switzerland,Noah Okafor,False,0.0
2024-06-19,Switzerland,Leonidas Stergiou,False,4.5
2024-06-19,Switzerland,Cédric Zesiger,False,0.0
2024-06-19,Switzerland,Ruben Vargas,True,74.56666666666666
2024-06-19,Switzerland,Ardon Jashari,False,0.0
2024-06-19,Switzerland,Dan Ndoye,True,85.55
2024-06-19,Switzerland,Mohamed Zeki Amdouni,False,4.450000000000003
2024-06-19,Switzerland,Kwadwo Duah,False,0.0
2024-06-19,Switzerland,Fabian Rieder,False,15.433333333333337
2024-06-19,Scotland,Scott McTominay,True,90.0
2024-06-19,Scotland,Andrew Robertson,True,90.0
2024-06-19,Scotland,Greg Taylor,False,0.0
2024-06-19,Scotland,Zander Clark,False,0.0
2024-06-19,Scotland,Che Adams,True,89.7
2024-06-19,Scotland,Kenneth McLean,False,11.333333333333329
2024-06-19,Scotland,Grant Campbell Hanley,True,90.0
2024-06-19,Scotland,Liam Cooper,False,0.0
2024-06-19,Scotland,John McGinn,True,89.56666666666666
2024-06-19,Scotland,Scott McKenna,False,29.166666666666664
2024-06-19,Scotland,Ryan Jack,False,0.0
2024-06-19,Scotland,Stuart Armstrong,False,0.0
2024-06-19,Scotland,Callum McGregor,True,90.0
2024-06-19,Scotland,James Forrest,False,0.0
2024-06-19,Scotland,Kieran Tierney,True,60.833333333333336
2024-06-19,Scotland,Jack Hendry,True,90.0
2024-06-19,Scotland,Ross McCrorie,False,0.0
2024-06-19,Scotland,Ryan Christie,False,0.4333333333333371
2024-06-19,Scotland,Liam Kelly,False,0.0
2024-06-19,Scotland,Lewis Morgan,False,0.0
2024-06-19,Scotland,Anthony Ralston,True,89.31666666666666
2024-06-19,Scotland,Angus Gunn,True,90.0
2024-06-19,Scotland,Billy Gilmour,True,78.66666666666667
2024-06-19,Scotland,Lawrence Shankland,False,0.29999999999999716
2024-06-19,Scotland,Tommy Conway,False,0.0
2024-07-10,Netherlands,Memphis Depay,True,34.4
2024-07-10,Netherlands,Nathan Aké,True,90.0
2024-07-10,Netherlands,Daley Blind,False,0.0
2024-07-10,Netherlands,Georginio Wijnaldum,False,0.0
2024-07-10,Netherlands,Virgil van Dijk,True,90.0
2024-07-10,Netherlands,Stefan de Vrij,True,90.0
2024-07-10,Netherlands,Wout Weghorst,False,45.0
2024-07-10,Netherlands,Matthijs de Ligt,False,0.0
2024-07-10,Netherlands,Denzel Dumfries,True,92.7
2024-07-10,Netherlands,Steven Bergwijn,False,0.0
2024-07-10,Netherlands,Jerdy Schouten,True,90.0
2024-07-10,Netherlands,Donyell Malen,True,45.0
2024-07-10,Netherlands,Justin Bijlow,False,0.0
2024-07-10,Netherlands,Cody Mathès Gakpo,True,90.0
2024-07-10,Netherlands,Tijjani Reijnders,True,90.0
2024-07-10,Netherlands,Joey Veerman,False,55.6
2024-07-10,Netherlands,Brian Brobbey,False,0.0
2024-07-10,Netherlands,Lutsharel Geertruida,False,0.0
2024-07-10,Netherlands,Ryan Gravenberch,False,0.0
2024-07-10,Netherlands,Mark Flekken,False,0.0
2024-07-10,Netherlands,Micky van de Ven,False,0.0
2024-07-10,Netherlands,Jeremie Frimpong,False,0.0
2024-07-10,Netherlands,Joshua Zirkzee,False,0.0
2024-07-10,Netherlands,Bart Verbruggen,True,90.0
2024-07-10,Netherlands,Ian Maatsen,False,0.0
2024-07-10,Netherlands,Xavi Simons,True,92.66666666666667
2024-07-10,England,Lewis Dunk,False,0.0
2024-07-10,England,Kyle Walker,True,90.0
2024-07-10,England,John Stones,True,90.0
2024-07-10,England,Kieran Trippier,True,45.0
2024-07-10,England,Luke Shaw,False,45.0
2024-07-10,England,Jordan Pickford,True,90.0
2024-07-10,England,Joe Gomez,False,0.0
2024-07-10,England,Trent Alexander-Arnold,False,0.0
2024-07-10,England,Ezri Konsa Ngoyo,False,0.0
2024-07-10,England,Ivan Toney,False,0.0
2024-07-10,England,Declan Rice,True,93.03333333333333
2024-07-10,England,Dean Henderson,False,0.0
2024-07-10,England,Phil Foden,True,79.46666666666667
2024-07-10,England,Ollie Watkins,False,10.316666666666663
2024-07-10,England,Eberechi Eze,False,0.0
2024-07-10,England,Jarrod Bowen,False,0.0
2024-07-10,England,Harry Kane,True,79.68333333333334
2024-07-10,England,Bukayo Saka,True,92.28333333333333
2024-07-10,England,Aaron Ramsdale,False,0.0
2024-07-10,England,Anthony Gordon,False,0.0
2024-07-10,England,Conor Gallagher,False,0.8166666666666629
2024-07-10,England,Jude Bellingham,True,88.88333333333334
2024-07-10,England,Marc Guehi,True,90.0
2024-07-10,England,Cole Palmer,False,10.533333333333331
2024-07-10,England,Adam Wharton,False,0.0
2024-07-10,England,Kobbie Mainoo,True,92.21666666666667
2024-07-14,Spain,Mikel Merino Zazón,False,1.3333333333333286
2024-07-14,Spain,José Luis Sanmartín Mato,False,0.0
2024-07-14,Spain,Álvaro Borja Morata Martín,True,67.31666666666666
2024-07-14,Spain,David Raya Martin,False,0.0
2024-07-14,Spain,Aymeric Laporte,True,90.0
2024-07-14,Spain,José Ignacio Fernández Iglesias,False,7.36666666666666
2024-07-14,Spain,Daniel Carvajal Ramos,True,90.0
2024-07-14,Spain,Fabián Ruiz Peña,True,90.0
2024-07-14,Spain,Mikel Oyarzabal Ugarte,False,22.683333333333337
2024-07-14,Spain,Ferrán Torres García,False,0.0
2024-07-14,Spain,Rodrigo Hernández Cascante,True,45.0
2024-07-14,Spain,Jesús Navas González,False,0.0
2024-07-14,Spain,Alejandro Grimaldo García,False,0.0
2024-07-14,Spain,Unai Simón Mendibil,True,90.0
2024-07-14,Spain,Daniel Olmo Carvajal,True,90.0
2024-07-14,Spain,Marc Cucurella Saseta,True,90.0
2024-07-14,Spain,Robin Aime Robert Le Normand,True,82.63333333333334
2024-07-14,Spain,Martín Zubimendi Ibáñez,False,45.0
2024-07-14,Spain,Alejandro Remiro Gargallo,False,0.0
2024-07-14,Spain,Alejandro Baena Rodríguez,False,0.0
2024-07-14,Spain,Daniel Vivian Moreno,False,0.0
2024-07-14,Spain,Nicholas Williams Arthuer,True,90.0
2024-07-14,Spain,Fermin Lopez Marin,False,0.0
2024-07-14,Spain,Lamine Yamal Nasraoui Ebana,True,88.66666666666667
2024-07-14,England,Lewis Dunk,False,0.0
2024-07-14,England,Kyle Walker,True,90.0
2024-07-14,England,John Stones,True,90.0
2024-07-14,England,Kieran Trippier,False,0.0
2024-07-14,England,Luke Shaw,True,90.0
2024-07-14,England,Jordan Pickford,True,90.0
2024-07-14,England,Joe Gomez,False,0.0
2024-07-14,England,Trent Alexander-Arnold,False,0.0
2024-07-14,England,Ezri Konsa Ngoyo,False,0.0
2024-07-14,England,Ivan Toney,False,0.7999999999999972
2024-07-14,England,Declan Rice,True,90.0
2024-07-14,England,Dean Henderson,False,0.0
2024-07-14,England,Phil Foden,True,89.2
2024-07-14,England,Ollie Watkins,False,29.31666666666667
2024-07-14,England,Eberechi Eze,False,0.0
2024-07-14,England,Jarrod Bowen,False,0.0
2024-07-14,England,Harry Kane,True,60.68333333333333
2024-07-14,England,Bukayo Saka,True,90.0
2024-07-14,England,Aaron Ramsdale,False,0.0
2024-07-14,England,Anthony Gordon,False,0.0
2024-07-14,England,Conor Gallagher,False,0.0
2024-07-14,England,Jude Bellingham,True,90.0
2024-07-14,England,Marc Guehi,True,90.0
2024-07-14,England,Cole Palmer,False,20.11666666666666
2024-07-14,England,Adam Wharton,False,0.0
2024-07-14,England,Kobbie Mainoo,True,69.88333333333334
2024-07-09,France,Marcus Thuram,False,0.0
2024-07-09,France,Kylian Mbappé Lottin,True,90.0
2024-07-09,France,Adrien Rabiot,True,61.53333333333333
2024-07-09,France,Alphonse Areola,False,0.0
2024-07-09,France,Olivier Giroud,False,11.900000000000006
2024-07-09,France,Mike Maignan,True,90.0
2024-07-09,France,Ferland Mendy,False,0.0
2024-07-09,France,N'Golo Kanté,True,61.65
2024-07-09,France,Jules Koundé,True,90.0
2024-07-09,France,Brice Samba,False,0.0
2024-07-09,France,Benjamin Pavard,False,0.0
2024-07-09,France,Ousmane Dembélé,True,78.1
2024-07-09,France,Antoine Griezmann,False,28.35
2024-07-09,France,Theo Bernard François Hernández,True,90.0
2024-07-09,France,Jonathan Clauss,False,0.0
2024-07-09,France,Kingsley Coman,False,0.0
2024-07-09,France,Dayotchanculle Upamecano,True,90.0
2024-07-09,France,Aurélien Djani Tchouaméni,True,90.0
2024-07-09,France,Ibrahima Konaté,False,0.0
2024-07-09,France,Youssouf Fofana,False,0.0
2024-07-09,France,William Saliba,True,90.0
2024-07-09,France,Randal Kolo Muani,True,61.63333333333333
2024-07-09,France,Eduardo Camavinga,False,28.46666666666667
2024-07-09,France,Bradley Barcola,False,28.366666666666667
2024-07-09,France,Warren Zaire Emery,False,0.0
2024-07-09,Spain,Mikel Merino Zazón,False,17.766666666666666
2024-07-09,Spain,Ayoze Pérez Gutiérrez,False,0.0
2024-07-09,Spain,José Luis Sanmartín Mato,False,0.0
2024-07-09,Spain,Álvaro Borja Morata Martín,True,76.0
2024-07-09,Spain,David Raya Martin,False,0.0
2024-07-09,Spain,Aymeric Laporte,True,89.76666666666667
2024-07-09,Spain,José Ignacio Fernández Iglesias,True,90.0
2024-07-09,Spain,Fabián Ruiz Peña,True,93.55
2024-07-09,Spain,Mikel Oyarzabal Ugarte,False,14.0
2024-07-09,Spain,Ferrán Torres García,False,0.0
2024-07-09,Spain,Rodrigo Hernández Cascante,True,93.55
2024-07-09,Spain,Jesús Navas González,True,57.28333333333333
2024-07-09,Spain,Alejandro Grimaldo García,False,0.0
2024-07-09,Spain,Unai Simón Mendibil,True,90.0
2024-07-09,Spain,Daniel Olmo Carvajal,True,75.78333333333333
2024-07-09,Spain,Marc Cucurella Saseta,True,90.0
2024-07-09,Spain,Martín Zubimendi Ibáñez,False,0.3166666666666629
2024-07-09,Spain,Alejandro Remiro Gargallo,False,0.0
2024-07-09,Spain,Alejandro Baena Rodríguez,False,0.0
2024-07-09,Spain,Daniel Vivian Moreno,False,32.71666666666667
2024-07-09,Spain,Nicholas Williams Arthuer,True,93.23333333333333
2024-07-09,Spain,Fermin Lopez Marin,False,0.0
2024-07-09,Spain,Lamine Yamal Nasraoui Ebana,True,92.96666666666667
2024-07-06,Netherlands,Memphis Depay,True,86.71666666666667
2024-07-06,Netherlands,Nathan Aké,True,73.01666666666667
2024-07-06,Netherlands,Daley Blind,False,0.0
2024-07-06,Netherlands,Georginio Wijnaldum,False,0.0
2024-07-06,Netherlands,Virgil van Dijk,True,90.0
2024-07-06,Netherlands,Stefan de Vrij,True,90.0
2024-07-06,Netherlands,Wout Weghorst,False,45.0
2024-07-06,Netherlands,Matthijs de Ligt,False,0.0
2024-07-06,Netherlands,Denzel Dumfries,True,90.0
2024-07-06,Netherlands,Steven Bergwijn,True,45.0
2024-07-06,Netherlands,Jerdy Schouten,True,89.91666666666667
2024-07-06,Netherlands,Donyell Malen,False,0.0
2024-07-06,Netherlands,Justin Bijlow,False,0.0
2024-07-06,Netherlands,Cody Mathès Gakpo,True,90.0
2024-07-06,Netherlands,Tijjani Reijnders,True,72.7
2024-07-06,Netherlands,Joey Veerman,False,17.299999999999997
2024-07-06,Netherlands,Brian Brobbey,False,0.0
2024-07-06,Netherlands,Lutsharel Geertruida,False,0.0
2024-07-06,Netherlands,Ryan Gravenberch,False,0.0
2024-07-06,Netherlands,Mark Flekken,False,0.0
2024-07-06,Netherlands,Micky van de Ven,False,16.983333333333334
2024-07-06,Netherlands,Jeremie Frimpong,False,3.2833333333333314
2024-07-06,Netherlands,Joshua Zirkzee,False,3.2166666666666686
2024-07-06,Netherlands,Bart Verbruggen,True,90.0
2024-07-06,Netherlands,Xavi Simons,True,86.78333333333333
2024-07-06,Turkey,Cenk Tosun,False,8.5
2024-07-06,Turkey,Hakan Çalhanoğlu,True,90.0
2024-07-06,Turkey,Salih Özcan,True,76.75
2024-07-06,Turkey,Mehmet Zeki Çelik,False,8.716666666666669
2024-07-06,Turkey,Mert Müldür,True,81.28333333333333
2024-07-06,Turkey,Kaan Ayhan,True,88.36666666666666
2024-07-06,Turkey,Okay Yokuşlu,False,13.25
2024-07-06,Turkey,Yunus Akgün,False,0.0
2024-07-06,Turkey,Yusuf Yazıcı,False,0.0
2024-07-06,Turkey,Fehmi Mert Günok,True,90.0
2024-07-06,Turkey,İrfan Can Kahveci,False,0.0
2024-07-06,Turkey,Uğurcan Çakır,False,0.0
2024-07-06,Turkey,Ferdi Erenay Kadıoğlu,True,90.0
2024-07-06,Turkey,Altay Bayındır,False,0.0
2024-07-06,Turkey,Ahmetcan Kaplan,False,0.0
2024-07-06,Turkey,Abdülkerim Bardakcı,True,90.0
2024-07-06,Turkey,Muhammed Kerem Aktürkoğlu,False,13.400000000000006
2024-07-06,Turkey,Arda Güler,True,90.0
2024-07-06,Turkey,Bertuğ Özgür Yıldırım,False,0.0
2024-07-06,Turkey,Samet Akaydin,True,81.33333333333333
2024-07-06,Turkey,Barış Alper Yılmaz,True,90.0
2024-07-06,Turkey,Semih Kılıçsoy,False,1.63333333333334
2024-07-06,Turkey,Kenan Yildiz,True,76.6
2024-07-05,France,Marcus Thuram,False,4.63333333333334
2024-07-05,France,Kylian Mbappé Lottin,True,178.03333333333333
2024-07-05,France,Alphonse Areola,False,0.0
2024-07-05,France,Olivier Giroud,False,0.0
2024-07-05,France,Mike Maignan,True,90.0
2024-07-05,France,Ferland Mendy,False,0.0
2024-07-05,France,N'Golo Kanté,True,90.0
2024-07-05,France,Jules Koundé,True,90.0
2024-07-05,France,Brice Samba,False,0.0
2024-07-05,France,Benjamin Pavard,False,0.0
2024-07-05,France,Ousmane Dembélé,False,23.950000000000003
2024-07-05,France,Antoine Griezmann,True,66.05
2024-07-05,France,Theo Bernard François Hernández,True,90.0
2024-07-05,France,Jonathan Clauss,False,0.0
2024-07-05,France,Kingsley Coman,False,0.0
2024-07-05,France,Dayotchanculle Upamecano,True,90.0
2024-07-05,France,Aurélien Djani Tchouaméni,True,90.0
2024-07-05,France,Ibrahima Konaté,False,0.0
2024-07-05,France,Youssouf Fofana,False,0.0
2024-07-05,France,William Saliba,True,90.0
2024-07-05,France,Randal Kolo Muani,True,85.36666666666666
2024-07-05,France,Eduardo Camavinga,True,90.0
2024-07-05,France,Bradley Barcola,False,0.0
2024-07-05,France,Warren Zaire Emery,False,0.0
2024-07-05,Portugal,Bernardo Mota Veiga de Carvalho e Silva,True,90.0
2024-07-05,Portugal,Bruno Miguel Borges Fernandes,True,73.63333333333334
2024-07-05,Portugal,Rui Pedro dos Santos Patrício,False,0.0
2024-07-05,Portugal,Rúben Santos Gato Alves Dias,True,90.0
2024-07-05,Portugal,Cristiano Ronaldo dos Santos Aveiro,True,90.0
2024-07-05,Portugal,Nélson Cabral Semedo,False,16.016666666666666
2024-07-05,Portugal,João Pedro Cavaco Cancelo,True,73.98333333333333
2024-07-05,Portugal,Rúben Diogo Da Silva Neves,False,0.0
2024-07-05,Portugal,Diogo José Teixeira da Silva,False,0.0
2024-07-05,Portugal,João Félix Sequeira,False,0.0
2024-07-05,Portugal,João Maria Lobo Alves Palhinha Gonçalves,True,91.21666666666667
2024-07-05,Portugal,Danilo Luís Hélio Pereira,False,0.0
2024-07-05,Portugal,José Diogo Dalot Teixeira,False,0.0
2024-07-05,Portugal,Rafael Alexandre Conceição Leão,True,120.8
2024-07-05,Portugal,José Pedro Malheiro de Sá,False,0.0
2024-07-05,Portugal,Kléper Laveran Lima Ferreira,True,90.0
2024-07-05,Portugal,Pedro Lomba Neto,False,0.0
2024-07-05,Portugal,Diogo Meireles Costa,True,90.0
2024-07-05,Portugal,Vitor Machado Ferreira,True,133.76666666666665
2024-07-05,Portugal,Gonçalo Matias Ramos,False,0.0
2024-07-05,Portugal,Francisco Fernandes Conceição,False,16.36666666666666
2024-07-05,Portugal,Matheus Luiz Nunes,False,0.0
2024-07-05,Portugal,Nuno Mendes,True,90.0
2024-07-05,Portugal,Gonçalo Bernardo Inácio,False,0.0
2024-07-05,Portugal,António João Pereira Albuquerque Tavares Silva,False,0.0
2024-07-05,Portugal,João Neves,False,0.0
2024-06-25,Netherlands,Memphis Depay,True,90.0
2024-06-25,Netherlands,Nathan Aké,True,64.98333333333333
2024-06-25,Netherlands,Daley Blind,False,0.0
2024-06-25,Netherlands,Georginio Wijnaldum,False,25.233333333333334
2024-06-25,Netherlands,Virgil van Dijk,True,90.0
2024-06-25,Netherlands,Stefan de Vrij,True,90.0
2024-06-25,Netherlands,Wout Weghorst,False,18.91666666666667
2024-06-25,Netherlands,Matthijs de Ligt,False,0.0
2024-06-25,Netherlands,Denzel Dumfries,False,0.0
2024-06-25,Netherlands,Steven Bergwijn,False,0.0
2024-06-25,Netherlands,Jerdy Schouten,True,90.0
2024-06-25,Netherlands,Donyell Malen,True,70.61666666666667
2024-06-25,Netherlands,Justin Bijlow,False,0.0
2024-06-25,Netherlands,Cody Mathès Gakpo,True,90.0
2024-06-25,Netherlands,Tijjani Reijnders,True,64.76666666666667
2024-06-25,Netherlands,Joey Veerman,True,34.18333333333333
2024-06-25,Netherlands,Brian Brobbey,False,0.0
2024-06-25,Netherlands,Lutsharel Geertruida,True,90.0
2024-06-25,Netherlands,Ryan Gravenberch,False,0.0
2024-06-25,Netherlands,Mark Flekken,False,0.0
2024-06-25,Netherlands,Micky van de Ven,False,25.016666666666666
2024-06-25,Netherlands,Jeremie Frimpong,False,0.0
2024-06-25,Netherlands,Joshua Zirkzee,False,0.0
2024-06-25,Netherlands,Bart Verbruggen,True,90.0
2024-06-25,Netherlands,Ian Maatsen,False,0.0
2024-06-25,Netherlands,Xavi Simons,False,55.81666666666667
2024-06-25,Austria,Marko Arnautović,True,77.81666666666666
2024-06-25,Austria,Andreas Weimann,False,0.0
2024-06-25,Austria,Maximilian Wöber,True,90.0
2024-06-25,Austria,Michael Gregoritsch,False,12.183333333333337
2024-06-25,Austria,Florian Kainz,False,0.0
2024-06-25,Austria,Konrad Laimer,False,26.6
2024-06-25,Austria,Marcel Sabitzer,True,90.0
2024-06-25,Austria,Gernot Trauner,False,0.0
2024-06-25,Austria,Romano Schmid,True,91.2
2024-06-25,Austria,Philipp Lienhart,True,61.5
2024-06-25,Austria,Patrick Pentz,True,90.0
2024-06-25,Austria,Florian Grillitsch,True,63.4
2024-06-25,Austria,Kevin Danso,False,0.0
2024-06-25,Austria,Stefan Posch,True,90.0
2024-06-25,Austria,Philipp Mwene,False,0.0
2024-06-25,Austria,Christoph Baumgartner,False,27.549999999999997
2024-06-25,Austria,Heinz Lindner,False,0.0
2024-06-25,Austria,Patrick Wimmer,True,62.45
2024-06-25,Austria,Flavius Daniliuc,False,0.0
2024-06-25,Austria,Nicolas Seiwald,True,90.0
2024-06-25,Austria,Alexander Prass,True,90.0
2024-06-25,Austria,Niklas Hedl,False,0.0
2024-06-25,Austria,Marco Grüll,False,0.0
2024-06-25,Austria,Leopold Querfeld,False,32.63333333333334
2024-06-25,Austria,Matthias Seidl,False,0.0
2024-06-25,Austria,Maximilian Entrup,False,0.0
2024-06-20,Denmark,Mathias Jørgensen Jatta,False,0.0
2024-06-20,Denmark,Christian Dannemann Eriksen,True,81.91666666666667
2024-06-20,Denmark,Pierre-Emile Højbjerg,True,90.0
2024-06-20,Denmark,Kasper Schmeichel,True,90.0
2024-06-20,Denmark,Andreas Christensen,True,90.0
2024-06-20,Denmark,Simon Thorup Kjær,False,0.0
2024-06-20,Denmark,Yussuf Yurary Poulsen,False,23.63333333333334
2024-06-20,Denmark,Kasper Dolberg,False,0.0
2024-06-20,Denmark,Christian Nørgaard,False,8.016666666666666
2024-06-20,Denmark,Joachim Andersen,True,90.0
2024-06-20,Denmark,Morten Hjulmand,True,81.98333333333333
2024-06-20,Denmark,Jannik Vestergaard,True,90.0
2024-06-20,Denmark,Jacob Bruun Larsen,False,0.0
2024-06-20,Denmark,Frederik Rønnow,False,0.0
2024-06-20,Denmark,Rasmus Nissen Kristensen,False,0.0
2024-06-20,Denmark,Joakim Mæhle,True,90.0
2024-06-20,Denmark,Andreas Skov Olsen,False,8.083333333333329
2024-06-20,Denmark,Mathias Jensen,False,0.0
2024-06-20,Denmark,Jonas Older Wind,True,56.28333333333333
2024-06-20,Denmark,Anders Dreyer,False,0.0
2024-06-20,Denmark,Mikkel Damsgaard,False,33.71666666666667
2024-06-20,Denmark,Alexander Hartmann Bah,False,33.78333333333333
2024-06-20,Denmark,Mads Hermansen,False,0.0
2024-06-20,Denmark,Rasmus Winther Højlund,True,66.36666666666666
2024-06-20,Denmark,Victor Bernth Kristansen,True,56.21666666666667
2024-06-20,England,Lewis Dunk,False,0.0
2024-06-20,England,Kyle Walker,True,89.25
2024-06-20,England,John Stones,True,90.0
2024-06-20,England,Kieran Trippier,True,90.0
2024-06-20,England,Jordan Pickford,True,90.0
2024-06-20,England,Joe Gomez,False,0.0
2024-06-20,England,Trent Alexander-Arnold,True,53.43333333333333
2024-06-20,England,Ezri Konsa Ngoyo,False,0.0
2024-06-20,England,Ivan Toney,False,0.0
2024-06-20,England,Declan Rice,True,90.0
2024-06-20,England,Dean Henderson,False,0.0
2024-06-20,England,Phil Foden,True,68.13333333333334
2024-06-20,England,Ollie Watkins,False,21.450000000000003
2024-06-20,England,Eberechi Eze,False,21.08333333333333
2024-06-20,England,Jarrod Bowen,False,21.86666666666666
2024-06-20,England,Harry Kane,True,68.55
2024-06-20,England,Bukayo Saka,True,68.91666666666667
2024-06-20,England,Aaron Ramsdale,False,0.0
2024-06-20,England,Anthony Gordon,False,0.0
2024-06-20,England,Conor Gallagher,False,36.56666666666667
2024-06-20,England,Jude Bellingham,True,90.0
2024-06-20,England,Marc Guehi,True,90.0
2024-06-20,England,Cole Palmer,False,0.0
2024-06-20,England,Adam Wharton,False,0.0
2024-06-20,England,Kobbie Mainoo,False,0.0
2024-07-05,Spain,Mikel Merino Zazón,False,10.833333333333329
2024-07-05,Spain,Ayoze Pérez Gutiérrez,False,0.0
2024-07-05,Spain,José Luis Sanmartín Mato,False,0.3500000000000085
2024-07-05,Spain,Álvaro Borja Morata Martín,True,79.16666666666667
2024-07-05,Spain,David Raya Martin,False,0.0
2024-07-05,Spain,Aymeric Laporte,True,90.0
2024-07-05,Spain,José Ignacio Fernández Iglesias,False,0.0
2024-07-05,Spain,Daniel Carvajal Ramos,True,135.15
2024-07-05,Spain,Fabián Ruiz Peña,True,112.01666666666667
2024-07-05,Spain,Mikel Oyarzabal Ugarte,False,10.833333333333329
2024-07-05,Spain,Ferrán Torres García,False,27.516666666666666
2024-07-05,Spain,Rodrigo Hernández Cascante,True,112.36666666666667
2024-07-05,Spain,Jesús Navas González,False,0.0
2024-07-05,Spain,Alejandro Grimaldo García,False,0.0
2024-07-05,Spain,Unai Simón Mendibil,True,90.0
2024-07-05,Spain,Daniel Olmo Carvajal,False,104.65
2024-07-05,Spain,Marc Cucurella Saseta,True,90.0
2024-07-05,Spain,Robin Aime Robert Le Normand,True,45.0
2024-07-05,Spain,Martín Zubimendi Ibáñez,False,0.0
2024-07-05,Spain,Pedro González López,True,7.466666666666667
2024-07-05,Spain,Alejandro Remiro Gargallo,False,0.0
2024-07-05,Spain,Alejandro Baena Rodríguez,False,0.0
2024-07-05,Spain,Daniel Vivian Moreno,False,0.0
2024-07-05,Spain,Nicholas Williams Arthuer,True,79.16666666666667
2024-07-05,Spain,Fermin Lopez Marin,False,0.0
2024-07-05,Spain,Lamine Yamal Nasraoui Ebana,True,62.483333333333334
2024-07-05,Germany,Leroy Sané,True,45.0
2024-07-05,Germany,Pascal Groß,False,0.0
2024-07-05,Germany,Antonio Rüdiger,True,90.0
2024-07-05,Germany,Emre Can,True,45.0
2024-07-05,Germany,Thomas Müller,False,10.25
2024-07-05,Germany,Manuel Neuer,True,90.0
2024-07-05,Germany,Toni Kroos,True,90.0
2024-07-05,Germany,Joshua Kimmich,True,90.0
2024-07-05,Germany,Benjamin Henrichs,False,0.0
2024-07-05,Germany,Jonathan Tah,True,79.75
2024-07-05,Germany,Oliver Baumann,False,0.0
2024-07-05,Germany,Waldemar Anton,False,0.0
2024-07-05,Germany,Niclas Füllkrug,False,33.38333333333333
2024-07-05,Germany,Kai Havertz,True,90.0
2024-07-05,Germany,Robert Andrich,False,45.0
2024-07-05,Germany,İlkay Gündoğan,True,56.61666666666667
2024-07-05,Germany,David Raum,True,56.21666666666667
2024-07-05,Germany,Maximilian Mittelstädt,False,33.78333333333333
2024-07-05,Germany,Robin Koch,False,0.0
2024-07-05,Germany,Marc-André ter Stegen,False,0.0
2024-07-05,Germany,Chris Führich,False,0.0
2024-07-05,Germany,Nico Schlotterbeck,False,0.0
2024-07-05,Germany,Maximilian Beier,False,0.0
2024-07-05,Germany,Jamal Musiala,True,90.0
2024-07-05,Germany,Florian Wirtz,False,45.0
2024-07-05,Germany,Deniz Undav,False,0.0
2024-06-26,Belgium,Youri Tielemans,True,61.03333333333333
2024-06-26,Belgium,Jan Vertonghen,True,90.0
2024-06-26,Belgium,Kevin De Bruyne,True,90.0
2024-06-26,Belgium,Romelu Lukaku Menama,True,89.33333333333333
2024-06-26,Belgium,Yannick Ferreira Carrasco,False,28.700000000000003
2024-06-26,Belgium,Timothy Castagne,True,90.0
2024-06-26,Belgium,Koen Casteels,True,90.0
2024-06-26,Belgium,Wout Faes,True,90.0
2024-06-26,Belgium,Orel Mangala,False,28.96666666666667
2024-06-26,Belgium,Matz Sels,False,0.0
2024-06-26,Belgium,Ikoma Loïs Openda,False,0.6666666666666714
2024-06-26,Belgium,Leandro Trossard,True,61.3
2024-06-26,Belgium,Jeremy Doku,True,76.75
2024-06-26,Belgium,Thomas Kaminski,False,0.0
2024-06-26,Belgium,Aster Vranckx,False,0.0
2024-06-26,Belgium,Charles De Ketelaere,False,0.0
2024-06-26,Belgium,Maxim De Cuyper,False,0.0
2024-06-26,Belgium,Arthur Theate,True,90.0
2024-06-26,Belgium,Amadou Onana,True,90.0
2024-06-26,Belgium,Johan Bakayoko,False,13.25
2024-06-26,Belgium,Zeno Debast,False,0.0
2024-06-26,Belgium,Arthur Vermeeren,False,0.0
2024-06-26,Ukraine,Oleksandr Zinchenko,False,32.583333333333336
2024-06-26,Ukraine,Andriy Yarmolenko,False,9.950000000000003
2024-06-26,Ukraine,Taras Stepanenko,False,20.38333333333334
2024-06-26,Ukraine,Serhii Sydorchuk,False,0.0
2024-06-26,Ukraine,Ruslan Malinovskiy,False,20.28333333333333
2024-06-26,Ukraine,Mykola Matvienko,True,90.0
2024-06-26,Ukraine,Vitalii Mykolenko,True,56.08333333333333
2024-06-26,Ukraine,Mykola Shaparenko,True,69.58333333333333
2024-06-26,Ukraine,Andriy Lunin,False,0.0
2024-06-26,Ukraine,Heorhii Bushchan,False,0.0
2024-06-26,Ukraine,Roman Yaremchuk,True,69.71666666666667
2024-06-26,Ukraine,Artem Dovbyk,True,90.0
2024-06-26,Ukraine,Oleksandr Svatok,True,80.05
2024-06-26,Ukraine,Oleksandr Zubkov,False,0.0
2024-06-26,Ukraine,Maksym Talovierov,False,0.0
2024-06-26,Ukraine,Anatolii Trubin,True,90.0
2024-06-26,Ukraine,Georgiy Sudakov,True,90.0
2024-06-26,Ukraine,Illia Zabarnyi,True,90.0
2024-06-26,Ukraine,Vladyslav Vanat,False,20.41666666666667
2024-06-26,Ukraine,Valerii Bondar,False,0.0
2024-06-26,Ukraine,Bohdan Mykhaylichenko,False,0.0
2024-06-26,Ukraine,Yukhym Konoplya,False,0.0
2024-06-26,Ukraine,Oleksandr Tymchyk,True,89.66666666666667
2024-06-26,Ukraine,Volodymyr Brazhko,True,69.61666666666666
2024-06-26,Turkey,Cenk Tosun,False,14.716666666666669
2024-06-26,Turkey,Hakan Çalhanoğlu,True,86.81666666666666
2024-06-26,Turkey,Salih Özcan,True,45.0
2024-06-26,Turkey,Mehmet Zeki Çelik,False,0.0
2024-06-26,Turkey,Mert Müldür,True,90.0
2024-06-26,Turkey,Kaan Ayhan,False,45.0
2024-06-26,Turkey,Okay Yokuşlu,False,27.366666666666667
2024-06-26,Turkey,Yunus Akgün,False,0.0
2024-06-26,Turkey,Orkun Kökçü,False,3.183333333333337
2024-06-26,Turkey,Merih Demiral,True,90.0
2024-06-26,Turkey,Yusuf Yazıcı,False,0.0
2024-06-26,Turkey,Fehmi Mert Günok,True,90.0
2024-06-26,Turkey,İrfan Can Kahveci,False,0.0
2024-06-26,Turkey,Uğurcan Çakır,False,0.0
2024-06-26,Turkey,Ferdi Erenay Kadıoğlu,True,90.0
2024-06-26,Turkey,Altay Bayındır,False,0.0
2024-06-26,Turkey,Ahmetcan Kaplan,False,0.0
2024-06-26,Turkey,Muhammed Kerem Aktürkoğlu,False,14.533333333333331
2024-06-26,Turkey,İsmail Yüksek,True,62.63333333333333
2024-06-26,Turkey,Arda Güler,True,75.28333333333333
2024-06-26,Turkey,Bertuğ Özgür Yıldırım,False,0.0
2024-06-26,Turkey,Samet Akaydin,True,89.15
2024-06-26,Turkey,Barış Alper Yılmaz,True,90.0
2024-06-26,Turkey,Semih Kılıçsoy,False,0.0
2024-06-26,Turkey,Kenan Yildiz,True,75.46666666666667
2024-06-26,Czech Republic,Tomáš Souček,True,90.0
2024-06-26,Czech Republic,Patrik Schick,False,0.0
2024-06-26,Czech Republic,Antonín Barák,True,88.0
2024-06-26,Czech Republic,Václav Černý,False,0.0
2024-06-26,Czech Republic,Tomáš Holeš,True,90.0
2024-06-26,Czech Republic,Vladimír Coufal,True,89.61666666666667
2024-06-26,Czech Republic,Tomáš Chorý,False,35.38333333333333
2024-06-26,Czech Republic,Petr Ševčík,False,0.0
2024-06-26,Czech Republic,Ondřej Lingr,False,15.549999999999997
2024-06-26,Czech Republic,Lukáš Provod,True,74.11666666666667
2024-06-26,Czech Republic,Jindřich Staněk,True,54.483333333333334
2024-06-26,Czech Republic,Pavel Šulc,False,0.0
2024-06-26,Czech Republic,Adam Hložek,True,54.61666666666666
2024-06-26,Czech Republic,Ladislav Krejčí,True,90.0
2024-06-26,Czech Republic,Jan Kuchta,False,35.2
2024-06-26,Czech Republic,Mojmír Chytil,True,54.8
2024-06-26,Czech Republic,David Zima,False,0.0
2024-06-26,Czech Republic,David Doudera,False,0.0
2024-06-26,Czech Republic,Matěj Jurásek,False,9.400000000000006
2024-06-26,Czech Republic,Lukáš Červ,False,0.0
2024-06-26,Czech Republic,Vitezslav Jaros,False,0.0
2024-06-26,Czech Republic,Matěj Kovář,False,35.516666666666666
2024-06-26,Czech Republic,Martin Vitík,False,0.0
2024-06-26,Czech Republic,Robin Hranáč,True,90.0
2024-06-26,Czech Republic,David Jurásek,True,80.6
2024-06-26,Czech Republic,Tomáš Vlček,False,0.0
2024-07-02,Austria,Marko Arnautović,True,90.0
2024-07-02,Austria,Andreas Weimann,False,0.0
2024-07-02,Austria,Maximilian Wöber,False,26.03333333333333
2024-07-02,Austria,Michael Gregoritsch,False,45.0
2024-07-02,Austria,Florian Kainz,False,0.0
2024-07-02,Austria,Konrad Laimer,True,64.21666666666667
2024-07-02,Austria,Marcel Sabitzer,True,90.0
2024-07-02,Austria,Romano Schmid,True,45.0
2024-07-02,Austria,Philipp Lienhart,True,63.96666666666667
2024-07-02,Austria,Patrick Pentz,True,90.0
2024-07-02,Austria,Florian Grillitsch,False,25.78333333333333
2024-07-02,Austria,Kevin Danso,True,90.0
2024-07-02,Austria,Stefan Posch,True,90.0
2024-07-02,Austria,Philipp Mwene,True,45.0
2024-07-02,Austria,Christoph Baumgartner,True,89.05000000000001
2024-07-02,Austria,Heinz Lindner,False,0.0
2024-07-02,Austria,Flavius Daniliuc,False,0.0
2024-07-02,Austria,Nicolas Seiwald,True,90.0
2024-07-02,Austria,Alexander Prass,False,45.0
2024-07-02,Austria,Niklas Hedl,False,0.0
2024-07-02,Austria,Marco Grüll,False,0.0
2024-07-02,Austria,Leopold Querfeld,False,0.0
2024-07-02,Austria,Matthias Seidl,False,0.0
2024-07-02,Austria,Maximilian Entrup,False,0.0
2024-07-02,Turkey,Cenk Tosun,False,0.0
2024-07-02,Turkey,Salih Özcan,False,32.53333333333333
2024-07-02,Turkey,Mehmet Zeki Çelik,False,0.0
2024-07-02,Turkey,Mert Müldür,True,90.0
2024-07-02,Turkey,Kaan Ayhan,True,90.0
2024-07-02,Turkey,Okay Yokuşlu,False,12.483333333333334
2024-07-02,Turkey,Yunus Akgün,False,0.0
2024-07-02,Turkey,Orkun Kökçü,True,82.33333333333333
2024-07-02,Turkey,Merih Demiral,True,90.0
2024-07-02,Turkey,Yusuf Yazıcı,False,0.0
2024-07-02,Turkey,Fehmi Mert Günok,True,90.0
2024-07-02,Turkey,İrfan Can Kahveci,False,7.666666666666671
2024-07-02,Turkey,Uğurcan Çakır,False,0.0
2024-07-02,Turkey,Ferdi Erenay Kadıoğlu,True,90.0
2024-07-02,Turkey,Altay Bayındır,False,0.0
2024-07-02,Turkey,Ahmetcan Kaplan,False,0.0
2024-07-02,Turkey,Abdülkerim Bardakcı,True,90.0
2024-07-02,Turkey,Muhammed Kerem Aktürkoğlu,False,12.466666666666669
2024-07-02,Turkey,İsmail Yüksek,True,57.46666666666667
2024-07-02,Turkey,Arda Güler,True,77.51666666666667
2024-07-02,Turkey,Bertuğ Özgür Yıldırım,False,0.0
2024-07-02,Turkey,Barış Alper Yılmaz,True,90.0
2024-07-02,Turkey,Semih Kılıçsoy,False,0.0
2024-07-02,Turkey,Kenan Yildiz,True,77.53333333333333
2024-07-02,Netherlands,Memphis Depay,True,91.03333333333333
2024-07-02,Netherlands,Nathan Aké,True,68.25
2024-07-02,Netherlands,Daley Blind,False,0.0
2024-07-02,Netherlands,Georginio Wijnaldum,False,0.0
2024-07-02,Netherlands,Virgil van Dijk,True,90.0
2024-07-02,Netherlands,Stefan de Vrij,True,90.0
2024-07-02,Netherlands,Wout Weghorst,False,6.450000000000003
2024-07-02,Netherlands,Matthijs de Ligt,False,0.0
2024-07-02,Netherlands,Denzel Dumfries,True,89.85
2024-07-02,Netherlands,Steven Bergwijn,True,45.0
2024-07-02,Netherlands,Jerdy Schouten,True,68.21666666666667
2024-07-02,Netherlands,Donyell Malen,False,45.0
2024-07-02,Netherlands,Justin Bijlow,False,0.0
2024-07-02,Netherlands,Cody Mathès Gakpo,True,83.55
2024-07-02,Netherlands,Tijjani Reijnders,True,90.0
2024-07-02,Netherlands,Joey Veerman,False,21.78333333333333
2024-07-02,Netherlands,Brian Brobbey,False,0.0
2024-07-02,Netherlands,Lutsharel Geertruida,False,0.0
2024-07-02,Netherlands,Ryan Gravenberch,False,0.0
2024-07-02,Netherlands,Mark Flekken,False,0.0
2024-07-02,Netherlands,Micky van de Ven,False,21.75
2024-07-02,Netherlands,Jeremie Frimpong,False,0.0
2024-07-02,Netherlands,Joshua Zirkzee,False,0.0
2024-07-02,Netherlands,Bart Verbruggen,True,90.0
2024-07-02,Netherlands,Ian Maatsen,False,0.0
2024-07-02,Netherlands,Xavi Simons,True,90.0
2024-07-02,Romania,George Alexandru Puşcaş,False,0.0
2024-07-02,Romania,Denis Alibec,False,19.03333333333333
2024-07-02,Romania,Nicolae Claudiu Stanciu,True,87.68333333333334
2024-07-02,Romania,Răzvan Gabriel Marin,True,90.0
2024-07-02,Romania,Andrei Florin Ratiu,True,90.0
2024-07-02,Romania,Florin Constantin Niţă,True,90.0
2024-07-02,Romania,Ianis Hagi,True,69.4
2024-07-02,Romania,Vasile Mogoș,True,33.48333333333334
2024-07-02,Romania,Marius Mihai Marin,True,71.25
2024-07-02,Romania,Denis Mihai Drăguş,True,71.15
2024-07-02,Romania,Andrei Burcă Andonie,True,90.0
2024-07-02,Romania,Ionuţ Nedelcearu,False,0.0
2024-07-02,Romania,Adrián Rus,False,0.0
2024-07-02,Romania,Radu Drăgușin,True,90.0
2024-07-02,Romania,Bogdan Racovițan,False,52.18333333333333
2024-07-02,Romania,Alexandru Cicâldău,False,18.75
2024-07-02,Romania,Dennis Man,True,90.0
2024-07-02,Romania,Valentin Mihai Mihăilă,False,18.849999999999994
2024-07-02,Romania,Darius Dumitru Olaru,False,2.316666666666663
2024-07-02,Romania,Horaţiu Alexandru Moldovan,False,0.0
2024-07-02,Romania,Deian Cristian Sorescu,False,0.0
2024-07-02,Romania,Ștefan Târnovanu,False,0.0
2024-07-02,Romania,Adrian Gheorghe Șut,False,0.0
2024-07-02,Romania,Daniel George Birligea,False,0.0
2024-07-01,Portugal,Bernardo Mota Veiga de Carvalho e Silva,True,142.23333333333332
2024-07-01,Portugal,Bruno Miguel Borges Fernandes,True,142.23333333333335
2024-07-01,Portugal,Rui Pedro dos Santos Patrício,False,0.0
2024-07-01,Portugal,Rúben Santos Gato Alves Dias,True,142.23333333333335
2024-07-01,Portugal,Cristiano Ronaldo dos Santos Aveiro,True,90.0
2024-07-01,Portugal,Nélson Cabral Semedo,False,0.0
2024-07-01,Portugal,João Pedro Cavaco Cancelo,True,142.23333333333335
2024-07-01,Portugal,Rúben Diogo Da Silva Neves,False,0.13333333333333997
2024-07-01,Portugal,Diogo José Teixeira da Silva,False,25.349999999999994
2024-07-01,Portugal,João Félix Sequeira,False,0.0
2024-07-01,Portugal,João Maria Lobo Alves Palhinha Gonçalves,True,142.23333333333335
2024-07-01,Portugal,Danilo Luís Hélio Pereira,False,0.0
2024-07-01,Portugal,José Diogo Dalot Teixeira,False,0.0
2024-07-01,Portugal,Rafael Alexandre Conceição Leão,True,75.61666666666666
2024-07-01,Portugal,José Pedro Malheiro de Sá,False,0.0
2024-07-01,Portugal,Kléper Laveran Lima Ferreira,True,142.1
2024-07-01,Portugal,Pedro Lomba Neto,False,0.0
2024-07-01,Portugal,Diogo Meireles Costa,True,90.0
2024-07-01,Portugal,Vitor Machado Ferreira,True,64.65
2024-07-01,Portugal,Gonçalo Matias Ramos,False,0.0
2024-07-01,Portugal,Francisco Fernandes Conceição,False,14.38333333333334
2024-07-01,Portugal,Matheus Luiz Nunes,False,0.0
2024-07-01,Portugal,Nuno Mendes,True,89.85
2024-07-01,Portugal,Gonçalo Bernardo Inácio,False,0.0
2024-07-01,Portugal,António João Pereira Albuquerque Tavares Silva,False,0.0
2024-07-01,Portugal,João Neves,False,0.0
2024-07-01,Slovenia,Jan Oblak,True,90.0
2024-07-01,Slovenia,Jasmin Kurtič,False,0.0
2024-07-01,Slovenia,Josip Iličić,False,0.0
2024-07-01,Slovenia,Vid Belec,False,0.0
2024-07-01,Slovenia,Sandi Lovric,False,0.0
2024-07-01,Slovenia,Jon Gorenc Stankovič,False,16.46666666666667
2024-07-01,Slovenia,Timi Elšnik,True,120.7
2024-07-01,Slovenia,Jaka Bijol,True,90.0
2024-07-01,Slovenia,Benjamin Verbič,False,3.8333333333333286
2024-07-01,Slovenia,Petar Stojanović,True,86.16666666666667
2024-07-01,Slovenia,Žan Celar,False,15.766666666666666
2024-07-01,Slovenia,Jure Balkovec,True,90.0
2024-07-01,Slovenia,Jan Mlakar,True,73.53333333333333
2024-07-01,Slovenia,Andraž Šporar,True,74.23333333333333
2024-07-01,Slovenia,Miha Blažič,False,0.0
2024-07-01,Slovenia,Adam Gnezda Čerin,True,90.0
2024-07-01,Slovenia,Benjamin Šeško,True,90.0
2024-07-01,Slovenia,David Brekalo,False,0.0
2024-07-01,Slovenia,Igor Vekič,False,0.0
2024-07-01,Slovenia,Tomi Horvat,False,0.0
2024-07-01,Slovenia,Žan Karničnik,True,90.0
2024-07-01,Slovenia,Vanja Drkušić,True,90.0
2024-07-01,Slovenia,Žan Vipotnik,False,0.0
2024-07-01,Slovenia,Nino Žugelj,False,0.0
2024-07-01,Slovenia,Adrian Zeljković,False,0.0
2024-06-30,Spain,Mikel Merino Zazón,False,9.233333333333334
2024-06-30,Spain,Ayoze Pérez Gutiérrez,False,0.0
2024-06-30,Spain,José Luis Sanmartín Mato,False,0.0
2024-06-30,Spain,Álvaro Borja Morata Martín,True,66.25
2024-06-30,Spain,David Raya Martin,False,0.0
2024-06-30,Spain,Aymeric Laporte,True,90.0
2024-06-30,Spain,José Ignacio Fernández Iglesias,False,0.0
2024-06-30,Spain,Daniel Carvajal Ramos,True,80.4
2024-06-30,Spain,Fabián Ruiz Peña,True,80.76666666666667
2024-06-30,Spain,Mikel Oyarzabal Ugarte,False,23.75
2024-06-30,Spain,Ferrán Torres García,False,0.0
2024-06-30,Spain,Rodrigo Hernández Cascante,True,90.0
2024-06-30,Spain,Jesús Navas González,False,9.599999999999994
2024-06-30,Spain,Alejandro Grimaldo García,False,24.21666666666667
2024-06-30,Spain,Unai Simón Mendibil,True,90.0
2024-06-30,Spain,Daniel Olmo Carvajal,False,38.166666666666664
2024-06-30,Spain,Marc Cucurella Saseta,True,65.78333333333333
2024-06-30,Spain,Robin Aime Robert Le Normand,True,90.0
2024-06-30,Spain,Martín Zubimendi Ibáñez,False,0.0
2024-06-30,Spain,Pedro González López,True,51.833333333333336
2024-06-30,Spain,Alejandro Remiro Gargallo,False,0.0
2024-06-30,Spain,Alejandro Baena Rodríguez,False,0.0
2024-06-30,Spain,Daniel Vivian Moreno,False,0.0
2024-06-30,Spain,Nicholas Williams Arthuer,True,90.0
2024-06-30,Spain,Fermin Lopez Marin,False,0.0
2024-06-30,Spain,Lamine Yamal Nasraoui Ebana,True,90.0
2024-06-30,Georgia,Saba Lobzhanidze,False,0.0
2024-06-30,Georgia,Lasha Dvali,True,90.0
2024-06-30,Georgia,Guram Kashia,True,90.0
2024-06-30,Georgia,Otar Kiteishvili,True,40.583333333333336
2024-06-30,Georgia,Solomon Kverkvelia,False,0.0
2024-06-30,Georgia,Heorhii Tsitaishvili,False,27.18333333333333
2024-06-30,Georgia,Giorgi Loria,False,0.0
2024-06-30,Georgia,Giorgi Chakvetadze,True,62.983333333333334
2024-06-30,Georgia,Giorgi Kvilitaia,False,0.0
2024-06-30,Georgia,Otar Kakabadze,True,90.0
2024-06-30,Georgia,Levan Shengelia,False,0.0
2024-06-30,Georgia,Georges Mikautadze,True,78.31666666666666
2024-06-30,Georgia,Jemal Tabidze,False,0.0
2024-06-30,Georgia,Khvicha Kvaratskhelia,True,90.0
2024-06-30,Georgia,Giorgi Kochorashvili,True,89.65
2024-06-30,Georgia,Zuriko Davitashvili,False,27.016666666666666
2024-06-30,Georgia,Nika Kvekveskiri,False,11.716666666666669
2024-06-30,Georgia,Luka Lochoshvili,True,62.81666666666667
2024-06-30,Georgia,Giorgi Mamardashvili,True,90.0
2024-06-30,Georgia,Budu Zivzivadze,False,11.450000000000003
2024-06-30,Georgia,Sandro Altunashvili,False,49.416666666666664
2024-06-30,Georgia,Luka Gugeshashvili,False,0.0
2024-06-30,Georgia,Giorgi Gocholeishvili,False,0.0
2024-06-30,Georgia,Gabriel Sigua,False,0.0
2024-06-30,Georgia,Giorgi Gvelesiani,True,78.28333333333333
2024-06-30,England,Lewis Dunk,False,0.0
2024-06-30,England,Kyle Walker,True,133.76666666666668
2024-06-30,England,John Stones,True,133.76666666666668
2024-06-30,England,Kieran Trippier,True,64.63333333333333
2024-06-30,England,Luke Shaw,False,0.0
2024-06-30,England,Jordan Pickford,True,90.0
2024-06-30,England,Joe Gomez,False,0.0
2024-06-30,England,Trent Alexander-Arnold,False,0.0
2024-06-30,England,Ezri Konsa Ngoyo,False,0.0
2024-06-30,England,Ivan Toney,False,3.9000000000000057
2024-06-30,England,Declan Rice,True,93.9
2024-06-30,England,Dean Henderson,False,0.0
2024-06-30,England,Phil Foden,True,93.85
2024-06-30,England,Ollie Watkins,False,0.0
2024-06-30,England,Eberechi Eze,False,10.75
2024-06-30,England,Jarrod Bowen,False,0.0
2024-06-30,England,Harry Kane,True,129.86666666666667
2024-06-30,England,Bukayo Saka,True,133.76666666666668
2024-06-30,England,Aaron Ramsdale,False,0.0
2024-06-30,England,Anthony Gordon,False,0.0
2024-06-30,England,Conor Gallagher,False,0.0
2024-06-30,England,Jude Bellingham,True,133.76666666666668
2024-06-30,England,Marc Guehi,True,89.63333333333333
2024-06-30,England,Cole Palmer,False,28.80000000000001
2024-06-30,England,Adam Wharton,False,0.0
2024-06-30,England,Kobbie Mainoo,True,83.15
2024-06-30,Slovakia,Martin Dúbravka,True,90.0
2024-06-30,Slovakia,Marek Rodák,False,0.0
2024-06-30,Slovakia,Stanislav Lobotka,True,108.43333333333334
2024-06-30,Slovakia,Milan Škriniar,True,90.0
2024-06-30,Slovakia,Lukáš Haraslín,True,60.46666666666667
2024-06-30,Slovakia,Ľubomír Tupta,False,0.03333333333333144
2024-06-30,Slovakia,Ondrej Duda,True,81.0
2024-06-30,Slovakia,Vernon De Marco Morlacchi,False,0.0
2024-06-30,Slovakia,Peter Pekarík,True,108.4
2024-06-30,Slovakia,Juraj Kucka,True,80.93333333333334
2024-06-30,Slovakia,László Bénes,False,11.549999999999997
2024-06-30,Slovakia,Matúš Bero,False,11.61666666666666
2024-06-30,Slovakia,Patrik Hrošovský,False,0.0
2024-06-30,Slovakia,Denis Vavro,True,89.46666666666667
2024-06-30,Slovakia,Dávid Hancko,True,108.43333333333334
2024-06-30,Slovakia,Norbert Gyömbér,False,0.28333333333333144
2024-06-30,Slovakia,Ivan Schranz,True,92.26666666666667
2024-06-30,Slovakia,Róbert Boženík,False,0.0
2024-06-30,Slovakia,Tomáš Suslov,False,29.249999999999986
2024-06-30,Slovakia,Henrich Ravas,False,0.0
2024-06-30,Slovakia,David Strelec,True,60.583333333333336
2024-06-30,Slovakia,Dávid Ďuriš,False,0.0
2024-06-30,Slovakia,Sebastián Kóša,False,0.0
2024-06-30,Slovakia,Tomáš Rigo,False,0.0
2024-06-30,Slovakia,Adam Obert,False,0.0
2024-06-30,Slovakia,Leo Sauer,False,0.0
2024-06-25,Denmark,Mathias Jørgensen Jatta,False,0.0
2024-06-25,Denmark,Christian Dannemann Eriksen,True,87.28333333333333
2024-06-25,Denmark,Pierre-Emile Højbjerg,True,90.0
2024-06-25,Denmark,Kasper Schmeichel,True,90.0
2024-06-25,Denmark,Andreas Christensen,True,90.0
2024-06-25,Denmark,Thomas Delaney,False,13.783333333333331
2024-06-25,Denmark,Simon Thorup Kjær,False,0.0
2024-06-25,Denmark,Yussuf Yurary Poulsen,False,2.7166666666666686
2024-06-25,Denmark,Kasper Dolberg,False,31.950000000000003
2024-06-25,Denmark,Christian Nørgaard,False,0.0
2024-06-25,Denmark,Joachim Andersen,True,90.0
2024-06-25,Denmark,Morten Hjulmand,True,76.21666666666667
2024-06-25,Denmark,Jannik Vestergaard,True,90.0
2024-06-25,Denmark,Jacob Bruun Larsen,False,0.0
2024-06-25,Denmark,Frederik Rønnow,False,0.0
2024-06-25,Denmark,Rasmus Nissen Kristensen,False,0.0
2024-06-25,Denmark,Joakim Mæhle,True,90.0
2024-06-25,Denmark,Andreas Skov Olsen,False,45.0
2024-06-25,Denmark,Mathias Jensen,False,0.0
2024-06-25,Denmark,Jonas Older Wind,True,45.0
2024-06-25,Denmark,Anders Dreyer,False,0.0
2024-06-25,Denmark,Mikkel Damsgaard,False,0.0
2024-06-25,Denmark,Alexander Hartmann Bah,True,76.23333333333333
2024-06-25,Denmark,Mads Hermansen,False,0.0
2024-06-25,Denmark,Rasmus Winther Højlund,True,58.05
2024-06-25,Denmark,Victor Bernth Kristansen,False,13.766666666666666
2024-06-25,Serbia,Dušan Tadić,False,45.0
2024-06-25,Serbia,Aleksandar Mitrović,True,89.38333333333334
2024-06-25,Serbia,Sergej Milinković-Savić,False,3.4166666666666714
2024-06-25,Serbia,Nikola Milenković,True,90.0
2024-06-25,Serbia,Andrija Živković,True,90.0
2024-06-25,Serbia,Luka Jović,False,45.0
2024-06-25,Serbia,Milos Veljkovic,True,90.0
2024-06-25,Serbia,Saša Lukić,True,86.58333333333333
2024-06-25,Serbia,Nemanja Maksimović,False,0.0
2024-06-25,Serbia,Filip Mladenović,False,17.0
2024-06-25,Serbia,Mijat Gaćinović,False,0.0
2024-06-25,Serbia,Predrag Rajković,True,90.0
2024-06-25,Serbia,Uroš Spajić,False,0.0
2024-06-25,Serbia,Nemanja Gudelj,True,45.0
2024-06-25,Serbia,Dušan Vlahović,False,23.016666666666666
2024-06-25,Serbia,Srđan Babić,False,0.0
2024-06-25,Serbia,Vanja Milinković Savić,False,0.0
2024-06-25,Serbia,Strahinja Pavlović,True,90.0
2024-06-25,Serbia,Veljko Birmančević,False,0.0
2024-06-25,Serbia,Ivan Ilić,True,66.98333333333333
2024-06-25,Serbia,Đorđe Petrović,False,0.0
2024-06-25,Serbia,Lazar Samardžić,True,45.0
2024-06-25,Serbia,Nemanja Stojić,False,0.0
2024-06-25,Serbia,Srđan Mijailović,True,73.0
2024-06-25,Serbia,Petar Ratkov,False,0.0
2024-06-24,Spain,Mikel Merino Zazón,True,90.0
2024-06-24,Spain,José Luis Sanmartín Mato,True,70.8
2024-06-24,Spain,Álvaro Borja Morata Martín,False,19.200000000000003
2024-06-24,Spain,David Raya Martin,True,90.0
2024-06-24,Spain,Aymeric Laporte,True,45.0
2024-06-24,Spain,Daniel Carvajal Ramos,False,0.0
2024-06-24,Spain,Fabián Ruiz Peña,False,0.0
2024-06-24,Spain,Mikel Oyarzabal Ugarte,True,61.21666666666667
2024-06-24,Spain,Ferrán Torres García,True,70.68333333333334
2024-06-24,Spain,Jesús Navas González,True,90.0
2024-06-24,Spain,Alejandro Grimaldo García,True,90.0
2024-06-24,Spain,Unai Simón Mendibil,False,0.0
2024-06-24,Spain,Daniel Olmo Carvajal,True,83.65
2024-06-24,Spain,Marc Cucurella Saseta,False,0.0
2024-06-24,Spain,Robin Aime Robert Le Normand,False,45.0
2024-06-24,Spain,Martín Zubimendi Ibáñez,True,90.0
2024-06-24,Spain,Pedro González López,False,0.0
2024-06-24,Spain,Alejandro Remiro Gargallo,False,0.0
2024-06-24,Spain,Alejandro Baena Rodríguez,False,6.349999999999994
2024-06-24,Spain,Daniel Vivian Moreno,True,90.0
2024-06-24,Spain,Nicholas Williams Arthuer,False,0.0
2024-06-24,Spain,Fermin Lopez Marin,False,28.78333333333333
2024-06-24,Spain,Lamine Yamal Nasraoui Ebana,False,19.316666666666663
2024-06-24,Albania,Iván Balliu Campeny,True,90.0
2024-06-24,Albania,Etrit Berisha,False,0.0
2024-06-24,Albania,Elseid Hysaj,False,0.0
2024-06-24,Albania,Berat Djimsiti,True,90.0
2024-06-24,Albania,Qazim Laçi,True,69.71666666666667
2024-06-24,Albania,Thomas Strakosha,True,90.0
2024-06-24,Albania,Arlind Afrim Ajeti,True,90.0
2024-06-24,Albania,Klaus Gjasula,False,0.0
2024-06-24,Albania,Amir Abrashi,False,0.0
2024-06-24,Albania,Rey Manaj,True,58.06666666666667
2024-06-24,Albania,Ylber Ramadani,True,90.0
2024-06-24,Albania,Ardian Ismajli,False,0.0
2024-06-24,Albania,Taulant Sulejmanov,False,0.0
2024-06-24,Albania,Marash Kumbulla,False,0.0
2024-06-24,Albania,Nedim Bajrami,True,69.85
2024-06-24,Albania,Elhan Kastrati,False,0.0
2024-06-24,Albania,Armando Broja,False,31.93333333333333
2024-06-24,Albania,Enea Mihaj,False,0.0
2024-06-24,Albania,Jasir Asani,True,80.95
2024-06-24,Albania,Naser Aliji,False,0.0
2024-06-24,Albania,Mario Mitaj,True,90.0
2024-06-24,Albania,Kristjan Asllani,True,90.0
2024-06-24,Albania,Ernest Muçi,False,9.049999999999997
2024-06-24,Albania,Arbër Hoxha,False,20.150000000000006
2024-06-24,Albania,Medon Berisha,False,20.28333333333333
2024-06-29,Denmark,Mathias Jørgensen Jatta,False,0.0
2024-06-29,Denmark,Christian Dannemann Eriksen,True,90.0
2024-06-29,Denmark,Pierre-Emile Højbjerg,True,90.0
2024-06-29,Denmark,Kasper Schmeichel,True,90.0
2024-06-29,Denmark,Andreas Christensen,True,80.61666666666667
2024-06-29,Denmark,Thomas Delaney,True,68.76666666666667
2024-06-29,Denmark,Simon Thorup Kjær,False,0.0
2024-06-29,Denmark,Yussuf Yurary Poulsen,False,21.183333333333337
2024-06-29,Denmark,Kasper Dolberg,False,0.0
2024-06-29,Denmark,Christian Nørgaard,False,21.233333333333334
2024-06-29,Denmark,Joachim Andersen,True,90.0
2024-06-29,Denmark,Jannik Vestergaard,True,90.0
2024-06-29,Denmark,Jacob Bruun Larsen,False,9.183333333333337
2024-06-29,Denmark,Frederik Rønnow,False,0.0
2024-06-29,Denmark,Rasmus Nissen Kristensen,False,0.0
2024-06-29,Denmark,Joakim Mæhle,True,90.0
2024-06-29,Denmark,Andreas Skov Olsen,True,68.81666666666666
2024-06-29,Denmark,Mathias Jensen,False,0.0
2024-06-29,Denmark,Jonas Older Wind,False,9.583333333333329
2024-06-29,Denmark,Anders Dreyer,False,0.0
2024-06-29,Denmark,Mikkel Damsgaard,False,0.0
2024-06-29,Denmark,Alexander Hartmann Bah,True,80.83333333333333
2024-06-29,Denmark,Mads Hermansen,False,0.0
2024-06-29,Denmark,Rasmus Winther Højlund,True,80.41666666666667
2024-06-29,Denmark,Victor Bernth Kristansen,False,9.166666666666671
2024-06-29,Germany,Leroy Sané,True,87.08333333333333
2024-06-29,Germany,Pascal Groß,False,0.0
2024-06-29,Germany,Antonio Rüdiger,True,90.0
2024-06-29,Germany,Emre Can,False,26.016666666666666
2024-06-29,Germany,Thomas Müller,False,0.0
2024-06-29,Germany,Manuel Neuer,True,90.0
2024-06-29,Germany,Toni Kroos,True,90.0
2024-06-29,Germany,Joshua Kimmich,True,90.0
2024-06-29,Germany,Benjamin Henrichs,False,9.849999999999994
2024-06-29,Germany,Oliver Baumann,False,0.0
2024-06-29,Germany,Waldemar Anton,False,2.9166666666666714
2024-06-29,Germany,Niclas Füllkrug,False,25.900000000000006
2024-06-29,Germany,Kai Havertz,True,89.36666666666667
2024-06-29,Germany,Robert Andrich,True,63.800000000000004
2024-06-29,Germany,İlkay Gündoğan,True,64.1
2024-06-29,Germany,David Raum,True,80.15
2024-06-29,Germany,Maximilian Mittelstädt,False,0.0
2024-06-29,Germany,Robin Koch,False,0.0
2024-06-29,Germany,Marc-André ter Stegen,False,0.0
2024-06-29,Germany,Chris Führich,False,0.0
2024-06-29,Germany,Nico Schlotterbeck,True,90.0
2024-06-29,Germany,Maximilian Beier,False,0.0
2024-06-29,Germany,Jamal Musiala,True,80.1
2024-06-29,Germany,Florian Wirtz,False,9.900000000000006
2024-06-29,Germany,Deniz Undav,False,0.0
2024-06-29,Switzerland,Granit Xhaka,True,90.0
2024-06-29,Switzerland,Xherdan Shaqiri,False,0.0
2024-06-29,Switzerland,Fabian Lukas Schär,True,90.0
2024-06-29,Switzerland,Denis Lemi Zakaria Lako Lado,False,0.0
2024-06-29,Switzerland,Ricardo Iván Rodríguez Araya,True,90.0
2024-06-29,Switzerland,Breel-Donald Embolo,True,76.75
2024-06-29,Switzerland,Steven Zuber,False,19.066666666666663
2024-06-29,Switzerland,Manuel Obafemi Akanji,True,90.0
2024-06-29,Switzerland,Yann Sommer,True,90.0
2024-06-29,Switzerland,Remo Freuler,True,90.0
2024-06-29,Switzerland,Nico Elvedi,False,0.0
2024-06-29,Switzerland,Vincent Sierro,False,13.566666666666663
2024-06-29,Switzerland,Yvon Landry Mvogo,False,0.0
2024-06-29,Switzerland,Renato Steffen,False,0.0
2024-06-29,Switzerland,Michel Aebischer,True,91.33333333333333
2024-06-29,Switzerland,Gregor Kobel,False,0.0
2024-06-29,Switzerland,Noah Okafor,False,0.0
2024-06-29,Switzerland,Leonidas Stergiou,False,19.183333333333337
2024-06-29,Switzerland,Cédric Zesiger,False,0.0
2024-06-29,Switzerland,Ruben Vargas,True,70.93333333333334
2024-06-29,Switzerland,Ardon Jashari,False,0.0
2024-06-29,Switzerland,Dan Ndoye,True,76.43333333333334
2024-06-29,Switzerland,Mohamed Zeki Amdouni,False,0.0
2024-06-29,Switzerland,Kwadwo Duah,False,13.25
2024-06-29,Switzerland,Fabian Rieder,True,70.81666666666666
2024-06-29,Italy,Matteo Darmian,True,74.1
2024-06-29,Italy,Alex Meret,False,0.0
2024-06-29,Italy,Lorenzo Pellegrini,False,15.86666666666666
2024-06-29,Italy,Stephan El Shaarawy,True,45.0
2024-06-29,Italy,Bryan Cristante,True,74.13333333333334
2024-06-29,Italy,Gianluca Mancini,True,90.0
2024-06-29,Italy,Jorge Luiz Frello Filho,False,0.0
2024-06-29,Italy,Gianluigi Donnarumma,True,90.0
2024-06-29,Italy,Federico Chiesa,True,90.0
2024-06-29,Italy,Alessandro Bastoni,True,90.0
2024-06-29,Italy,Nicolò Barella,True,63.05
2024-06-29,Italy,Mattia Zaccagni,False,45.0
2024-06-29,Italy,Gianluca Scamacca,True,90.0
2024-06-29,Italy,Giovanni Di Lorenzo,True,89.58333333333333
2024-06-29,Italy,Federico Dimarco,False,0.0
2024-06-29,Italy,Alessandro Buongiorno,False,0.0
2024-06-29,Italy,Giacomo Raspadori,False,0.0
2024-06-29,Italy,Raoul Bellanova,False,0.0
2024-06-29,Italy,Davide Frattesi,False,4.150000000000006
2024-06-29,Italy,Mateo Retegui,False,26.583333333333336
2024-06-29,Italy,Guglielmo Vicario,False,0.0
2024-06-29,Italy,Nicolò Fagioli,True,85.85
2024-06-29,Italy,Michael Ijemuan Folorunsho,False,0.0
2024-06-29,Italy,Andrea Cambiaso,False,15.900000000000006
2024-06-29,Italy,Federico Gatti,False,0.0
2024-06-23,Hungary,Ádám Lang,False,0.0
2024-06-23,Hungary,Callum Styles,True,60.55
2024-06-23,Hungary,Ádám Nagy,False,29.450000000000003
2024-06-23,Hungary,Willi Orban,True,90.0
2024-06-23,Hungary,Péter Gulácsi,True,90.0
2024-06-23,Hungary,Attila Fiola,False,0.0
2024-06-23,Hungary,Barnabás Varga,True,73.8
2024-06-23,Hungary,László Kleinheisler,False,0.0
2024-06-23,Hungary,Loïc Négo,False,0.0
2024-06-23,Hungary,Roland Sallai,True,90.0
2024-06-23,Hungary,Dominik Szoboszlai,True,90.0
2024-06-23,Hungary,Endre Botka,True,90.0
2024-06-23,Hungary,Dénes Dibusz,False,0.0
2024-06-23,Hungary,Botond Balogh,False,0.0
2024-06-23,Hungary,Krisztofer Horváth,False,0.0
2024-06-23,Hungary,Mihály Kata,False,0.0
2024-06-23,Hungary,Márton Dárdai,True,73.81666666666666
2024-06-23,Hungary,András Schäfer,True,90.0
2024-06-23,Hungary,Attila Szalai,False,16.183333333333337
2024-06-23,Hungary,Bendegúz Bolla,True,85.65
2024-06-23,Hungary,Dániel Gazdag,False,0.0
2024-06-23,Hungary,Zsolt Nagy,False,4.36666666666666
2024-06-23,Hungary,Milos Kerkez,True,85.63333333333334
2024-06-23,Hungary,Péter Szappanos,False,0.0
2024-06-23,Hungary,Martin Ádám,False,16.200000000000003
2024-06-23,Hungary,Kevin Csoboth,False,4.349999999999994
2024-06-23,Scotland,Scott McTominay,True,90.0
2024-06-23,Scotland,Andrew Robertson,True,88.21666666666667
2024-06-23,Scotland,Greg Taylor,False,0.0
2024-06-23,Scotland,Zander Clark,False,0.0
2024-06-23,Scotland,Che Adams,True,75.91666666666667
2024-06-23,Scotland,Kenneth McLean,False,7.049999999999997
2024-06-23,Scotland,Grant Campbell Hanley,True,89.61666666666666
2024-06-23,Scotland,Liam Cooper,False,0.0
2024-06-23,Scotland,John McGinn,True,75.8
2024-06-23,Scotland,Scott McKenna,True,90.0
2024-06-23,Scotland,Ryan Jack,False,0.0
2024-06-23,Scotland,Stuart Armstrong,False,14.200000000000003
2024-06-23,Scotland,Callum McGregor,True,89.35000000000001
2024-06-23,Scotland,James Forrest,False,0.0
2024-06-23,Scotland,Jack Hendry,True,90.0
2024-06-23,Scotland,Ross McCrorie,False,0.0
2024-06-23,Scotland,Ryan Christie,False,7.266666666666666
2024-06-23,Scotland,Liam Kelly,False,0.0
2024-06-23,Scotland,Lewis Morgan,False,1.7833333333333314
2024-06-23,Scotland,Anthony Ralston,True,82.95
2024-06-23,Scotland,Angus Gunn,True,90.0
2024-06-23,Scotland,Billy Gilmour,True,82.73333333333333
2024-06-23,Scotland,Lawrence Shankland,False,14.083333333333329
2024-06-23,Scotland,Tommy Conway,False,0.0
2024-06-21,France,Marcus Thuram,True,74.68333333333334
2024-06-21,France,Kylian Mbappé Lottin,False,0.0
2024-06-21,France,Adrien Rabiot,True,89.83333333333333
2024-06-21,France,Alphonse Areola,False,0.0
2024-06-21,France,Olivier Giroud,False,15.316666666666663
2024-06-21,France,Mike Maignan,True,90.0
2024-06-21,France,Ferland Mendy,False,0.0
2024-06-21,France,N'Golo Kanté,True,90.0
2024-06-21,France,Jules Koundé,True,90.0
2024-06-21,France,Brice Samba,False,0.0
2024-06-21,France,Benjamin Pavard,False,0.0
2024-06-21,France,Ousmane Dembélé,True,74.51666666666667
2024-06-21,France,Antoine Griezmann,True,90.0
2024-06-21,France,Theo Bernard François Hernández,True,90.0
2024-06-21,France,Jonathan Clauss,False,0.0
2024-06-21,France,Kingsley Coman,False,15.483333333333334
2024-06-21,France,Dayotchanculle Upamecano,True,90.0
2024-06-21,France,Aurélien Djani Tchouaméni,True,90.0
2024-06-21,France,Ibrahima Konaté,False,0.0
2024-06-21,France,Youssouf Fofana,False,0.0
2024-06-21,France,William Saliba,True,90.0
2024-06-21,France,Randal Kolo Muani,False,0.0
2024-06-21,France,Eduardo Camavinga,False,0.0
2024-06-21,France,Bradley Barcola,False,0.0
2024-06-21,France,Warren Zaire Emery,False,0.0
2024-06-21,Netherlands,Memphis Depay,True,78.28333333333333
2024-06-21,Netherlands,Nathan Aké,True,90.0
2024-06-21,Netherlands,Daley Blind,False,0.0
2024-06-21,Netherlands,Georginio Wijnaldum,False,17.650000000000006
2024-06-21,Netherlands,Virgil van Dijk,True,90.0
2024-06-21,Netherlands,Stefan de Vrij,True,90.0
2024-06-21,Netherlands,Wout Weghorst,False,11.716666666666669
2024-06-21,Netherlands,Matthijs de Ligt,False,0.0
2024-06-21,Netherlands,Denzel Dumfries,True,90.0
2024-06-21,Netherlands,Steven Bergwijn,False,0.0
2024-06-21,Netherlands,Jerdy Schouten,True,72.35
2024-06-21,Netherlands,Donyell Malen,False,0.0
2024-06-21,Netherlands,Justin Bijlow,False,0.0
2024-06-21,Netherlands,Cody Mathès Gakpo,True,90.0
2024-06-21,Netherlands,Tijjani Reijnders,True,90.0
2024-06-21,Netherlands,Joey Veerman,False,17.71666666666667
2024-06-21,Netherlands,Brian Brobbey,False,0.0
2024-06-21,Netherlands,Lutsharel Geertruida,False,17.683333333333337
2024-06-21,Netherlands,Ryan Gravenberch,False,0.0
2024-06-21,Netherlands,Mark Flekken,False,0.0
2024-06-21,Netherlands,Micky van de Ven,False,0.0
2024-06-21,Netherlands,Jeremie Frimpong,True,72.31666666666666
2024-06-21,Netherlands,Joshua Zirkzee,False,0.0
2024-06-21,Netherlands,Bart Verbruggen,True,90.0
2024-06-21,Netherlands,Ian Maatsen,False,0.0
2024-06-21,Netherlands,Xavi Simons,True,72.28333333333333
2024-06-20,Spain,Mikel Merino Zazón,False,0.0
2024-06-20,Spain,Ayoze Pérez Gutiérrez,False,12.88333333333334
2024-06-20,Spain,José Luis Sanmartín Mato,False,0.0
2024-06-20,Spain,Álvaro Borja Morata Martín,True,77.33333333333333
2024-06-20,Spain,David Raya Martin,False,0.0
2024-06-20,Spain,Aymeric Laporte,True,90.0
2024-06-20,Spain,José Ignacio Fernández Iglesias,False,0.0
2024-06-20,Spain,Daniel Carvajal Ramos,True,90.0
2024-06-20,Spain,Fabián Ruiz Peña,True,93.73333333333333
2024-06-20,Spain,Mikel Oyarzabal Ugarte,False,12.666666666666671
2024-06-20,Spain,Ferrán Torres García,False,19.183333333333337
2024-06-20,Spain,Rodrigo Hernández Cascante,True,90.0
2024-06-20,Spain,Jesús Navas González,False,0.0
2024-06-20,Spain,Alejandro Grimaldo García,False,0.0
2024-06-20,Spain,Unai Simón Mendibil,True,90.0
2024-06-20,Spain,Daniel Olmo Carvajal,False,0.0
2024-06-20,Spain,Marc Cucurella Saseta,True,90.0
2024-06-20,Spain,Robin Aime Robert Le Normand,True,90.0
2024-06-20,Spain,Martín Zubimendi Ibáñez,False,0.0
2024-06-20,Spain,Pedro González López,True,70.81666666666666
2024-06-20,Spain,Alejandro Remiro Gargallo,False,0.0
2024-06-20,Spain,Alejandro Baena Rodríguez,False,19.183333333333337
2024-06-20,Spain,Daniel Vivian Moreno,False,0.0
2024-06-20,Spain,Nicholas Williams Arthuer,True,77.11666666666666
2024-06-20,Spain,Fermin Lopez Marin,False,0.0
2024-06-20,Spain,Lamine Yamal Nasraoui Ebana,True,70.81666666666666
2024-06-20,Italy,Matteo Darmian,False,0.0
2024-06-20,Italy,Alex Meret,False,0.0
2024-06-20,Italy,Lorenzo Pellegrini,True,80.88333333333333
2024-06-20,Italy,Stephan El Shaarawy,False,0.0
2024-06-20,Italy,Bryan Cristante,False,45.0
2024-06-20,Italy,Gianluca Mancini,False,0.0
2024-06-20,Italy,Jorge Luiz Frello Filho,True,45.0
2024-06-20,Italy,Gianluigi Donnarumma,True,90.0
2024-06-20,Italy,Federico Chiesa,True,63.03333333333333
2024-06-20,Italy,Alessandro Bastoni,True,90.0
2024-06-20,Italy,Nicolò Barella,True,90.0
2024-06-20,Italy,Mattia Zaccagni,False,26.96666666666667
2024-06-20,Italy,Gianluca Scamacca,True,63.38333333333333
2024-06-20,Italy,Giovanni Di Lorenzo,True,90.0
2024-06-20,Italy,Federico Dimarco,True,90.0
2024-06-20,Italy,Alessandro Buongiorno,False,0.0
2024-06-20,Italy,Giacomo Raspadori,False,8.950000000000003
2024-06-20,Italy,Raoul Bellanova,False,0.0
2024-06-20,Italy,Davide Frattesi,True,45.0
2024-06-20,Italy,Mateo Retegui,False,26.616666666666667
2024-06-20,Italy,Guglielmo Vicario,False,0.0
2024-06-20,Italy,Nicolò Fagioli,False,0.0
2024-06-20,Italy,Riccardo Calafiori,True,90.0
2024-06-20,Italy,Michael Ijemuan Folorunsho,False,0.0
2024-06-20,Italy,Andrea Cambiaso,False,45.0
2024-06-20,Italy,Federico Gatti,False,0.0
2024-06-19,Albania,Iván Balliu Campeny,False,0.0
2024-06-19,Albania,Etrit Berisha,False,0.0
2024-06-19,Albania,Elseid Hysaj,True,90.0
2024-06-19,Albania,Berat Djimsiti,True,90.0
2024-06-19,Albania,Qazim Laçi,True,71.51666666666667
2024-06-19,Albania,Thomas Strakosha,True,90.0
2024-06-19,Albania,Arlind Afrim Ajeti,True,90.0
2024-06-19,Albania,Klaus Gjasula,False,18.483333333333334
2024-06-19,Albania,Amir Abrashi,False,0.0
2024-06-19,Albania,Rey Manaj,True,84.13333333333334
2024-06-19,Albania,Ylber Ramadani,True,84.18333333333334
2024-06-19,Albania,Ardian Ismajli,False,0.0
2024-06-19,Albania,Taulant Sulejmanov,False,26.866666666666667
2024-06-19,Albania,Marash Kumbulla,False,0.0
2024-06-19,Albania,Nedim Bajrami,True,90.0
2024-06-19,Albania,Elhan Kastrati,False,0.0
2024-06-19,Albania,Armando Broja,False,0.0
2024-06-19,Albania,Enea Mihaj,False,0.0
2024-06-19,Albania,Jasir Asani,True,63.13333333333333
2024-06-19,Albania,Naser Aliji,False,0.0
2024-06-19,Albania,Mario Mitaj,True,90.0
2024-06-19,Albania,Mirlind Daku,False,5.86666666666666
2024-06-19,Albania,Kristjan Asllani,True,90.0
2024-06-19,Albania,Ernest Muçi,False,0.0
2024-06-19,Albania,Arbër Hoxha,False,5.816666666666663
2024-06-19,Albania,Medon Berisha,False,0.0
2024-06-19,Croatia,Mateo Kovačić,True,90.0
2024-06-19,Croatia,Marko Pjaca,False,0.0
2024-06-19,Croatia,Andrej Kramarić,True,83.63333333333334
2024-06-19,Croatia,Luka Modrić,True,90.0
2024-06-19,Croatia,Domagoj Vida,False,0.0
2024-06-19,Croatia,Marcelo Brozović,True,45.0
2024-06-19,Croatia,Ivan Perišić,True,83.16666666666667
2024-06-19,Croatia,Bruno Petković,True,68.3
2024-06-19,Croatia,Ante Budimir,False,21.700000000000003
2024-06-19,Croatia,Marin Pongracic,False,0.0
2024-06-19,Croatia,Mario Pašalić,False,45.0
2024-06-19,Croatia,Borna Sosa,False,6.833333333333329
2024-06-19,Croatia,Dominik Livaković,True,90.0
2024-06-19,Croatia,Luka Ivanušec,False,0.0
2024-06-19,Croatia,Ivica Ivušić,False,0.0
2024-06-19,Croatia,Lovro Majer,True,45.0
2024-06-19,Croatia,Josip Juranović,True,90.0
2024-06-19,Croatia,Martin Erlić,False,0.0
2024-06-19,Croatia,Joško Gvardiol,True,90.0
2024-06-19,Croatia,Josip Šutalo,True,89.56666666666666
2024-06-19,Croatia,Luka Sučić,False,45.0
2024-06-19,Croatia,Nediljko Labrović,False,0.0
2024-06-19,Croatia,Josip Stanišić,False,0.0
2024-06-19,Croatia,Martin Baturina,False,6.36666666666666
2024-06-19,Croatia,Marco Pašalić,False,0.0
2024-06-19,Germany,Leroy Sané,False,32.516666666666666
2024-06-19,Germany,Pascal Groß,False,0.0
2024-06-19,Germany,Antonio Rüdiger,True,89.55000000000001
2024-06-19,Germany,Emre Can,False,19.349999999999994
2024-06-19,Germany,Thomas Müller,False,0.0
2024-06-19,Germany,Manuel Neuer,True,90.0
2024-06-19,Germany,Toni Kroos,True,90.0
2024-06-19,Germany,Joshua Kimmich,True,90.0
2024-06-19,Germany,Benjamin Henrichs,False,0.0
2024-06-19,Germany,Jonathan Tah,True,90.0
2024-06-19,Germany,Oliver Baumann,False,0.0
2024-06-19,Germany,Waldemar Anton,False,0.0
2024-06-19,Germany,Niclas Füllkrug,False,32.46666666666667
2024-06-19,Germany,Kai Havertz,True,57.53333333333333
2024-06-19,Germany,Robert Andrich,True,70.65
2024-06-19,Germany,İlkay Gündoğan,True,83.15
2024-06-19,Germany,David Raum,False,0.0
2024-06-19,Germany,Maximilian Mittelstädt,True,90.0
2024-06-19,Germany,Robin Koch,False,0.0
2024-06-19,Germany,Marc-André ter Stegen,False,0.0
2024-06-19,Germany,Chris Führich,False,18.766666666666666
2024-06-19,Germany,Nico Schlotterbeck,False,0.0
2024-06-19,Germany,Maximilian Beier,False,0.0
2024-06-19,Germany,Jamal Musiala,True,71.23333333333333
2024-06-19,Germany,Florian Wirtz,True,57.483333333333334
2024-06-19,Germany,Deniz Undav,False,6.849999999999994
2024-06-19,Hungary,Ádám Lang,False,0.0
2024-06-19,Hungary,Callum Styles,False,0.0
2024-06-19,Hungary,Ádám Nagy,True,63.38333333333333
2024-06-19,Hungary,Willi Orban,True,90.0
2024-06-19,Hungary,Péter Gulácsi,True,90.0
2024-06-19,Hungary,Attila Fiola,True,90.0
2024-06-19,Hungary,Barnabás Varga,True,86.41666666666667
2024-06-19,Hungary,László Kleinheisler,False,26.616666666666667
2024-06-19,Hungary,Loïc Négo,False,0.0
2024-06-19,Hungary,Roland Sallai,True,86.81666666666666
2024-06-19,Hungary,Dominik Szoboszlai,True,90.0
2024-06-19,Hungary,Endre Botka,False,0.0
2024-06-19,Hungary,Dénes Dibusz,False,0.0
2024-06-19,Hungary,Botond Balogh,False,0.0
2024-06-19,Hungary,Krisztofer Horváth,False,0.0
2024-06-19,Hungary,Mihály Kata,False,0.0
2024-06-19,Hungary,Márton Dárdai,True,90.0
2024-06-19,Hungary,András Schäfer,True,90.0
2024-06-19,Hungary,Attila Szalai,False,0.0
2024-06-19,Hungary,Bendegúz Bolla,True,74.78333333333333
2024-06-19,Hungary,Dániel Gazdag,False,3.5833333333333286
2024-06-19,Hungary,Zsolt Nagy,False,15.150000000000006
2024-06-19,Hungary,Milos Kerkez,True,74.36666666666666
2024-06-19,Hungary,Péter Szappanos,False,0.0
2024-06-19,Hungary,Martin Ádám,False,15.216666666666669
2024-06-19,Hungary,Kevin Csoboth,False,3.183333333333337
2024-06-17,France,Marcus Thuram,True,90.25
2024-06-17,France,Kylian Mbappé Lottin,True,88.76666666666667
2024-06-17,France,Adrien Rabiot,True,70.45
2024-06-17,France,Alphonse Areola,False,0.0
2024-06-17,France,Olivier Giroud,False,0.11666666666666003
2024-06-17,France,Mike Maignan,True,90.0
2024-06-17,France,Ferland Mendy,False,0.0
2024-06-17,France,N'Golo Kanté,True,90.25
2024-06-17,France,Jules Koundé,True,90.0
2024-06-17,France,Brice Samba,False,0.0
2024-06-17,France,Benjamin Pavard,False,0.0
2024-06-17,France,Ousmane Dembélé,True,70.01666666666667
2024-06-17,France,Antoine Griezmann,True,88.95
2024-06-17,France,Theo Bernard François Hernández,True,90.0
2024-06-17,France,Jonathan Clauss,False,0.0
2024-06-17,France,Kingsley Coman,False,0.0
2024-06-17,France,Dayotchanculle Upamecano,True,90.0
2024-06-17,France,Aurélien Djani Tchouaméni,False,0.0
2024-06-17,France,Ibrahima Konaté,False,0.0
2024-06-17,France,Youssouf Fofana,False,0.18333333333333712
2024-06-17,France,William Saliba,True,90.0
2024-06-17,France,Randal Kolo Muani,False,20.233333333333334
2024-06-17,France,Eduardo Camavinga,False,19.799999999999997
2024-06-17,France,Bradley Barcola,False,0.0
2024-06-17,France,Warren Zaire Emery,False,0.0
2024-06-17,Austria,Marko Arnautović,False,31.18333333333333
2024-06-17,Austria,Andreas Weimann,False,0.0
2024-06-17,Austria,Maximilian Wöber,True,58.65
2024-06-17,Austria,Michael Gregoritsch,True,58.81666666666667
2024-06-17,Austria,Florian Kainz,False,0.0
2024-06-17,Austria,Konrad Laimer,True,90.95
2024-06-17,Austria,Marcel Sabitzer,True,91.15
2024-06-17,Austria,Gernot Trauner,False,31.35
2024-06-17,Austria,Romano Schmid,False,0.0
2024-06-17,Austria,Philipp Lienhart,False,0.0
2024-06-17,Austria,Patrick Pentz,True,90.0
2024-06-17,Austria,Florian Grillitsch,True,59.016666666666666
2024-06-17,Austria,Kevin Danso,True,90.0
2024-06-17,Austria,Stefan Posch,True,90.0
2024-06-17,Austria,Philipp Mwene,True,87.93333333333334
2024-06-17,Austria,Christoph Baumgartner,True,91.15
2024-06-17,Austria,Heinz Lindner,False,0.0
2024-06-17,Austria,Patrick Wimmer,False,30.65
2024-06-17,Austria,Flavius Daniliuc,False,0.0
2024-06-17,Austria,Nicolas Seiwald,True,90.0
2024-06-17,Austria,Alexander Prass,False,2.066666666666663
2024-06-17,Austria,Niklas Hedl,False,0.0
2024-06-17,Austria,Marco Grüll,False,0.0
2024-06-17,Austria,Leopold Querfeld,False,0.0
2024-06-17,Austria,Matthias Seidl,False,0.0
2024-06-17,Austria,Maximilian Entrup,False,0.0
2024-06-17,Belgium,Youri Tielemans,False,16.13333333333334
2024-06-17,Belgium,Jan Vertonghen,False,0.0
2024-06-17,Belgium,Kevin De Bruyne,True,90.0
2024-06-17,Belgium,Romelu Lukaku Menama,True,90.0
2024-06-17,Belgium,Yannick Ferreira Carrasco,True,83.1
2024-06-17,Belgium,Axel Witsel,False,0.0
2024-06-17,Belgium,Timothy Castagne,True,90.0
2024-06-17,Belgium,Koen Casteels,True,90.0
2024-06-17,Belgium,Wout Faes,True,90.0
2024-06-17,Belgium,Orel Mangala,True,56.25
2024-06-17,Belgium,Matz Sels,False,0.0
2024-06-17,Belgium,Dodi Lukebakio,False,6.900000000000006
2024-06-17,Belgium,Ikoma Loïs Openda,False,6.933333333333337
2024-06-17,Belgium,Leandro Trossard,True,73.86666666666666
2024-06-17,Belgium,Jeremy Doku,True,83.06666666666666
2024-06-17,Belgium,Thomas Kaminski,False,0.0
2024-06-17,Belgium,Aster Vranckx,False,0.0
2024-06-17,Belgium,Charles De Ketelaere,False,0.0
2024-06-17,Belgium,Maxim De Cuyper,False,0.0
2024-06-17,Belgium,Arthur Theate,False,0.0
2024-06-17,Belgium,Amadou Onana,True,90.0
2024-06-17,Belgium,Johan Bakayoko,False,33.75
2024-06-17,Belgium,Zeno Debast,True,90.0
2024-06-17,Belgium,Arthur Vermeeren,False,0.0
2024-06-17,Slovakia,Martin Dúbravka,True,90.0
2024-06-17,Slovakia,Marek Rodák,False,0.0
2024-06-17,Slovakia,Stanislav Lobotka,True,93.86666666666666
2024-06-17,Slovakia,Milan Škriniar,True,93.86666666666666
2024-06-17,Slovakia,Lukáš Haraslín,True,69.35
2024-06-17,Slovakia,Ľubomír Tupta,False,0.0
2024-06-17,Slovakia,Ondrej Duda,True,93.8
2024-06-17,Slovakia,Vernon De Marco Morlacchi,False,0.0
2024-06-17,Slovakia,Peter Pekarík,True,93.86666666666666
2024-06-17,Slovakia,Juraj Kucka,True,93.86666666666666
2024-06-17,Slovakia,László Bénes,False,0.0
2024-06-17,Slovakia,Matúš Bero,False,0.0
2024-06-17,Slovakia,Patrik Hrošovský,False,0.0
2024-06-17,Slovakia,Denis Vavro,True,90.0
2024-06-17,Slovakia,Dávid Hancko,True,92.13333333333333
2024-06-17,Slovakia,Norbert Gyömbér,False,0.0
2024-06-17,Slovakia,Ivan Schranz,True,80.35
2024-06-17,Slovakia,Róbert Boženík,True,69.18333333333334
2024-06-17,Slovakia,Tomáš Suslov,False,20.650000000000006
2024-06-17,Slovakia,Henrich Ravas,False,0.0
2024-06-17,Slovakia,David Strelec,False,20.816666666666663
2024-06-17,Slovakia,Dávid Ďuriš,False,9.650000000000006
2024-06-17,Slovakia,Sebastián Kóša,False,0.0
2024-06-17,Slovakia,Tomáš Rigo,False,0.0
2024-06-17,Slovakia,Adam Obert,False,0.06666666666666288
2024-06-17,Slovakia,Leo Sauer,False,0.0
2024-06-15,Albania,Iván Balliu Campeny,False,0.0
2024-06-15,Albania,Etrit Berisha,False,0.0
2024-06-15,Albania,Elseid Hysaj,True,90.0
2024-06-15,Albania,Berat Djimsiti,True,90.0
2024-06-15,Albania,Qazim Laçi,False,22.11666666666666
2024-06-15,Albania,Thomas Strakosha,True,90.0
2024-06-15,Albania,Arlind Afrim Ajeti,True,90.0
2024-06-15,Albania,Klaus Gjasula,False,0.0
2024-06-15,Albania,Amir Abrashi,False,0.0
2024-06-15,Albania,Rey Manaj,False,14.516666666666666
2024-06-15,Albania,Ylber Ramadani,True,90.0
2024-06-15,Albania,Ardian Ismajli,False,0.0
2024-06-15,Albania,Taulant Sulejmanov,True,67.88333333333334
2024-06-15,Albania,Marash Kumbulla,False,0.0
2024-06-15,Albania,Nedim Bajrami,True,86.01666666666667
2024-06-15,Albania,Elhan Kastrati,False,0.0
2024-06-15,Albania,Armando Broja,True,75.48333333333333
2024-06-15,Albania,Enea Mihaj,False,0.0
2024-06-15,Albania,Jasir Asani,True,67.61666666666666
2024-06-15,Albania,Naser Aliji,False,0.0
2024-06-15,Albania,Mario Mitaj,True,90.0
2024-06-15,Albania,Mirlind Daku,False,0.0
2024-06-15,Albania,Kristjan Asllani,True,90.0
2024-06-15,Albania,Ernest Muçi,False,3.9833333333333343
2024-06-15,Albania,Arbër Hoxha,False,22.38333333333334
2024-06-15,Albania,Medon Berisha,False,0.0
2024-06-15,Italy,Matteo Darmian,False,7.849999999999994
2024-06-15,Italy,Alex Meret,False,0.0
2024-06-15,Italy,Lorenzo Pellegrini,True,76.6
2024-06-15,Italy,Stephan El Shaarawy,False,0.0
2024-06-15,Italy,Bryan Cristante,False,13.400000000000006
2024-06-15,Italy,Gianluca Mancini,False,0.0
2024-06-15,Italy,Jorge Luiz Frello Filho,True,90.0
2024-06-15,Italy,Gianluigi Donnarumma,True,90.0
2024-06-15,Italy,Federico Chiesa,True,76.13333333333334
2024-06-15,Italy,Alessandro Bastoni,True,89.56666666666666
2024-06-15,Italy,Nicolò Barella,True,91.51666666666667
2024-06-15,Italy,Mattia Zaccagni,False,0.0
2024-06-15,Italy,Gianluca Scamacca,True,81.88333333333334
2024-06-15,Italy,Giovanni Di Lorenzo,True,90.0
2024-06-15,Italy,Federico Dimarco,True,82.15
2024-06-15,Italy,Alessandro Buongiorno,False,0.0
2024-06-15,Italy,Giacomo Raspadori,False,0.0
2024-06-15,Italy,Raoul Bellanova,False,0.0
2024-06-15,Italy,Davide Frattesi,True,90.0
2024-06-15,Italy,Mateo Retegui,False,8.11666666666666
2024-06-15,Italy,Guglielmo Vicario,False,0.0
2024-06-15,Italy,Nicolò Fagioli,False,0.0
2024-06-15,Italy,Riccardo Calafiori,True,90.0
2024-06-15,Italy,Michael Ijemuan Folorunsho,False,0.0
2024-06-15,Italy,Andrea Cambiaso,False,13.533333333333331
2024-06-15,Italy,Federico Gatti,False,0.0
2024-06-26,Slovakia,Martin Dúbravka,True,90.0
2024-06-26,Slovakia,Marek Rodák,False,0.0
2024-06-26,Slovakia,Stanislav Lobotka,True,90.0
2024-06-26,Slovakia,Milan Škriniar,True,90.0
2024-06-26,Slovakia,Lukáš Haraslín,True,69.61666666666666
2024-06-26,Slovakia,Ľubomír Tupta,False,0.0
2024-06-26,Slovakia,Ondrej Duda,True,91.43333333333334
2024-06-26,Slovakia,Vernon De Marco Morlacchi,False,0.0
2024-06-26,Slovakia,Peter Pekarík,True,91.25
2024-06-26,Slovakia,Juraj Kucka,True,90.0
2024-06-26,Slovakia,László Bénes,False,0.0
2024-06-26,Slovakia,Matúš Bero,False,0.0
2024-06-26,Slovakia,Patrik Hrošovský,False,0.0
2024-06-26,Slovakia,Denis Vavro,True,90.0
2024-06-26,Slovakia,Dávid Hancko,True,90.0
2024-06-26,Slovakia,Norbert Gyömbér,False,0.0
2024-06-26,Slovakia,Ivan Schranz,True,76.71666666666667
2024-06-26,Slovakia,Róbert Boženík,False,20.28333333333333
2024-06-26,Slovakia,Tomáš Suslov,False,20.38333333333334
2024-06-26,Slovakia,Henrich Ravas,False,0.0
2024-06-26,Slovakia,David Strelec,True,69.71666666666667
2024-06-26,Slovakia,Dávid Ďuriš,False,13.283333333333331
2024-06-26,Slovakia,Sebastián Kóša,False,0.0
2024-06-26,Slovakia,Tomáš Rigo,False,0.0
2024-06-26,Slovakia,Adam Obert,False,0.0
2024-06-26,Slovakia,Leo Sauer,False,0.0
2024-06-26,Romania,George Alexandru Puşcaş,False,23.950000000000003
2024-06-26,Romania,Denis Alibec,False,0.0
2024-06-26,Romania,Nicolae Claudiu Stanciu,True,90.0
2024-06-26,Romania,Răzvan Gabriel Marin,True,85.41666666666667
2024-06-26,Romania,Andrei Florin Ratiu,True,90.0
2024-06-26,Romania,Florin Constantin Niţă,True,90.0
2024-06-26,Romania,Ianis Hagi,True,65.85
2024-06-26,Romania,Vasile Mogoș,False,0.0
2024-06-26,Romania,Marius Mihai Marin,True,90.0
2024-06-26,Romania,Denis Mihai Drăguş,True,66.05
2024-06-26,Romania,Andrei Burcă Andonie,True,90.0
2024-06-26,Romania,Florinel Teodor Coman,True,57.85
2024-06-26,Romania,Nicușor Silviu Bancu,True,90.0
2024-06-26,Romania,Ionuţ Nedelcearu,False,0.0
2024-06-26,Romania,Adrián Rus,False,4.583333333333329
2024-06-26,Romania,Radu Drăgușin,True,90.0
2024-06-26,Romania,Bogdan Racovițan,False,0.0
2024-06-26,Romania,Alexandru Cicâldău,False,0.0
2024-06-26,Romania,Dennis Man,False,24.150000000000006
2024-06-26,Romania,Valentin Mihai Mihăilă,False,0.0
2024-06-26,Romania,Darius Dumitru Olaru,False,0.0
2024-06-26,Romania,Horaţiu Alexandru Moldovan,False,0.0
2024-06-26,Romania,Deian Cristian Sorescu,False,32.15
2024-06-26,Romania,Ștefan Târnovanu,False,0.0
2024-06-26,Romania,Adrian Gheorghe Șut,False,0.0
2024-06-26,Romania,Daniel George Birligea,False,0.0
2024-06-22,Belgium,Youri Tielemans,True,71.16666666666667
2024-06-22,Belgium,Jan Vertonghen,True,90.0
2024-06-22,Belgium,Kevin De Bruyne,True,90.0
2024-06-22,Belgium,Romelu Lukaku Menama,True,90.0
2024-06-22,Belgium,Yannick Ferreira Carrasco,False,18.299999999999997
2024-06-22,Belgium,Timothy Castagne,True,90.0
2024-06-22,Belgium,Koen Casteels,True,90.0
2024-06-22,Belgium,Wout Faes,True,90.0
2024-06-22,Belgium,Orel Mangala,False,18.83333333333333
2024-06-22,Belgium,Matz Sels,False,0.0
2024-06-22,Belgium,Dodi Lukebakio,True,55.25
2024-06-22,Belgium,Ikoma Loïs Openda,False,0.0
2024-06-22,Belgium,Leandro Trossard,False,34.75
2024-06-22,Belgium,Jeremy Doku,True,71.5
2024-06-22,Belgium,Thomas Kaminski,False,0.0
2024-06-22,Belgium,Aster Vranckx,False,0.0
2024-06-22,Belgium,Charles De Ketelaere,False,0.0
2024-06-22,Belgium,Maxim De Cuyper,False,0.0
2024-06-22,Belgium,Arthur Theate,True,75.91666666666667
2024-06-22,Belgium,Amadou Onana,True,90.0
2024-06-22,Belgium,Johan Bakayoko,False,0.0
2024-06-22,Belgium,Zeno Debast,False,14.083333333333329
2024-06-22,Belgium,Arthur Vermeeren,False,0.0
2024-06-22,Romania,George Alexandru Puşcaş,False,0.0
2024-06-22,Romania,Denis Alibec,False,9.766666666666666
2024-06-22,Romania,Nicolae Claudiu Stanciu,True,90.0
2024-06-22,Romania,Răzvan Gabriel Marin,True,90.0
2024-06-22,Romania,Andrei Florin Ratiu,True,88.8
2024-06-22,Romania,Florin Constantin Niţă,True,90.0
2024-06-22,Romania,Ianis Hagi,False,22.933333333333337
2024-06-22,Romania,Vasile Mogoș,False,0.0
2024-06-22,Romania,Marius Mihai Marin,True,66.88333333333334
2024-06-22,Romania,Denis Mihai Drăguş,True,80.23333333333333
2024-06-22,Romania,Andrei Burcă Andonie,True,90.0
2024-06-22,Romania,Florinel Teodor Coman,False,0.0
2024-06-22,Romania,Nicușor Silviu Bancu,True,90.0
2024-06-22,Romania,Ionuţ Nedelcearu,False,0.0
2024-06-22,Romania,Adrián Rus,False,0.0
2024-06-22,Romania,Radu Drăgușin,True,90.0
2024-06-22,Romania,Bogdan Racovițan,False,0.0
2024-06-22,Romania,Alexandru Cicâldău,False,0.0
2024-06-22,Romania,Dennis Man,True,90.0
2024-06-22,Romania,Valentin Mihai Mihăilă,True,66.31666666666666
2024-06-22,Romania,Darius Dumitru Olaru,False,23.11666666666666
2024-06-22,Romania,Horaţiu Alexandru Moldovan,False,0.0
2024-06-22,Romania,Deian Cristian Sorescu,False,1.2000000000000028
2024-06-22,Romania,Ștefan Târnovanu,False,0.0
2024-06-22,Romania,Adrian Gheorghe Șut,False,0.0
2024-06-22,Romania,Daniel George Birligea,False,0.0
2024-06-14,Germany,Leroy Sané,False,27.96666666666667
2024-06-14,Germany,Pascal Groß,False,45.0
2024-06-14,Germany,Antonio Rüdiger,True,90.0
2024-06-14,Germany,Emre Can,False,9.966666666666669
2024-06-14,Germany,Thomas Müller,False,16.733333333333334
2024-06-14,Germany,Manuel Neuer,True,90.0
2024-06-14,Germany,Toni Kroos,True,80.03333333333333
2024-06-14,Germany,Joshua Kimmich,True,90.0
2024-06-14,Germany,Benjamin Henrichs,False,0.0
2024-06-14,Germany,Jonathan Tah,True,90.0
2024-06-14,Germany,Oliver Baumann,False,0.0
2024-06-14,Germany,Waldemar Anton,False,0.0
2024-06-14,Germany,Niclas Füllkrug,False,27.633333333333333
2024-06-14,Germany,Kai Havertz,True,62.36666666666667
2024-06-14,Germany,Robert Andrich,True,45.0
2024-06-14,Germany,İlkay Gündoğan,True,90.0
2024-06-14,Germany,David Raum,False,0.0
2024-06-14,Germany,Maximilian Mittelstädt,True,90.0
2024-06-14,Germany,Robin Koch,False,0.0
2024-06-14,Germany,Marc-André ter Stegen,False,0.0
2024-06-14,Germany,Chris Führich,False,0.0
2024-06-14,Germany,Nico Schlotterbeck,False,0.0
2024-06-14,Germany,Maximilian Beier,False,0.0
2024-06-14,Germany,Jamal Musiala,True,73.26666666666667
2024-06-14,Germany,Florian Wirtz,True,62.03333333333333
2024-06-14,Germany,Deniz Undav,False,0.0
2024-06-14,Scotland,Scott McTominay,True,90.0
2024-06-14,Scotland,Andrew Robertson,True,90.0
2024-06-14,Scotland,Greg Taylor,False,0.0
2024-06-14,Scotland,Zander Clark,False,0.0
2024-06-14,Scotland,Che Adams,True,45.0
2024-06-14,Scotland,Kenneth McLean,False,23.38333333333334
2024-06-14,Scotland,Grant Campbell Hanley,False,45.0
2024-06-14,Scotland,Liam Cooper,False,0.0
2024-06-14,Scotland,John McGinn,True,66.61666666666666
2024-06-14,Scotland,Scott McKenna,False,13.650000000000006
2024-06-14,Scotland,Ryan Jack,False,0.0
2024-06-14,Scotland,Stuart Armstrong,False,0.0
2024-06-14,Scotland,Callum McGregor,True,66.43333333333334
2024-06-14,Scotland,James Forrest,False,0.0
2024-06-14,Scotland,Kieran Tierney,True,76.35
2024-06-14,Scotland,Jack Hendry,True,90.0
2024-06-14,Scotland,Ross McCrorie,False,0.0
2024-06-14,Scotland,Ryan Christie,True,80.9
2024-06-14,Scotland,Liam Kelly,False,0.0
2024-06-14,Scotland,Lewis Morgan,False,0.0
2024-06-14,Scotland,Ryan Porteous,True,86.11666666666667
2024-06-14,Scotland,Anthony Ralston,True,90.0
2024-06-14,Scotland,Angus Gunn,True,90.0
2024-06-14,Scotland,Billy Gilmour,False,23.566666666666663
2024-06-14,Scotland,Lawrence Shankland,False,9.099999999999994
2024-06-14,Scotland,Tommy Conway,False,0.0
2021-06-17,Ukraine,Oleksandr Zinchenko,True,90.0
2021-06-17,Ukraine,Eduard Sobol,False,0.0
2021-06-17,Ukraine,Andriy Yarmolenko,True,69.35
2021-06-17,Ukraine,Andriy Pyatov,False,0.0
2021-06-17,Ukraine,Taras Stepanenko,True,90.0
2021-06-17,Ukraine,Evgeny Makarenko,False,0.0
2021-06-17,Ukraine,Viktor Tsygankov,False,20.650000000000006
2021-06-17,Ukraine,Serhii Sydorchuk,False,12.016666666666666
2021-06-17,Ukraine,Ruslan Malinovskiy,True,91.28333333333333
2021-06-17,Ukraine,Marlos Romero Bonfim,False,0.0
2021-06-17,Ukraine,Mykola Matvienko,True,90.0
2021-06-17,Ukraine,Serhiy Kryvtsov,False,0.0
2021-06-17,Ukraine,Artem Besedin,False,20.41666666666667
2021-06-17,Ukraine,Vitalii Mykolenko,True,90.0
2021-06-17,Ukraine,Mykola Shaparenko,True,77.98333333333333
2021-06-17,Ukraine,Heorhii Bushchan,True,90.0
2021-06-17,Ukraine,Roman Yaremchuk,True,69.58333333333333
2021-06-17,Ukraine,Artem Dovbyk,False,0.0
2021-06-17,Ukraine,Oleksandr Karavaev,True,90.0
2021-06-17,Ukraine,Anatolii Trubin,False,0.0
2021-06-17,Ukraine,Georgiy Sudakov,False,0.0
2021-06-17,Ukraine,Illia Zabarnyi,True,90.0
2021-06-17,Ukraine,Oleksandr Tymchyk,False,0.0
2021-06-17,North Macedonia,Ezgjan Alioski,True,90.0
2021-06-17,North Macedonia,Enis Bardhi,True,76.96666666666667
2021-06-17,North Macedonia,Goran Pandev,True,90.0
2021-06-17,North Macedonia,Stefan Ristovski,True,90.0
2021-06-17,North Macedonia,Eljif Elmas,True,90.0
2021-06-17,North Macedonia,Ivan Trichkovski,False,5.63333333333334
2021-06-17,North Macedonia,Boban Nikolov,True,45.0
2021-06-17,North Macedonia,Arijan Ademi,True,84.36666666666666
2021-06-17,North Macedonia,Stole Dimitrievski,True,90.0
2021-06-17,North Macedonia,Darko Churlinov,False,45.0
2021-06-17,North Macedonia,Aleksandar Trajkovski,False,45.0
2021-06-17,North Macedonia,Darko Velkovski,True,84.36666666666666
2021-06-17,North Macedonia,Ferhan Hasani,False,0.0
2021-06-17,North Macedonia,Tihomir Kostadinov,False,0.0
2021-06-17,North Macedonia,Milan Ristovski,False,0.0
2021-06-17,North Macedonia,Visar Musliu,True,90.0
2021-06-17,North Macedonia,Damjan Shishkovski,False,0.0
2021-06-17,North Macedonia,Stefan Spirovski,True,45.0
2021-06-17,North Macedonia,Kire Ristevski,False,5.63333333333334
2021-06-17,North Macedonia,Egzon Bejtulai,False,0.0
2021-06-17,North Macedonia,Daniel Avramovski,False,13.033333333333331
2021-06-17,North Macedonia,Marjan Radeski,False,0.0
2021-06-17,North Macedonia,Risto Jankov,False,0.0
2021-06-23,Portugal,Anthony Lopes,False,0.0
2021-06-23,Portugal,João Filipe Iria Santos Moutinho,True,72.2
2021-06-23,Portugal,Bernardo Mota Veiga de Carvalho e Silva,True,71.91666666666667
2021-06-23,Portugal,Renato Júnior Luz Sanches,True,87.0
2021-06-23,Portugal,José Miguel da Rocha Fonte,False,0.0
2021-06-23,Portugal,Bruno Miguel Borges Fernandes,False,18.08333333333333
2021-06-23,Portugal,Rui Pedro dos Santos Patrício,True,90.0
2021-06-23,Portugal,Rúben Santos Gato Alves Dias,True,90.0
2021-06-23,Portugal,Cristiano Ronaldo dos Santos Aveiro,True,90.0
2021-06-23,Portugal,Raphaël Adelino José Guerreiro,True,90.0
2021-06-23,Portugal,William Silva de Carvalho,False,0.0
2021-06-23,Portugal,André Miguel Valente Silva,False,0.0
2021-06-23,Portugal,Nélson Cabral Semedo,True,78.8
2021-06-23,Portugal,Rúben Diogo Da Silva Neves,False,17.799999999999997
2021-06-23,Portugal,Diogo José Teixeira da Silva,True,90.0
2021-06-23,Portugal,Rafael Alexandre Fernandes Ferreira da Silva,False,0.0
2021-06-23,Portugal,Sérgio Miguel Relvas Gonçalves Pereira de Oliveira,False,3.0
2021-06-23,Portugal,João Félix Sequeira,False,0.0
2021-06-23,Portugal,João Maria Lobo Alves Palhinha Gonçalves,False,45.0
2021-06-23,Portugal,Danilo Luís Hélio Pereira,True,45.0
2021-06-23,Portugal,José Diogo Dalot Teixeira,False,11.200000000000003
2021-06-23,Portugal,Kléper Laveran Lima Ferreira,True,90.0
2021-06-23,Portugal,Rui Tiago Dantas da Silva,False,0.0
2021-06-23,France,Presnel Kimpembe,True,90.0
2021-06-23,France,Kylian Mbappé Lottin,True,91.15
2021-06-23,France,Adrien Rabiot,False,38.733333333333334
2021-06-23,France,Moussa Sissoko,False,5.0
2021-06-23,France,Hugo Lloris,True,90.0
2021-06-23,France,Thomas Lemar,False,0.0
2021-06-23,France,Kurt Happy Zouma,False,0.0
2021-06-23,France,Steve Mandanda,False,0.0
2021-06-23,France,Olivier Giroud,False,0.0
2021-06-23,France,Mike Maignan,False,0.0
2021-06-23,France,N'Golo Kanté,True,90.0
2021-06-23,France,Jules Koundé,True,90.0
2021-06-23,France,Benjamin Pavard,False,0.0
2021-06-23,France,Corentin Tolisso,True,65.25
2021-06-23,France,Lucas Hernández Pi,True,45.0
2021-06-23,France,Raphaël Varane,True,90.0
2021-06-23,France,Antoine Griezmann,True,86.15
2021-06-23,France,Wissam Ben Yedder,False,0.0
2021-06-23,France,Clément Lenglet,False,0.0
2021-06-23,France,Lucas Digne,False,6.266666666666666
2021-06-23,France,Kingsley Coman,False,25.900000000000006
2021-06-23,France,Karim Benzema,True,91.15
2021-06-23,France,Paul Pogba,True,90.0
2021-06-20,Switzerland,Granit Xhaka,True,90.0
2021-06-20,Switzerland,Xherdan Shaqiri,True,75.0
2021-06-20,Switzerland,Fabian Lukas Schär,False,0.0
2021-06-20,Switzerland,Denis Lemi Zakaria Lako Lado,False,0.0
2021-06-20,Switzerland,Haris Seferović,True,74.63333333333334
2021-06-20,Switzerland,Ricardo Iván Rodríguez Araya,True,90.0
2021-06-20,Switzerland,Breel-Donald Embolo,True,85.05
2021-06-20,Switzerland,Steven Zuber,True,84.73333333333333
2021-06-20,Switzerland,Manuel Obafemi Akanji,True,90.0
2021-06-20,Switzerland,Yann Sommer,True,90.0
2021-06-20,Switzerland,Mario Gavranović,False,15.36666666666666
2021-06-20,Switzerland,Remo Freuler,True,90.0
2021-06-20,Switzerland,Silvan Widmer,True,91.2
2021-06-20,Switzerland,Admir Mehmedi,False,4.950000000000003
2021-06-20,Switzerland,Nico Elvedi,True,90.0
2021-06-20,Switzerland,Yvon Landry Mvogo,False,0.0
2021-06-20,Switzerland,Loris Benito,False,5.266666666666666
2021-06-20,Switzerland,Christian Fassnacht,False,0.0
2021-06-20,Switzerland,Djibril Sow,False,0.0
2021-06-20,Switzerland,Kevin Mbabu,False,0.0
2021-06-20,Switzerland,Gregor Kobel,False,0.0
2021-06-20,Switzerland,Eray Ervin Cömert,False,0.0
2021-06-20,Switzerland,Ruben Vargas,False,15.0
2021-06-20,Turkey,Enes Ünal,False,0.0
2021-06-20,Turkey,Cengiz Ünder,True,79.66666666666667
2021-06-20,Turkey,Hakan Çalhanoğlu,True,85.18333333333334
2021-06-20,Turkey,Kenan Karaman,False,10.333333333333329
2021-06-20,Turkey,Caglar Söyüncü,True,90.0
2021-06-20,Turkey,Mehmet Zeki Çelik,True,90.0
2021-06-20,Turkey,Mert Müldür,True,90.0
2021-06-20,Turkey,Burak Yılmaz,True,90.0
2021-06-20,Turkey,Ozan Tufan,True,62.55
2021-06-20,Turkey,Kaan Ayhan,True,62.5
2021-06-20,Turkey,Okay Yokuşlu,False,27.5
2021-06-20,Turkey,Ozan Muhammed Kabak,False,0.0
2021-06-20,Turkey,Dorukhan Toköz,False,4.816666666666663
2021-06-20,Turkey,İbrahim Halil Dervişoğlu,False,0.0
2021-06-20,Turkey,Orkun Kökçü,False,10.333333333333329
2021-06-20,Turkey,Merih Demiral,True,90.0
2021-06-20,Turkey,Yusuf Yazıcı,False,27.450000000000003
2021-06-20,Turkey,Fehmi Mert Günok,False,0.0
2021-06-20,Turkey,İrfan Can Kahveci,True,79.66666666666667
2021-06-20,Turkey,Uğurcan Çakır,True,90.0
2021-06-20,Turkey,Altay Bayındır,False,0.0
2021-06-20,Turkey,Taylan Antalyalı,False,0.0
2021-06-20,Turkey,Rıdvan Yılmaz,False,0.0
2021-06-18,Sweden,Karl-Johan Johnsson,False,0.0
2021-06-18,Sweden,Victor Nilsson Lindelöf,True,90.0
2021-06-18,Sweden,Pontus Jansson,False,0.0
2021-06-18,Sweden,Gustav Svensson,False,2.433333333333337
2021-06-18,Sweden,Mikael Lustig,True,90.0
2021-06-18,Sweden,Viktor Claesson,False,26.46666666666667
2021-06-18,Sweden,Sebastian Larsson,True,90.0
2021-06-18,Sweden,Ludwig Augustinsson,True,87.81666666666666
2021-06-18,Sweden,Robin Olsen,True,90.0
2021-06-18,Sweden,Albin Ekdal,True,87.56666666666666
2021-06-18,Sweden,Emil Peter Forsberg,True,92.48333333333333
2021-06-18,Sweden,Emil Krafth,False,0.0
2021-06-18,Sweden,Filip Helander,False,0.0
2021-06-18,Sweden,Robin Quaison,False,26.133333333333333
2021-06-18,Sweden,Alexander Isak,True,90.0
2021-06-18,Sweden,Kristoffer Nordfeldt,False,0.0
2021-06-18,Sweden,Ken Sema,False,0.0
2021-06-18,Sweden,Marcus Berg,True,63.86666666666667
2021-06-18,Sweden,Pierre Bengtsson,False,2.183333333333337
2021-06-18,Sweden,Dejan Kulusevski,False,0.0
2021-06-18,Sweden,Kristoffer Olsson,True,63.53333333333333
2021-06-18,Sweden,Jens-Lys Michel Cajuste,False,0.0
2021-06-18,Sweden,Marcus Andreas Danielsson,True,90.0
2021-06-18,Slovakia,Martin Dúbravka,True,90.0
2021-06-18,Slovakia,Marek Rodák,False,0.0
2021-06-18,Slovakia,Tomáš Hubočan,True,84.01666666666667
2021-06-18,Slovakia,Stanislav Lobotka,False,0.0
2021-06-18,Slovakia,Milan Škriniar,True,90.0
2021-06-18,Slovakia,Marek Hamšík,True,76.18333333333334
2021-06-18,Slovakia,Dušan Kuciak,False,0.0
2021-06-18,Slovakia,Lukáš Haraslín,False,26.083333333333336
2021-06-18,Slovakia,Ondrej Duda,True,90.0
2021-06-18,Slovakia,Peter Pekarík,True,63.916666666666664
2021-06-18,Slovakia,Juraj Kucka,True,90.0
2021-06-18,Slovakia,Vladimír Weiss,False,14.049999999999997
2021-06-18,Slovakia,Michal Ďuriš,False,6.216666666666669
2021-06-18,Slovakia,László Bénes,False,13.816666666666663
2021-06-18,Slovakia,Patrik Hrošovský,True,83.78333333333333
2021-06-18,Slovakia,Ján Greguš,False,0.0
2021-06-18,Slovakia,Róbert Mak,True,75.95
2021-06-18,Slovakia,Dávid Hancko,False,5.983333333333334
2021-06-18,Slovakia,Jakub Hromada,False,0.0
2021-06-18,Slovakia,Martin Valjent,False,0.0
2021-06-18,Slovakia,Martin Koscelník,True,90.0
2021-06-18,Slovakia,Ľubomír Šatka,True,90.0
2021-06-18,Slovakia,Róbert Boženík,False,0.0
2021-06-18,Czech Republic,Tomáš Koubek,False,0.0
2021-06-18,Czech Republic,Matěj Vydra,False,0.0
2021-06-18,Czech Republic,Tomáš Souček,True,90.0
2021-06-18,Czech Republic,Jan Bořil,True,90.0
2021-06-18,Czech Republic,Patrik Schick,True,74.1
2021-06-18,Czech Republic,Antonín Barák,False,3.299999999999997
2021-06-18,Czech Republic,Jakub Jankto,True,73.68333333333334
2021-06-18,Czech Republic,Vladimír Darida,True,86.7
2021-06-18,Czech Republic,Pavel Kadeřábek,False,0.0
2021-06-18,Czech Republic,Tomáš Vaclík,True,90.0
2021-06-18,Czech Republic,Tomáš Kalas,True,90.0
2021-06-18,Czech Republic,Michael Krmenčík,False,15.900000000000006
2021-06-18,Czech Republic,Tomáš Holeš,True,62.766666666666666
2021-06-18,Czech Republic,Lukáš Masopust,True,62.483333333333334
2021-06-18,Czech Republic,Vladimír Coufal,True,90.0
2021-06-18,Czech Republic,Tomáš Pekhart,False,0.0
2021-06-18,Czech Republic,Alex Král,False,27.233333333333334
2021-06-18,Czech Republic,Petr Ševčík,False,16.316666666666663
2021-06-18,Czech Republic,Jakub Brabec,False,0.0
2021-06-18,Czech Republic,Adam Hložek,False,27.516666666666666
2021-06-18,Czech Republic,Ondrej Celustka,True,90.0
2021-06-18,Czech Republic,Aleš Mandous,False,0.0
2021-06-18,Czech Republic,David Zima,False,0.0
2021-06-18,Croatia,Nikola Vlašić,False,28.799999999999997
2021-06-18,Croatia,Dejan Lovren,True,90.0
2021-06-18,Croatia,Mateo Kovačić,True,86.73333333333333
2021-06-18,Croatia,Andrej Kramarić,True,61.2
2021-06-18,Croatia,Šime Vrsaljko,True,90.0
2021-06-18,Croatia,Luka Modrić,True,90.0
2021-06-18,Croatia,Ante Rebić,True,45.0
2021-06-18,Croatia,Domagoj Vida,True,90.0
2021-06-18,Croatia,Marcelo Brozović,False,3.2666666666666657
2021-06-18,Croatia,Ivan Perišić,True,90.0
2021-06-18,Croatia,Milan Badelj,False,0.0
2021-06-18,Croatia,Duje Ćaleta-Car,False,0.0
2021-06-18,Croatia,Lovre Kalinić,False,0.0
2021-06-18,Croatia,Bruno Petković,False,45.0
2021-06-18,Croatia,Josip Brekalo,True,45.0
2021-06-18,Croatia,Mario Pašalić,False,0.0
2021-06-18,Croatia,Mislav Oršić,False,0.0
2021-06-18,Croatia,Dominik Livaković,True,90.0
2021-06-18,Croatia,Luka Ivanušec,False,45.0
2021-06-18,Croatia,Josip Juranović,False,0.0
2021-06-18,Croatia,Simon Sluga,False,0.0
2021-06-18,Croatia,Domagoj Bradarić,False,0.0
2021-06-18,Croatia,Joško Gvardiol,True,90.0
2021-07-02,Spain,David de Gea Quintana,False,0.0
2021-07-02,Spain,Álvaro Borja Morata Martín,True,53.95
2021-07-02,Spain,César Azpilicueta Tanco,True,174.86666666666667
2021-07-02,Spain,Aymeric Laporte,True,174.86666666666667
2021-07-02,Spain,Jorge Resurrección Merodio,True,90.98333333333333
2021-07-02,Spain,Sergio Busquets i Burgos,True,90.0
2021-07-02,Spain,Thiago Alcântara do Nascimento,False,0.8499999999999943
2021-07-02,Spain,Jordi Alba Ramos,True,90.0
2021-07-02,Spain,José Luis Gayà Peña,False,0.0
2021-07-02,Spain,Mikel Oyarzabal Ugarte,False,0.01666666666666572
2021-07-02,Spain,Diego Javier Llorente Ríos,False,0.0
2021-07-02,Spain,Pablo Sarabia García,True,45.0
2021-07-02,Spain,Ferrán Torres García,True,90.0
2021-07-02,Spain,Rodrigo Hernández Cascante,False,0.0
2021-07-02,Spain,Gerard Moreno Balaguero,False,13.683333333333337
2021-07-02,Spain,Marcos Llorente Moreno,False,0.0
2021-07-02,Spain,Pau Francisco Torres,True,174.01666666666665
2021-07-02,Spain,Robert Lynch Sanchez,False,0.0
2021-07-02,Spain,Adama Traoré Diarra,False,0.0
2021-07-02,Spain,Unai Simón Mendibil,True,90.0
2021-07-02,Spain,Daniel Olmo Carvajal,False,0.0
2021-07-02,Spain,Pedro González López,True,180.56666666666666
2021-07-02,Spain,Eric García Martret,False,0.0
2021-07-02,Switzerland,Xherdan Shaqiri,True,80.83333333333333
2021-07-02,Switzerland,Edimilson Fernandes,False,0.0
2021-07-02,Switzerland,Fabian Lukas Schär,False,0.0
2021-07-02,Switzerland,Denis Lemi Zakaria Lako Lado,True,99.91666666666667
2021-07-02,Switzerland,Haris Seferović,True,81.08333333333333
2021-07-02,Switzerland,Ricardo Iván Rodríguez Araya,True,90.0
2021-07-02,Switzerland,Breel-Donald Embolo,True,22.283333333333335
2021-07-02,Switzerland,Steven Zuber,True,91.21666666666667
2021-07-02,Switzerland,Manuel Obafemi Akanji,True,90.0
2021-07-02,Switzerland,Yann Sommer,True,90.0
2021-07-02,Switzerland,Mario Gavranović,False,8.916666666666671
2021-07-02,Switzerland,Remo Freuler,True,76.38333333333334
2021-07-02,Switzerland,Silvan Widmer,True,100.15
2021-07-02,Switzerland,Nico Elvedi,True,90.0
2021-07-02,Switzerland,Yvon Landry Mvogo,False,0.0
2021-07-02,Switzerland,Loris Benito,False,0.0
2021-07-02,Switzerland,Christian Fassnacht,False,7.033333333333331
2021-07-02,Switzerland,Djibril Sow,False,9.166666666666671
2021-07-02,Switzerland,Kevin Mbabu,False,0.0
2021-07-02,Switzerland,Gregor Kobel,False,0.0
2021-07-02,Switzerland,Eray Ervin Cömert,False,0.0
2021-07-02,Switzerland,Jordan Lotomba,False,0.0
2021-07-02,Switzerland,Ruben Vargas,False,75.96666666666667
2021-06-27,Portugal,Anthony Lopes,False,0.0
2021-06-27,Portugal,João Filipe Iria Santos Moutinho,True,55.11666666666667
2021-06-27,Portugal,Bernardo Mota Veiga de Carvalho e Silva,True,55.21666666666667
2021-06-27,Portugal,Renato Júnior Luz Sanches,True,77.93333333333334
2021-06-27,Portugal,José Miguel da Rocha Fonte,False,0.0
2021-06-27,Portugal,Bruno Miguel Borges Fernandes,False,34.78333333333333
2021-06-27,Portugal,Rui Pedro dos Santos Patrício,True,90.0
2021-06-27,Portugal,Rúben Santos Gato Alves Dias,True,90.0
2021-06-27,Portugal,Cristiano Ronaldo dos Santos Aveiro,True,90.0
2021-06-27,Portugal,Raphaël Adelino José Guerreiro,True,90.0
2021-06-27,Portugal,André Miguel Valente Silva,False,20.450000000000003
2021-06-27,Portugal,Nélson Cabral Semedo,False,0.0
2021-06-27,Portugal,Rúben Diogo Da Silva Neves,False,0.0
2021-06-27,Portugal,Diogo José Teixeira da Silva,True,69.55
2021-06-27,Portugal,Sérgio Miguel Relvas Gonçalves Pereira de Oliveira,False,12.066666666666663
2021-06-27,Portugal,João Félix Sequeira,False,34.88333333333333
2021-06-27,Portugal,João Maria Lobo Alves Palhinha Gonçalves,True,77.8
2021-06-27,Portugal,Danilo Luís Hélio Pereira,False,12.200000000000003
2021-06-27,Portugal,José Diogo Dalot Teixeira,True,90.0
2021-06-27,Portugal,Kléper Laveran Lima Ferreira,True,90.0
2021-06-27,Portugal,Rui Tiago Dantas da Silva,False,0.0
2021-06-27,Portugal,Pedro António Pereira Gonçalves,False,0.0
2021-06-27,Portugal,Nuno Mendes,False,0.0
2021-06-27,Belgium,Youri Tielemans,True,90.0
2021-06-27,Belgium,Jan Vertonghen,True,90.0
2021-06-27,Belgium,Kevin De Bruyne,True,47.6
2021-06-27,Belgium,Thomas Meunier,True,90.0
2021-06-27,Belgium,Romelu Lukaku Menama,True,90.0
2021-06-27,Belgium,Christian Benteke Liolo,False,0.0
2021-06-27,Belgium,Michy Batshuayi Tunga,False,0.0
2021-06-27,Belgium,Thibaut Courtois,True,90.0
2021-06-27,Belgium,Simon Mignolet,False,0.0
2021-06-27,Belgium,Eden Hazard,True,86.5
2021-06-27,Belgium,Dries Mertens,False,42.4
2021-06-27,Belgium,Thorgan Hazard,True,94.96666666666667
2021-06-27,Belgium,Yannick Ferreira Carrasco,False,3.5
2021-06-27,Belgium,Anga Dedryck Boyata,False,0.0
2021-06-27,Belgium,Axel Witsel,True,90.0
2021-06-27,Belgium,Leander Dendoncker,False,0.0
2021-06-27,Belgium,Thomas Vermaelen,True,90.0
2021-06-27,Belgium,Dennis Praet,False,0.0
2021-06-27,Belgium,Matz Sels,False,0.0
2021-06-27,Belgium,Jason Denayer,False,0.0
2021-06-27,Belgium,Leandro Trossard,False,0.0
2021-06-27,Belgium,Toby Alderweireld,True,90.0
2021-06-27,Belgium,Jeremy Doku,False,0.0
2021-06-27,Netherlands,Memphis Depay,True,90.0
2021-06-27,Netherlands,Nathan Aké,False,0.0
2021-06-27,Netherlands,Daley Blind,True,80.53333333333333
2021-06-27,Netherlands,Patrick van Aanholt,True,80.51666666666667
2021-06-27,Netherlands,Georginio Wijnaldum,True,90.0
2021-06-27,Netherlands,Davy Klaassen,False,0.0
2021-06-27,Netherlands,Marten de Roon,True,72.63333333333334
2021-06-27,Netherlands,Steven Berghuis,False,9.483333333333334
2021-06-27,Netherlands,Stefan de Vrij,True,90.0
2021-06-27,Netherlands,Wout Weghorst,False,17.36666666666666
2021-06-27,Netherlands,Marco Bizot,False,0.0
2021-06-27,Netherlands,Owen Wijndal,False,0.0
2021-06-27,Netherlands,Joël Veltman,False,0.0
2021-06-27,Netherlands,Matthijs de Ligt,True,80.56666666666666
2021-06-27,Netherlands,Frenkie de Jong,True,90.0
2021-06-27,Netherlands,Denzel Dumfries,True,90.0
2021-06-27,Netherlands,Timothy Michael Krul,False,0.0
2021-06-27,Netherlands,Quincy Anton Promes,False,33.4
2021-06-27,Netherlands,Donyell Malen,True,56.6
2021-06-27,Netherlands,Maarten Stekelenburg,True,90.0
2021-06-27,Netherlands,Cody Mathès Gakpo,False,0.0
2021-06-27,Netherlands,Jurriën David Norman Timber,False,9.466666666666669
2021-06-27,Netherlands,Ryan Gravenberch,False,0.0
2021-06-27,Czech Republic,Tomáš Koubek,False,0.0
2021-06-27,Czech Republic,Matěj Vydra,False,0.0
2021-06-27,Czech Republic,Tomáš Souček,True,90.0
2021-06-27,Czech Republic,Patrik Schick,True,91.3
2021-06-27,Czech Republic,Antonín Barák,True,91.78333333333333
2021-06-27,Czech Republic,Jakub Jankto,False,11.36666666666666
2021-06-27,Czech Republic,Pavel Kadeřábek,True,90.0
2021-06-27,Czech Republic,Tomáš Vaclík,True,90.0
2021-06-27,Czech Republic,Tomáš Kalas,True,90.0
2021-06-27,Czech Republic,Michael Krmenčík,False,0.0
2021-06-27,Czech Republic,Tomáš Holeš,True,84.9
2021-06-27,Czech Republic,Lukáš Masopust,True,78.63333333333334
2021-06-27,Czech Republic,Vladimír Coufal,True,90.0
2021-06-27,Czech Republic,Tomáš Pekhart,False,0.0
2021-06-27,Czech Republic,Michal Sadílek,False,0.0
2021-06-27,Czech Republic,Alex Král,False,5.099999999999994
2021-06-27,Czech Republic,Petr Ševčík,True,84.78333333333333
2021-06-27,Czech Republic,Jakub Brabec,False,0.0
2021-06-27,Czech Republic,Jakub Pešek,False,0.0
2021-06-27,Czech Republic,Adam Hložek,False,5.216666666666669
2021-06-27,Czech Republic,Ondrej Celustka,True,90.0
2021-06-27,Czech Republic,Aleš Matějů,False,0.0
2021-06-27,Czech Republic,Aleš Mandous,False,0.0
2021-06-26,Italy,Marco Verratti,True,66.65
2021-06-26,Italy,Emerson Palmieri dos Santos,False,0.0
2021-06-26,Italy,Alex Meret,False,0.0
2021-06-26,Italy,Bryan Cristante,False,1.6166666666666742
2021-06-26,Italy,Rafael Tolói,False,0.0
2021-06-26,Italy,Jorge Luiz Frello Filho,True,90.0
2021-06-26,Italy,Gianluigi Donnarumma,True,90.0
2021-06-26,Italy,Lorenzo Insigne,True,107.28333333333333
2021-06-26,Italy,Manuel Locatelli,False,0.0
2021-06-26,Italy,Francesco Acerbi,True,90.0
2021-06-26,Italy,Domenico Berardi,True,83.56666666666666
2021-06-26,Italy,Federico Chiesa,False,6.433333333333337
2021-06-26,Italy,Leonardo Bonucci,True,90.0
2021-06-26,Italy,Salvatore Sirigu,False,0.0
2021-06-26,Italy,Andrea Belotti,False,0.0
2021-06-26,Italy,Alessandro Bastoni,False,0.0
2021-06-26,Italy,Federico Bernardeschi,False,0.0
2021-06-26,Italy,Ciro Immobile,True,83.43333333333334
2021-06-26,Italy,Nicolò Barella,True,66.68333333333334
2021-06-26,Italy,Leonardo Spinazzola,True,90.0
2021-06-26,Italy,Giovanni Di Lorenzo,True,90.0
2021-06-26,Italy,Matteo Pessina,False,0.0
2021-06-26,Italy,Giacomo Raspadori,False,0.0
2021-06-26,Austria,Marko Arnautović,True,96.38333333333334
2021-06-26,Austria,Aleksandar Dragović,True,90.0
2021-06-26,Austria,David Olatukunbo Alaba,True,90.0
2021-06-26,Austria,Martin Hinteregger,True,90.0
2021-06-26,Austria,Michael Gregoritsch,False,0.0
2021-06-26,Austria,Konrad Laimer,True,113.51666666666667
2021-06-26,Austria,Stefan Ilsanker,False,0.0
2021-06-26,Austria,Marcel Sabitzer,True,90.0
2021-06-26,Austria,Alexander Schlager,False,0.0
2021-06-26,Austria,Xaver Schlager,True,105.43333333333334
2021-06-26,Austria,Andreas Ulmer,False,0.0
2021-06-26,Austria,Stefan Lainer,True,113.53333333333333
2021-06-26,Austria,Philipp Lienhart,False,0.0
2021-06-26,Austria,Louis Schaub,False,0.0
2021-06-26,Austria,Christopher Trimmel,False,0.0
2021-06-26,Austria,Alessandro Schöpf,False,0.45000000000000284
2021-06-26,Austria,Florian Grillitsch,True,105.43333333333334
2021-06-26,Austria,Stefan Posch,False,0.0
2021-06-26,Austria,Pavao Pervan,False,0.0
2021-06-26,Austria,Sasa Kalajdzic,False,0.0
2021-06-26,Austria,Julian Baumgartlinger,False,0.0
2021-06-26,Austria,Daniel Bachmann,True,90.0
2021-06-26,Austria,Christoph Baumgartner,True,89.55
2021-06-29,Sweden,Karl-Johan Johnsson,False,0.0
2021-06-29,Sweden,Victor Nilsson Lindelöf,True,90.0
2021-06-29,Sweden,Pontus Jansson,False,0.0
2021-06-29,Sweden,Gustav Svensson,False,0.0
2021-06-29,Sweden,Mikael Lustig,True,82.96666666666667
2021-06-29,Sweden,Viktor Claesson,False,0.0
2021-06-29,Sweden,Sebastian Larsson,True,96.75
2021-06-29,Sweden,Ludwig Augustinsson,True,82.76666666666667
2021-06-29,Sweden,Robin Olsen,True,90.0
2021-06-29,Sweden,Albin Ekdal,True,90.0
2021-06-29,Sweden,Emil Peter Forsberg,True,90.0
2021-06-29,Sweden,Emil Krafth,False,0.0
2021-06-29,Sweden,Filip Helander,False,8.833333333333329
2021-06-29,Sweden,Robin Quaison,False,0.0
2021-06-29,Sweden,Alexander Isak,True,96.63333333333334
2021-06-29,Sweden,Kristoffer Nordfeldt,False,0.0
2021-06-29,Sweden,Ken Sema,False,0.0
2021-06-29,Sweden,Marcus Berg,False,0.0
2021-06-29,Sweden,Pierre Bengtsson,False,0.0
2021-06-29,Sweden,Dejan Kulusevski,True,96.13333333333334
2021-06-29,Sweden,Kristoffer Olsson,True,100.63333333333334
2021-06-29,Sweden,Jens-Lys Michel Cajuste,False,0.0
2021-06-29,Sweden,Marcus Andreas Danielsson,True,109.46666666666667
2021-06-29,Ukraine,Oleksandr Zinchenko,True,90.0
2021-06-29,Ukraine,Eduard Sobol,False,0.0
2021-06-29,Ukraine,Andriy Yarmolenko,True,105.0
2021-06-29,Ukraine,Andriy Pyatov,False,0.0
2021-06-29,Ukraine,Taras Stepanenko,True,93.88333333333334
2021-06-29,Ukraine,Evgeny Makarenko,False,0.0
2021-06-29,Ukraine,Viktor Tsygankov,False,0.0
2021-06-29,Ukraine,Serhii Sydorchuk,True,116.95
2021-06-29,Ukraine,Ruslan Malinovskiy,False,29.866666666666667
2021-06-29,Ukraine,Marlos Romero Bonfim,False,0.0
2021-06-29,Ukraine,Mykola Matvienko,True,90.0
2021-06-29,Ukraine,Serhiy Kryvtsov,True,90.0
2021-06-29,Ukraine,Artem Besedin,False,0.0
2021-06-29,Ukraine,Vitalii Mykolenko,False,0.0
2021-06-29,Ukraine,Mykola Shaparenko,True,60.13333333333333
2021-06-29,Ukraine,Heorhii Bushchan,True,90.0
2021-06-29,Ukraine,Roman Yaremchuk,True,90.0
2021-06-29,Ukraine,Roman Bezus,False,0.0
2021-06-29,Ukraine,Artem Dovbyk,False,0.0
2021-06-29,Ukraine,Oleksandr Karavaev,True,90.0
2021-06-29,Ukraine,Anatolii Trubin,False,0.0
2021-06-29,Ukraine,Illia Zabarnyi,True,90.0
2021-06-29,Ukraine,Oleksandr Tymchyk,False,0.0
2021-06-26,Denmark,Mathias Jørgensen Jatta,False,0.0
2021-06-26,Denmark,Jonas Lössl,False,0.0
2021-06-26,Denmark,Pierre-Emile Højbjerg,True,90.0
2021-06-26,Denmark,Kasper Schmeichel,True,90.0
2021-06-26,Denmark,Andreas Christensen,True,90.0
2021-06-26,Denmark,Martin Braithwaite Christensen,True,90.0
2021-06-26,Denmark,Jens Stryger Larsen,True,75.81666666666666
2021-06-26,Denmark,Thomas Delaney,True,59.45
2021-06-26,Denmark,Simon Thorup Kjær,True,76.65
2021-06-26,Denmark,Andreas Evald Cornelius,False,21.16666666666667
2021-06-26,Denmark,Kasper Dolberg,True,68.83333333333333
2021-06-26,Denmark,Christian Nørgaard,False,31.21666666666667
2021-06-26,Denmark,Joachim Andersen,False,13.349999999999994
2021-06-26,Denmark,Jannik Vestergaard,True,90.0
2021-06-26,Denmark,Frederik Rønnow,False,0.0
2021-06-26,Denmark,Robert Skov,False,0.0
2021-06-26,Denmark,Nicolai Møller Boilesen,False,14.183333333333337
2021-06-26,Denmark,Joakim Mæhle,True,90.0
2021-06-26,Denmark,Anders Christiansen,False,0.0
2021-06-26,Denmark,Andreas Skov Olsen,False,0.0
2021-06-26,Denmark,Mathias Jensen,False,30.549999999999997
2021-06-26,Denmark,Jonas Older Wind,False,0.0
2021-06-26,Denmark,Mikkel Damsgaard,True,58.78333333333333
2021-06-26,Wales,Ben Davies,True,90.0
2021-06-26,Wales,Wayne Hennessey,False,0.0
2021-06-26,Wales,Aaron Ramsey,True,90.0
2021-06-26,Wales,Tom Lockyer,False,0.0
2021-06-26,Wales,Kieffer Roberto Francisco Moore,True,77.66666666666667
2021-06-26,Wales,Tyler Roberts,False,12.333333333333329
2021-06-26,Wales,David Brooks,False,12.316666666666663
2021-06-26,Wales,Adam Davies,False,0.0
2021-06-26,Wales,Chris Mepham,True,90.0
2021-06-26,Wales,Connor Roberts,True,37.766666666666666
2021-06-26,Wales,Gareth Frank Bale,True,90.0
2021-06-26,Wales,Harry Wilson,False,30.766666666666666
2021-06-26,Wales,Daniel Ward,True,90.0
2021-06-26,Wales,Chris Gunter,False,0.0
2021-06-26,Wales,Joe Allen,True,90.0
2021-06-26,Wales,Jonathan Williams,False,0.0
2021-06-26,Wales,Joe Rodon,True,90.0
2021-06-26,Wales,Daniel James,True,77.68333333333334
2021-06-26,Wales,Matthew Robert Smith,False,0.0
2021-06-26,Wales,Joseff Morrell,True,58.983333333333334
2021-06-26,Wales,Benjamin Cabango,False,0.0
2021-06-26,Wales,Dylan Levitt,False,0.0
2021-06-26,Wales,Neco Williams,False,50.11666666666667
2021-07-02,Belgium,Youri Tielemans,True,68.85
2021-07-02,Belgium,Jan Vertonghen,True,90.0
2021-07-02,Belgium,Kevin De Bruyne,True,90.0
2021-07-02,Belgium,Thomas Meunier,True,68.93333333333334
2021-07-02,Belgium,Romelu Lukaku Menama,True,90.0
2021-07-02,Belgium,Christian Benteke Liolo,False,0.0
2021-07-02,Belgium,Michy Batshuayi Tunga,False,0.0
2021-07-02,Belgium,Thibaut Courtois,True,90.0
2021-07-02,Belgium,Nacer Chadli,False,4.166666666666657
2021-07-02,Belgium,Dries Mertens,False,21.150000000000006
2021-07-02,Belgium,Thorgan Hazard,True,90.0
2021-07-02,Belgium,Yannick Ferreira Carrasco,False,0.0
2021-07-02,Belgium,Anga Dedryck Boyata,False,0.0
2021-07-02,Belgium,Axel Witsel,True,90.0
2021-07-02,Belgium,Leander Dendoncker,False,0.0
2021-07-02,Belgium,Thomas Vermaelen,True,90.0
2021-07-02,Belgium,Dennis Praet,False,16.900000000000006
2021-07-02,Belgium,Matz Sels,False,0.0
2021-07-02,Belgium,Jason Denayer,False,0.0
2021-07-02,Belgium,Leandro Trossard,False,0.0
2021-07-02,Belgium,Toby Alderweireld,True,90.0
2021-07-02,Belgium,Jeremy Doku,True,90.0
2021-07-02,Belgium,Thomas Kaminski,False,0.0
2021-07-02,Italy,Marco Verratti,True,73.63333333333334
2021-07-02,Italy,Emerson Palmieri dos Santos,False,11.0
2021-07-02,Italy,Giorgio Chiellini,True,90.0
2021-07-02,Italy,Alex Meret,False,0.0
2021-07-02,Italy,Bryan Cristante,False,16.36666666666666
2021-07-02,Italy,Rafael Tolói,False,0.0
2021-07-02,Italy,Jorge Luiz Frello Filho,True,90.0
2021-07-02,Italy,Gianluigi Donnarumma,True,90.0
2021-07-02,Italy,Lorenzo Insigne,True,78.48333333333333
2021-07-02,Italy,Manuel Locatelli,False,0.0
2021-07-02,Italy,Francesco Acerbi,False,0.0
2021-07-02,Italy,Domenico Berardi,False,11.516666666666666
2021-07-02,Italy,Federico Chiesa,True,90.55
2021-07-02,Italy,Leonardo Bonucci,True,90.0
2021-07-02,Italy,Salvatore Sirigu,False,0.0
2021-07-02,Italy,Andrea Belotti,False,16.0
2021-07-02,Italy,Alessandro Bastoni,False,0.0
2021-07-02,Italy,Federico Bernardeschi,False,0.0
2021-07-02,Italy,Ciro Immobile,True,74.0
2021-07-02,Italy,Nicolò Barella,True,90.0
2021-07-02,Italy,Leonardo Spinazzola,True,79.0
2021-07-02,Italy,Giovanni Di Lorenzo,True,90.0
2021-07-02,Italy,Matteo Pessina,False,0.0
2021-07-03,England,Kyle Walker,True,90.0
2021-07-03,England,Raheem Sterling,True,64.33333333333333
2021-07-03,England,John Stones,True,90.0
2021-07-03,England,Kieran Trippier,False,25.933333333333337
2021-07-03,England,Marcus Rashford,False,25.66666666666667
2021-07-03,England,Tyrone Mings,False,0.0
2021-07-03,England,Harry Maguire,True,90.0
2021-07-03,England,Luke Shaw,True,64.06666666666666
2021-07-03,England,Ben Chilwell,False,0.0
2021-07-03,England,Jordan Pickford,True,90.0
2021-07-03,England,Dominic Calvert-Lewin,False,17.299999999999997
2021-07-03,England,Jordan Brian Henderson,False,33.583333333333336
2021-07-03,England,Declan Rice,True,56.416666666666664
2021-07-03,England,Phil Foden,False,0.0
2021-07-03,England,Kalvin Phillips,True,64.91666666666667
2021-07-03,England,Mason Mount,True,90.0
2021-07-03,England,Sam Johnstone,False,0.0
2021-07-03,England,Jack Grealish,False,0.0
2021-07-03,England,Conor Coady,False,0.0
2021-07-03,England,Harry Kane,True,72.7
2021-07-03,England,Jadon Sancho,True,90.0
2021-07-03,England,Aaron Ramsdale,False,0.0
2021-07-03,England,Jude Bellingham,False,25.08333333333333
2021-07-03,Ukraine,Oleksandr Zinchenko,True,90.0
2021-07-03,Ukraine,Eduard Sobol,False,0.0
2021-07-03,Ukraine,Andriy Yarmolenko,True,90.0
2021-07-03,Ukraine,Andriy Pyatov,False,0.0
2021-07-03,Ukraine,Taras Stepanenko,False,0.0
2021-07-03,Ukraine,Evgeny Makarenko,False,26.616666666666667
2021-07-03,Ukraine,Viktor Tsygankov,False,55.016666666666666
2021-07-03,Ukraine,Serhii Sydorchuk,True,63.38333333333333
2021-07-03,Ukraine,Marlos Romero Bonfim,False,0.0
2021-07-03,Ukraine,Mykola Matvienko,True,89.5
2021-07-03,Ukraine,Serhiy Kryvtsov,True,34.983333333333334
2021-07-03,Ukraine,Vitalii Mykolenko,True,90.0
2021-07-03,Ukraine,Mykola Shaparenko,True,90.0
2021-07-03,Ukraine,Heorhii Bushchan,True,90.0
2021-07-03,Ukraine,Roman Yaremchuk,True,90.0
2021-07-03,Ukraine,Roman Bezus,False,0.0
2021-07-03,Ukraine,Artem Dovbyk,False,0.0
2021-07-03,Ukraine,Oleksandr Zubkov,False,0.0
2021-07-03,Ukraine,Oleksandr Karavaev,True,90.0
2021-07-03,Ukraine,Anatolii Trubin,False,0.0
2021-07-03,Ukraine,Georgiy Sudakov,False,0.0
2021-07-03,Ukraine,Illia Zabarnyi,True,90.0
2021-07-03,Ukraine,Oleksandr Tymchyk,False,0.0
2021-07-06,Italy,Marco Verratti,True,73.16666666666667
2021-07-06,Italy,Emerson Palmieri dos Santos,True,73.18333333333334
2021-07-06,Italy,Giorgio Chiellini,True,90.0
2021-07-06,Italy,Alex Meret,False,0.0
2021-07-06,Italy,Alessandro Florenzi,False,0.0
2021-07-06,Italy,Bryan Cristante,False,0.0
2021-07-06,Italy,Rafael Tolói,False,16.816666666666663
2021-07-06,Italy,Jorge Luiz Frello Filho,True,90.0
2021-07-06,Italy,Gianluigi Donnarumma,True,90.0
2021-07-06,Italy,Lorenzo Insigne,True,84.3
2021-07-06,Italy,Manuel Locatelli,False,5.63333333333334
2021-07-06,Italy,Francesco Acerbi,False,0.0
2021-07-06,Italy,Domenico Berardi,False,28.68333333333333
2021-07-06,Italy,Federico Chiesa,True,121.81666666666666
2021-07-06,Italy,Leonardo Bonucci,True,90.0
2021-07-06,Italy,Salvatore Sirigu,False,0.0
2021-07-06,Italy,Andrea Belotti,False,5.700000000000003
2021-07-06,Italy,Alessandro Bastoni,False,0.0
2021-07-06,Italy,Federico Bernardeschi,False,0.0
2021-07-06,Italy,Ciro Immobile,True,61.31666666666667
2021-07-06,Italy,Nicolò Barella,True,84.36666666666666
2021-07-06,Italy,Giovanni Di Lorenzo,True,90.0
2021-07-06,Italy,Matteo Pessina,False,16.83333333333333
2021-07-06,Spain,David de Gea Quintana,False,0.0
2021-07-06,Spain,Álvaro Borja Morata Martín,False,28.68333333333333
2021-07-06,Spain,César Azpilicueta Tanco,True,85.01666666666667
2021-07-06,Spain,Aymeric Laporte,True,137.38333333333333
2021-07-06,Spain,Jorge Resurrección Merodio,True,69.31666666666666
2021-07-06,Spain,Sergio Busquets i Burgos,True,133.66666666666666
2021-07-06,Spain,Thiago Alcântara do Nascimento,False,0.0
2021-07-06,Spain,Jordi Alba Ramos,True,90.0
2021-07-06,Spain,José Luis Gayà Peña,False,0.0
2021-07-06,Spain,Fabián Ruiz Peña,False,0.0
2021-07-06,Spain,Mikel Oyarzabal Ugarte,True,69.3
2021-07-06,Spain,Diego Javier Llorente Ríos,False,0.0
2021-07-06,Spain,Ferrán Torres García,True,61.31666666666667
2021-07-06,Spain,Rodrigo Hernández Cascante,False,0.0
2021-07-06,Spain,Gerard Moreno Balaguero,False,0.0
2021-07-06,Spain,Marcos Llorente Moreno,False,0.0
2021-07-06,Spain,Pau Francisco Torres,False,0.01666666666666572
2021-07-06,Spain,Robert Lynch Sanchez,False,0.0
2021-07-06,Spain,Adama Traoré Diarra,False,0.0
2021-07-06,Spain,Unai Simón Mendibil,True,90.0
2021-07-06,Spain,Daniel Olmo Carvajal,True,108.71666666666667
2021-07-06,Spain,Pedro González López,True,90.0
2021-07-06,Spain,Eric García Martret,True,137.36666666666667
2021-06-28,Spain,David de Gea Quintana,False,0.0
2021-06-28,Spain,Álvaro Borja Morata Martín,True,90.0
2021-06-28,Spain,César Azpilicueta Tanco,True,90.0
2021-06-28,Spain,Aymeric Laporte,True,90.0
2021-06-28,Spain,Jorge Resurrección Merodio,True,77.46666666666667
2021-06-28,Spain,Sergio Busquets i Burgos,True,118.95
2021-06-28,Spain,Thiago Alcântara do Nascimento,False,0.0
2021-06-28,Spain,Jordi Alba Ramos,False,12.816666666666663
2021-06-28,Spain,José Luis Gayà Peña,True,75.86666666666666
2021-06-28,Spain,Fabián Ruiz Peña,False,12.533333333333331
2021-06-28,Spain,Mikel Oyarzabal Ugarte,False,2.566666666666663
2021-06-28,Spain,Diego Javier Llorente Ríos,False,0.0
2021-06-28,Spain,Pablo Sarabia García,True,70.36666666666666
2021-06-28,Spain,Ferrán Torres García,True,87.43333333333334
2021-06-28,Spain,Rodrigo Hernández Cascante,False,0.0
2021-06-28,Spain,Gerard Moreno Balaguero,False,0.0
2021-06-28,Spain,Marcos Llorente Moreno,False,0.0
2021-06-28,Spain,Pau Francisco Torres,False,19.099999999999994
2021-06-28,Spain,Robert Lynch Sanchez,False,0.0
2021-06-28,Spain,Unai Simón Mendibil,True,90.0
2021-06-28,Spain,Daniel Olmo Carvajal,False,19.63333333333334
2021-06-28,Spain,Pedro González López,True,90.0
2021-06-28,Spain,Eric García Martret,True,70.9
2021-06-28,Croatia,Nikola Vlašić,True,78.3
2021-06-28,Croatia,Mateo Kovačić,True,78.55
2021-06-28,Croatia,Andrej Kramarić,False,45.0
2021-06-28,Croatia,Šime Vrsaljko,False,0.0
2021-06-28,Croatia,Luka Modrić,True,113.03333333333333
2021-06-28,Croatia,Ante Rebić,True,66.18333333333334
2021-06-28,Croatia,Domagoj Vida,True,90.0
2021-06-28,Croatia,Marcelo Brozović,True,90.0
2021-06-28,Croatia,Milan Badelj,False,0.0
2021-06-28,Croatia,Duje Ćaleta-Car,True,90.0
2021-06-28,Croatia,Lovre Kalinić,False,0.0
2021-06-28,Croatia,Bruno Petković,True,45.0
2021-06-28,Croatia,Ante Budimir,False,11.450000000000003
2021-06-28,Croatia,Josip Brekalo,False,16.91666666666667
2021-06-28,Croatia,Mario Pašalić,False,11.700000000000003
2021-06-28,Croatia,Mislav Oršić,False,23.816666666666663
2021-06-28,Croatia,Dominik Livaković,True,90.0
2021-06-28,Croatia,Luka Ivanušec,False,0.0
2021-06-28,Croatia,Josip Juranović,True,73.08333333333333
2021-06-28,Croatia,Simon Sluga,False,0.0
2021-06-28,Croatia,Mile Škorić,False,0.0
2021-06-28,Croatia,Domagoj Bradarić,False,0.0
2021-06-28,Croatia,Joško Gvardiol,True,90.0
2021-06-19,France,Marcus Thuram,False,0.0
2021-06-19,France,Presnel Kimpembe,True,90.0
2021-06-19,France,Kylian Mbappé Lottin,True,90.0
2021-06-19,France,Adrien Rabiot,True,56.75
2021-06-19,France,Moussa Sissoko,False,0.0
2021-06-19,France,Hugo Lloris,True,90.0
2021-06-19,France,Léo Dubois,False,0.0
2021-06-19,France,Thomas Lemar,False,3.5166666666666657
2021-06-19,France,Steve Mandanda,False,0.0
2021-06-19,France,Olivier Giroud,False,14.433333333333337
2021-06-19,France,Mike Maignan,False,0.0
2021-06-19,France,N'Golo Kanté,True,90.0
2021-06-19,France,Jules Koundé,False,0.0
2021-06-19,France,Benjamin Pavard,True,90.0
2021-06-19,France,Ousmane Dembélé,False,29.733333333333334
2021-06-19,France,Corentin Tolisso,False,15.033333333333331
2021-06-19,France,Lucas Hernández Pi,False,0.0
2021-06-19,France,Raphaël Varane,True,90.0
2021-06-19,France,Antoine Griezmann,True,90.0
2021-06-19,France,Clément Lenglet,False,0.0
2021-06-19,France,Lucas Digne,True,90.0
2021-06-19,France,Karim Benzema,True,75.56666666666666
2021-06-19,France,Paul Pogba,True,74.96666666666667
2021-06-19,Hungary,Ádám Lang,False,0.0
2021-06-19,Hungary,Ádám Nagy,True,90.0
2021-06-19,Hungary,Ádám Szalai,True,25.333333333333332
2021-06-19,Hungary,Willi Orban,True,90.0
2021-06-19,Hungary,Péter Gulácsi,True,90.0
2021-06-19,Hungary,Ádám Bogdán,False,0.0
2021-06-19,Hungary,Gergő Lovrencsics,False,6.849999999999994
2021-06-19,Hungary,Attila Fiola,True,90.0
2021-06-19,Hungary,Nemanja Nikolić,False,64.66666666666667
2021-06-19,Hungary,László Kleinheisler,True,83.15
2021-06-19,Hungary,Loïc Négo,True,90.0
2021-06-19,Hungary,Roland Sallai,True,90.0
2021-06-19,Hungary,Szabolcs Schön,False,0.0
2021-06-19,Hungary,Filip Holender,False,0.0
2021-06-19,Hungary,Ákos Kecskés,False,0.0
2021-06-19,Hungary,Endre Botka,True,90.0
2021-06-19,Hungary,Dénes Dibusz,False,0.0
2021-06-19,Hungary,David Siger,False,0.0
2021-06-19,Hungary,Roland Varga,False,0.0
2021-06-19,Hungary,András Schäfer,True,74.93333333333334
2021-06-19,Hungary,Attila Szalai,True,90.0
2021-06-19,Hungary,Tamás Cseri,False,15.066666666666663
2021-06-19,Hungary,Kevin Varga,False,0.0
2021-07-11,Italy,Marco Verratti,True,95.93333333333334
2021-07-11,Italy,Emerson Palmieri dos Santos,True,149.95
2021-07-11,Italy,Giorgio Chiellini,True,90.0
2021-07-11,Italy,Alex Meret,False,0.0
2021-07-11,Italy,Alessandro Florenzi,False,0.0
2021-07-11,Italy,Bryan Cristante,False,36.03333333333333
2021-07-11,Italy,Rafael Tolói,False,0.0
2021-07-11,Italy,Jorge Luiz Frello Filho,True,181.0
2021-07-11,Italy,Gianluigi Donnarumma,True,90.0
2021-07-11,Italy,Lorenzo Insigne,True,90.0
2021-07-11,Italy,Manuel Locatelli,False,0.0
2021-07-11,Italy,Francesco Acerbi,False,0.0
2021-07-11,Italy,Domenico Berardi,False,35.81666666666667
2021-07-11,Italy,Federico Chiesa,True,84.8
2021-07-11,Italy,Leonardo Bonucci,True,90.0
2021-07-11,Italy,Salvatore Sirigu,False,0.0
2021-07-11,Italy,Andrea Belotti,False,2.9666666666666686
2021-07-11,Italy,Alessandro Bastoni,False,0.0
2021-07-11,Italy,Federico Bernardeschi,False,7.483333333333334
2021-07-11,Italy,Ciro Immobile,True,54.18333333333333
2021-07-11,Italy,Nicolò Barella,True,53.96666666666667
2021-07-11,Italy,Giovanni Di Lorenzo,True,90.0
2021-07-11,Italy,Matteo Pessina,False,0.0
2021-07-11,England,Kyle Walker,True,139.08333333333331
2021-07-11,England,Raheem Sterling,True,119.88333333333333
2021-07-11,England,John Stones,True,100.55
2021-07-11,England,Kieran Trippier,True,69.93333333333334
2021-07-11,England,Marcus Rashford,False,1.9500000000000028
2021-07-11,England,Tyrone Mings,False,0.0
2021-07-11,England,Harry Maguire,True,90.0
2021-07-11,England,Luke Shaw,True,100.55
2021-07-11,England,Jordan Pickford,True,90.0
2021-07-11,England,Dominic Calvert-Lewin,False,0.0
2021-07-11,England,Jordan Brian Henderson,False,35.55
2021-07-11,England,Declan Rice,True,73.41666666666667
2021-07-11,England,Kalvin Phillips,True,140.8
2021-07-11,England,Mason Mount,True,98.81666666666666
2021-07-11,England,Sam Johnstone,False,0.0
2021-07-11,England,Reece James,False,0.0
2021-07-11,England,Jack Grealish,False,0.0
2021-07-11,England,Conor Coady,False,0.0
2021-07-11,England,Harry Kane,True,90.0
2021-07-11,England,Jadon Sancho,False,1.7166666666666686
2021-07-11,England,Bukayo Saka,False,40.983333333333334
2021-07-11,England,Aaron Ramsdale,False,0.0
2021-07-11,England,Jude Bellingham,False,0.0
2021-06-21,Denmark,Mathias Jattah-Njie Jørgensen,False,0.0
2021-06-21,Denmark,Jonas Lössl,False,0.0
2021-06-21,Denmark,Pierre-Emile Højbjerg,True,90.0
2021-06-21,Denmark,Kasper Schmeichel,True,90.0
2021-06-21,Denmark,Andreas Christensen,True,90.0
2021-06-21,Denmark,Martin Braithwaite Christensen,True,84.85
2021-06-21,Denmark,Jens Stryger Larsen,False,29.983333333333334
2021-06-21,Denmark,Thomas Delaney,True,85.18333333333334
2021-06-21,Denmark,Simon Thorup Kjær,True,90.0
2021-06-21,Denmark,Yussuf Yurary Poulsen,True,60.03333333333333
2021-06-21,Denmark,Andreas Evald Cornelius,False,5.150000000000006
2021-06-21,Denmark,Kasper Dolberg,False,29.96666666666667
2021-06-21,Denmark,Daniel Wass,True,60.016666666666666
2021-06-21,Denmark,Christian Nørgaard,False,18.03333333333333
2021-06-21,Denmark,Joachim Andersen,False,0.0
2021-06-21,Denmark,Jannik Vestergaard,True,90.0
2021-06-21,Denmark,Frederik Rønnow,False,0.0
2021-06-21,Denmark,Robert Skov,False,0.0
2021-06-21,Denmark,Joakim Mæhle,True,90.0
2021-06-21,Denmark,Andreas Skov Olsen,False,0.0
2021-06-21,Denmark,Mathias Jensen,False,4.816666666666663
2021-06-21,Denmark,Jonas Older Wind,False,0.0
2021-06-21,Denmark,Mikkel Damsgaard,True,71.96666666666667
2021-06-21,Russia,Mário Figueira Fernandes,True,90.0
2021-06-21,Russia,Roman Zobnin,True,90.0
2021-06-21,Russia,Aleksandr Golovin,True,90.0
2021-06-21,Russia,Daler Kuzyaev,True,66.88333333333334
2021-06-21,Russia,Denis Cheryshev,False,0.0
2021-06-21,Russia,Artem Dzyuba,True,90.0
2021-06-21,Russia,Fedor Kudryashov,True,66.76666666666667
2021-06-21,Russia,Aleksey Miranchuk,True,60.86666666666667
2021-06-21,Russia,Vyacheslav Karavaev,False,23.233333333333334
2021-06-21,Russia,Anton Zabolotny,False,0.0
2021-06-21,Russia,Georgiy Dzhikiya,True,90.0
2021-06-21,Russia,Rifat Zhemaletdinov,False,29.016666666666666
2021-06-21,Russia,Dmitriy Barinov,False,0.0
2021-06-21,Russia,Magomed Ozdoev,True,60.983333333333334
2021-06-21,Russia,Matvey Safonov,True,90.0
2021-06-21,Russia,Igor Diveev,True,90.0
2021-06-21,Russia,Andrey Semenov,False,0.0
2021-06-21,Russia,Aleksey Ionov,False,0.0
2021-06-21,Russia,Anton Shunin,False,0.0
2021-06-21,Russia,Aleksandr Sobolev,False,29.133333333333333
2021-06-21,Russia,Maksim Mukhin,False,23.11666666666666
2021-06-21,Russia,Yuri Dyupin,False,0.0
2021-06-21,Russia,Roman Evgenjev,False,0.0
2021-06-20,Wales,Ben Davies,False,4.183333333333337
2021-06-20,Wales,Wayne Hennessey,False,0.0
2021-06-20,Wales,Aaron Ramsey,True,90.0
2021-06-20,Wales,Tom Lockyer,False,0.0
2021-06-20,Wales,Kieffer Roberto Francisco Moore,False,30.883333333333333
2021-06-20,Wales,Tyler Roberts,False,0.0
2021-06-20,Wales,David Brooks,False,4.566666666666663
2021-06-20,Wales,Adam Davies,False,0.0
2021-06-20,Wales,Chris Mepham,False,0.0
2021-06-20,Wales,Connor Roberts,True,90.0
2021-06-20,Wales,Ethan Ampadu,True,90.0
2021-06-20,Wales,Gareth Frank Bale,True,85.43333333333334
2021-06-20,Wales,Harry Wilson,False,16.316666666666663
2021-06-20,Wales,Danny Ward,True,90.0
2021-06-20,Wales,Chris Gunter,True,90.0
2021-06-20,Wales,Joe Allen,True,86.55
2021-06-20,Wales,Jonathan Williams,False,0.0
2021-06-20,Wales,Joe Rodon,True,90.0
2021-06-20,Wales,Daniel James,True,73.68333333333334
2021-06-20,Wales,Joseff Morrell,True,59.11666666666667
2021-06-20,Wales,Rhys Norrington-Davies,False,0.0
2021-06-20,Wales,Dylan Levitt,False,3.450000000000003
2021-06-20,Wales,Neco Williams,True,85.81666666666666
2021-06-20,Italy,Marco Verratti,True,90.0
2021-06-20,Italy,Emerson Palmieri dos Santos,True,90.0
2021-06-20,Italy,Alex Meret,False,0.0
2021-06-20,Italy,Bryan Cristante,False,16.08333333333333
2021-06-20,Italy,Rafael Tolói,True,90.0
2021-06-20,Italy,Jorge Luiz Frello Filho,True,73.91666666666667
2021-06-20,Italy,Gianluigi Donnarumma,True,88.85
2021-06-20,Italy,Lorenzo Insigne,False,0.0
2021-06-20,Italy,Manuel Locatelli,False,0.0
2021-06-20,Italy,Francesco Acerbi,False,45.0
2021-06-20,Italy,Federico Chiesa,True,90.0
2021-06-20,Italy,Leonardo Bonucci,True,45.0
2021-06-20,Italy,Salvatore Sirigu,False,1.1500000000000057
2021-06-20,Italy,Andrea Belotti,True,90.0
2021-06-20,Italy,Alessandro Bastoni,True,90.0
2021-06-20,Italy,Federico Bernardeschi,True,74.3
2021-06-20,Italy,Ciro Immobile,False,0.0
2021-06-20,Italy,Nicolò Barella,False,0.0
2021-06-20,Italy,Leonardo Spinazzola,False,0.0
2021-06-20,Italy,Giovanni Di Lorenzo,False,0.0
2021-06-20,Italy,Matteo Pessina,True,86.56666666666666
2021-06-20,Italy,Giacomo Raspadori,False,15.700000000000003
2021-06-20,Italy,Gaetano Castrovilli,False,3.433333333333337
2021-06-19,Portugal,Anthony Lopes,False,0.0
2021-06-19,Portugal,João Filipe Iria Santos Moutinho,False,26.366666666666667
2021-06-19,Portugal,Bernardo Mota Veiga de Carvalho e Silva,True,45.0
2021-06-19,Portugal,Renato Júnior Luz Sanches,False,45.0
2021-06-19,Portugal,José Miguel da Rocha Fonte,False,0.0
2021-06-19,Portugal,Gonçalo Manuel Ganchinho Guedes,False,0.0
2021-06-19,Portugal,Bruno Miguel Borges Fernandes,True,63.63333333333333
2021-06-19,Portugal,Rui Pedro dos Santos Patrício,True,90.0
2021-06-19,Portugal,Rúben Santos Gato Alves Dias,True,90.0
2021-06-19,Portugal,Cristiano Ronaldo dos Santos Aveiro,True,90.0
2021-06-19,Portugal,Raphaël Adelino José Guerreiro,True,90.0
2021-06-19,Portugal,William Silva de Carvalho,True,57.61666666666667
2021-06-19,Portugal,André Miguel Valente Silva,False,7.38333333333334
2021-06-19,Portugal,Nélson Cabral Semedo,True,90.0
2021-06-19,Portugal,Rúben Diogo Da Silva Neves,False,0.0
2021-06-19,Portugal,Diogo José Teixeira da Silva,True,82.61666666666666
2021-06-19,Portugal,Rafael Alexandre Fernandes Ferreira da Silva,False,32.38333333333333
2021-06-19,Portugal,João Maria Lobo Alves Palhinha Gonçalves,False,0.0
2021-06-19,Portugal,Danilo Luís Hélio Pereira,True,90.0
2021-06-19,Portugal,José Diogo Dalot Teixeira,False,0.0
2021-06-19,Portugal,Kléper Laveran Lima Ferreira,True,90.0
2021-06-19,Portugal,Rui Tiago Dantas da Silva,False,0.0
2021-06-19,Portugal,Pedro António Pereira Gonçalves,False,0.0
2021-06-19,Germany,Leroy Sané,False,2.9833333333333343
2021-06-19,Germany,Antonio Rüdiger,True,90.0
2021-06-19,Germany,Emre Can,False,27.733333333333334
2021-06-19,Germany,Kevin Trapp,False,0.0
2021-06-19,Germany,Timo Werner,False,0.0
2021-06-19,Germany,Thomas Müller,True,90.0
2021-06-19,Germany,Manuel Neuer,True,90.0
2021-06-19,Germany,Mats Hummels,True,62.266666666666666
2021-06-19,Germany,Toni Kroos,True,90.0
2021-06-19,Germany,Joshua Kimmich,True,90.0
2021-06-19,Germany,Niklas Süle,False,17.299999999999997
2021-06-19,Germany,Leon Goretzka,False,17.71666666666667
2021-06-19,Germany,Robin Gosens,True,61.31666666666667
2021-06-19,Germany,Kevin Volland,False,0.0
2021-06-19,Germany,Serge Gnabry,True,87.01666666666667
2021-06-19,Germany,Marcel Halstenberg,False,28.68333333333333
2021-06-19,Germany,Matthias Ginter,True,90.0
2021-06-19,Germany,Christian Günter,False,0.0
2021-06-19,Germany,Kai Havertz,True,72.28333333333333
2021-06-19,Germany,İlkay Gündoğan,True,72.7
2021-06-19,Germany,Florian Neuhaus,False,0.0
2021-06-19,Germany,Robin Koch,False,0.0
2021-06-19,Germany,Bernd Leno,False,0.0
2021-06-16,Wales,Ben Davies,True,90.0
2021-06-16,Wales,Wayne Hennessey,False,0.0
2021-06-16,Wales,Aaron Ramsey,True,83.86666666666666
2021-06-16,Wales,Tom Lockyer,False,0.0
2021-06-16,Wales,Kieffer Roberto Francisco Moore,True,90.0
2021-06-16,Wales,Tyler Roberts,False,0.0
2021-06-16,Wales,David Brooks,False,0.0
2021-06-16,Wales,Adam Davies,False,0.0
2021-06-16,Wales,Chris Mepham,True,90.0
2021-06-16,Wales,Connor Roberts,True,90.0
2021-06-16,Wales,Ethan Ampadu,False,17.78333333333333
2021-06-16,Wales,Gareth Frank Bale,True,90.0
2021-06-16,Wales,Harry Wilson,False,6.13333333333334
2021-06-16,Wales,Daniel Ward,True,90.0
2021-06-16,Wales,Chris Gunter,False,0.0
2021-06-16,Wales,Joe Allen,True,72.21666666666667
2021-06-16,Wales,Jonathan Williams,False,0.0
2021-06-16,Wales,Joe Rodon,True,90.0
2021-06-16,Wales,Daniel James,True,93.51666666666667
2021-06-16,Wales,Joseff Morrell,True,90.0
2021-06-16,Wales,Rhys Norrington-Davies,False,0.0
2021-06-16,Wales,Dylan Levitt,False,0.0
2021-06-16,Wales,Neco Williams,False,0.0
2021-06-16,Turkey,Cengiz Ünder,True,82.3
2021-06-16,Turkey,Hakan Çalhanoğlu,True,90.0
2021-06-16,Turkey,Kenan Karaman,True,74.25
2021-06-16,Turkey,Caglar Söyüncü,True,90.0
2021-06-16,Turkey,Mehmet Zeki Çelik,True,90.0
2021-06-16,Turkey,Mert Müldür,False,18.0
2021-06-16,Turkey,Burak Yılmaz,True,90.0
2021-06-16,Turkey,Ozan Tufan,True,45.0
2021-06-16,Turkey,Kaan Ayhan,True,90.0
2021-06-16,Turkey,Okay Yokuşlu,True,45.0
2021-06-16,Turkey,Ozan Muhammed Kabak,False,0.0
2021-06-16,Turkey,Dorukhan Toköz,False,0.0
2021-06-16,Turkey,İbrahim Halil Dervişoğlu,False,15.75
2021-06-16,Turkey,Orkun Kökçü,False,0.0
2021-06-16,Turkey,Merih Demiral,False,45.0
2021-06-16,Turkey,Yusuf Yazıcı,False,45.0
2021-06-16,Turkey,Fehmi Mert Günok,False,0.0
2021-06-16,Turkey,İrfan Can Kahveci,False,7.700000000000003
2021-06-16,Turkey,Uğurcan Çakır,True,90.0
2021-06-16,Turkey,Altay Bayındır,False,0.0
2021-06-16,Turkey,Cengiz Umut Meraş,True,69.56666666666666
2021-06-16,Turkey,Taylan Antalyalı,False,0.0
2021-06-16,Turkey,Muhammed Kerem Aktürkoğlu,False,0.0
2021-06-16,Switzerland,Granit Xhaka,True,90.0
2021-06-16,Switzerland,Xherdan Shaqiri,True,75.06666666666666
2021-06-16,Switzerland,Fabian Lukas Schär,True,57.05
2021-06-16,Switzerland,Denis Lemi Zakaria Lako Lado,False,0.0
2021-06-16,Switzerland,Haris Seferović,True,45.0
2021-06-16,Switzerland,Ricardo Iván Rodríguez Araya,True,90.0
2021-06-16,Switzerland,Breel-Donald Embolo,True,90.0
2021-06-16,Switzerland,Steven Zuber,False,32.95
2021-06-16,Switzerland,Manuel Obafemi Akanji,True,90.0
2021-06-16,Switzerland,Yann Sommer,True,90.0
2021-06-16,Switzerland,Mario Gavranović,False,45.0
2021-06-16,Switzerland,Remo Freuler,True,83.28333333333333
2021-06-16,Switzerland,Silvan Widmer,False,32.86666666666667
2021-06-16,Switzerland,Admir Mehmedi,False,0.0
2021-06-16,Switzerland,Nico Elvedi,True,90.0
2021-06-16,Switzerland,Yvon Landry Mvogo,False,0.0
2021-06-16,Switzerland,Loris Benito,False,0.0
2021-06-16,Switzerland,Christian Fassnacht,False,0.0
2021-06-16,Switzerland,Djibril Sow,False,6.716666666666669
2021-06-16,Switzerland,Kevin Mbabu,True,57.13333333333333
2021-06-16,Switzerland,Gregor Kobel,False,0.0
2021-06-16,Switzerland,Eray Ervin Cömert,False,0.0
2021-06-16,Switzerland,Ruben Vargas,False,14.933333333333337
2021-06-16,Italy,Emerson Palmieri dos Santos,False,0.0
2021-06-16,Italy,Giorgio Chiellini,True,23.883333333333333
2021-06-16,Italy,Alex Meret,False,0.0
2021-06-16,Italy,Bryan Cristante,False,3.950000000000003
2021-06-16,Italy,Rafael Tolói,False,20.799999999999997
2021-06-16,Italy,Jorge Luiz Frello Filho,True,90.0
2021-06-16,Italy,Gianluigi Donnarumma,True,90.0
2021-06-16,Italy,Lorenzo Insigne,True,68.86666666666666
2021-06-16,Italy,Manuel Locatelli,True,85.88333333333334
2021-06-16,Italy,Francesco Acerbi,False,66.11666666666667
2021-06-16,Italy,Domenico Berardi,True,69.2
2021-06-16,Italy,Federico Chiesa,False,21.13333333333334
2021-06-16,Italy,Leonardo Bonucci,True,90.0
2021-06-16,Italy,Salvatore Sirigu,False,0.0
2021-06-16,Italy,Andrea Belotti,False,0.0
2021-06-16,Italy,Alessandro Bastoni,False,0.0
2021-06-16,Italy,Federico Bernardeschi,False,0.0
2021-06-16,Italy,Ciro Immobile,True,90.0
2021-06-16,Italy,Nicolò Barella,True,86.05
2021-06-16,Italy,Leonardo Spinazzola,True,90.0
2021-06-16,Italy,Giovanni Di Lorenzo,True,90.0
2021-06-16,Italy,Matteo Pessina,False,4.11666666666666
2021-06-16,Italy,Giacomo Raspadori,False,0.0
2021-06-19,Poland,Kamil Glik,True,90.0
2021-06-19,Poland,Łukasz Fabiański,False,0.0
2021-06-19,Poland,Jan Bednarek,True,84.03333333333333
2021-06-19,Poland,Kamil Jóźwiak,True,90.0
2021-06-19,Poland,Piotr Zieliński,True,90.0
2021-06-19,Poland,Dawid Kownacki,False,0.0
2021-06-19,Poland,Robert Lewandowski,True,90.0
2021-06-19,Poland,Wojciech Szczęsny,True,90.0
2021-06-19,Poland,Maciej Rybus,False,0.0
2021-06-19,Poland,Bartosz Bereszyński,True,90.0
2021-06-19,Poland,Karol Linetty,False,5.950000000000003
2021-06-19,Poland,Przemysław Frankowski,False,22.63333333333334
2021-06-19,Poland,Michał Helik,False,0.0
2021-06-19,Poland,Tymoteusz Puchacz,True,90.0
2021-06-19,Poland,Karol Świderski,True,67.36666666666666
2021-06-19,Poland,Mateusz Andrzej Klich,True,54.28333333333333
2021-06-19,Poland,Łukasz Skorupski,False,0.0
2021-06-19,Poland,Tomasz Karol Kędziora,False,0.0
2021-06-19,Poland,Jakub Świerczok,False,0.0
2021-06-19,Poland,Kacper Kozłowski,False,35.71666666666667
2021-06-19,Poland,Przemysław Płacheta,False,0.0
2021-06-19,Poland,Jakub Moder,True,84.05
2021-06-19,Poland,Paweł Dawidowicz,False,5.966666666666669
2021-06-19,Spain,David de Gea Quintana,False,0.0
2021-06-19,Spain,Álvaro Borja Morata Martín,True,86.25
2021-06-19,Spain,César Azpilicueta Tanco,False,0.0
2021-06-19,Spain,Aymeric Laporte,True,90.0
2021-06-19,Spain,Jorge Resurrección Merodio,True,67.2
2021-06-19,Spain,Thiago Alcântara do Nascimento,False,0.0
2021-06-19,Spain,Jordi Alba Ramos,True,90.0
2021-06-19,Spain,José Luis Gayà Peña,False,0.0
2021-06-19,Spain,Fabián Ruiz Peña,False,22.849999999999994
2021-06-19,Spain,Mikel Oyarzabal Ugarte,False,3.75
2021-06-19,Spain,Diego Javier Llorente Ríos,False,0.0
2021-06-19,Spain,Pablo Sarabia García,False,22.799999999999997
2021-06-19,Spain,Ferrán Torres García,False,28.983333333333334
2021-06-19,Spain,Rodrigo Hernández Cascante,True,90.0
2021-06-19,Spain,Gerard Moreno Balaguero,True,67.15
2021-06-19,Spain,Marcos Llorente Moreno,True,90.0
2021-06-19,Spain,Pau Francisco Torres,True,90.0
2021-06-19,Spain,Robert Lynch Sanchez,False,0.0
2021-06-19,Spain,Adama Traoré Diarra,False,0.0
2021-06-19,Spain,Unai Simón Mendibil,True,90.0
2021-06-19,Spain,Daniel Olmo Carvajal,True,61.016666666666666
2021-06-19,Spain,Pedro González López,True,90.0
2021-06-19,Spain,Eric García Martret,False,0.0
2021-06-13,Austria,Marko Arnautović,False,32.166666666666664
2021-06-13,Austria,Aleksandar Dragović,True,45.0
2021-06-13,Austria,David Olatukunbo Alaba,True,90.0
2021-06-13,Austria,Martin Hinteregger,True,90.0
2021-06-13,Austria,Michael Gregoritsch,False,32.18333333333333
2021-06-13,Austria,Konrad Laimer,True,92.46666666666667
2021-06-13,Austria,Stefan Ilsanker,False,0.0
2021-06-13,Austria,Marcel Sabitzer,True,90.0
2021-06-13,Austria,Alexander Schlager,False,0.0
2021-06-13,Austria,Xaver Schlager,True,93.78333333333333
2021-06-13,Austria,Andreas Ulmer,True,90.0
2021-06-13,Austria,Stefan Lainer,True,90.0
2021-06-13,Austria,Philipp Lienhart,False,45.0
2021-06-13,Austria,Louis Schaub,False,0.0
2021-06-13,Austria,Christopher Trimmel,False,0.0
2021-06-13,Austria,Valentino Lazaro,False,0.0
2021-06-13,Austria,Alessandro Schöpf,False,0.0
2021-06-13,Austria,Florian Grillitsch,False,0.0
2021-06-13,Austria,Pavao Pervan,False,0.0
2021-06-13,Austria,Sasa Kalajdzic,True,57.833333333333336
2021-06-13,Austria,Julian Baumgartlinger,False,0.0
2021-06-13,Austria,Daniel Bachmann,True,90.0
2021-06-13,Austria,Christoph Baumgartner,True,57.81666666666667
2021-06-13,North Macedonia,Ezgjan Alioski,True,90.0
2021-06-13,North Macedonia,Enis Bardhi,True,81.23333333333333
2021-06-13,North Macedonia,Goran Pandev,True,90.0
2021-06-13,North Macedonia,Stefan Ristovski,True,90.0
2021-06-13,North Macedonia,Eljif Elmas,True,90.0
2021-06-13,North Macedonia,Ivan Trichkovski,False,8.766666666666666
2021-06-13,North Macedonia,Boban Nikolov,True,63.166666666666664
2021-06-13,North Macedonia,Arijan Ademi,True,90.0
2021-06-13,North Macedonia,Stole Dimitrievski,True,90.0
2021-06-13,North Macedonia,Darko Churlinov,False,0.0
2021-06-13,North Macedonia,Aleksandar Trajkovski,True,62.983333333333334
2021-06-13,North Macedonia,Darko Velkovski,True,90.0
2021-06-13,North Macedonia,Ferhan Hasani,False,0.0
2021-06-13,North Macedonia,Tihomir Kostadinov,False,27.016666666666666
2021-06-13,North Macedonia,Milan Ristovski,False,4.13333333333334
2021-06-13,North Macedonia,Visar Musliu,True,85.86666666666666
2021-06-13,North Macedonia,Damjan Shishkovski,False,0.0
2021-06-13,North Macedonia,Stefan Spirovski,False,0.0
2021-06-13,North Macedonia,Kire Ristevski,False,0.0
2021-06-13,North Macedonia,Krste Velkoski,False,0.0
2021-06-13,North Macedonia,Egzon Bejtulai,False,26.833333333333336
2021-06-13,North Macedonia,Daniel Avramovski,False,0.0
2021-06-13,North Macedonia,Risto Jankov,False,0.0
2021-06-11,Italy,Emerson Palmieri dos Santos,False,0.0
2021-06-11,Italy,Giorgio Chiellini,True,90.0
2021-06-11,Italy,Alex Meret,False,0.0
2021-06-11,Italy,Alessandro Florenzi,True,45.0
2021-06-11,Italy,Bryan Cristante,False,16.83333333333333
2021-06-11,Italy,Jorge Luiz Frello Filho,True,90.0
2021-06-11,Italy,Gianluigi Donnarumma,True,90.0
2021-06-11,Italy,Lorenzo Insigne,True,80.05
2021-06-11,Italy,Manuel Locatelli,True,73.16666666666667
2021-06-11,Italy,Francesco Acerbi,False,0.0
2021-06-11,Italy,Domenico Berardi,True,84.56666666666666
2021-06-11,Italy,Federico Chiesa,False,9.950000000000003
2021-06-11,Italy,Leonardo Bonucci,True,90.0
2021-06-11,Italy,Salvatore Sirigu,False,0.0
2021-06-11,Italy,Andrea Belotti,False,9.599999999999994
2021-06-11,Italy,Alessandro Bastoni,False,0.0
2021-06-11,Italy,Federico Bernardeschi,False,5.433333333333337
2021-06-11,Italy,Ciro Immobile,True,80.4
2021-06-11,Italy,Nicolò Barella,True,90.0
2021-06-11,Italy,Leonardo Spinazzola,True,90.0
2021-06-11,Italy,Giovanni Di Lorenzo,False,45.0
2021-06-11,Italy,Matteo Pessina,False,0.0
2021-06-11,Italy,Giacomo Raspadori,False,0.0
2021-06-11,Turkey,Enes Ünal,False,0.0
2021-06-11,Turkey,Cengiz Ünder,False,45.0
2021-06-11,Turkey,Hakan Çalhanoğlu,True,90.0
2021-06-11,Turkey,Kenan Karaman,True,75.9
2021-06-11,Turkey,Caglar Söyüncü,True,90.0
2021-06-11,Turkey,Mehmet Zeki Çelik,True,90.0
2021-06-11,Turkey,Mert Müldür,False,0.0
2021-06-11,Turkey,Burak Yılmaz,True,90.0
2021-06-11,Turkey,Ozan Tufan,True,63.916666666666664
2021-06-11,Turkey,Kaan Ayhan,False,26.083333333333336
2021-06-11,Turkey,Okay Yokuşlu,True,64.18333333333334
2021-06-11,Turkey,Ozan Muhammed Kabak,False,0.0
2021-06-11,Turkey,Dorukhan Toköz,False,0.0
2021-06-11,Turkey,İbrahim Halil Dervişoğlu,False,14.099999999999994
2021-06-11,Turkey,Orkun Kökçü,False,0.0
2021-06-11,Turkey,Merih Demiral,True,90.0
2021-06-11,Turkey,Yusuf Yazıcı,True,45.0
2021-06-11,Turkey,Fehmi Mert Günok,False,0.0
2021-06-11,Turkey,İrfan Can Kahveci,False,25.816666666666663
2021-06-11,Turkey,Uğurcan Çakır,True,90.0
2021-06-11,Turkey,Altay Bayındır,False,0.0
2021-06-11,Turkey,Cengiz Umut Meraş,True,90.0
2021-06-11,Turkey,Taylan Antalyalı,False,0.0
2021-07-03,Denmark,Mathias Jørgensen Jatta,False,0.0
2021-07-03,Denmark,Jonas Lössl,False,0.0
2021-07-03,Denmark,Pierre-Emile Højbjerg,True,90.0
2021-07-03,Denmark,Kasper Schmeichel,True,90.0
2021-07-03,Denmark,Andreas Christensen,True,80.35
2021-07-03,Denmark,Martin Braithwaite Christensen,True,90.0
2021-07-03,Denmark,Jens Stryger Larsen,True,69.53333333333333
2021-07-03,Denmark,Thomas Delaney,True,80.78333333333333
2021-07-03,Denmark,Simon Thorup Kjær,True,90.0
2021-07-03,Denmark,Yussuf Yurary Poulsen,False,31.18333333333333
2021-07-03,Denmark,Andreas Evald Cornelius,False,0.0
2021-07-03,Denmark,Kasper Dolberg,True,58.81666666666667
2021-07-03,Denmark,Daniel Wass,False,19.983333333333334
2021-07-03,Denmark,Christian Nørgaard,False,30.866666666666667
2021-07-03,Denmark,Joachim Andersen,False,9.650000000000006
2021-07-03,Denmark,Jannik Vestergaard,True,90.0
2021-07-03,Denmark,Frederik Rønnow,False,0.0
2021-07-03,Denmark,Robert Skov,False,0.0
2021-07-03,Denmark,Joakim Mæhle,True,89.51666666666667
2021-07-03,Denmark,Andreas Skov Olsen,False,0.0
2021-07-03,Denmark,Mathias Jensen,False,9.216666666666669
2021-07-03,Denmark,Jonas Older Wind,False,0.0
2021-07-03,Denmark,Mikkel Damsgaard,True,59.13333333333333
2021-07-03,Czech Republic,Tomáš Koubek,False,0.0
2021-07-03,Czech Republic,Matěj Vydra,False,11.433333333333337
2021-07-03,Czech Republic,Tomáš Souček,True,90.0
2021-07-03,Czech Republic,Jan Bořil,True,88.28333333333335
2021-07-03,Czech Republic,Patrik Schick,True,78.56666666666666
2021-07-03,Czech Republic,Antonín Barák,True,90.0
2021-07-03,Czech Republic,Jakub Jankto,False,45.0
2021-07-03,Czech Republic,Vladimír Darida,False,11.36666666666666
2021-07-03,Czech Republic,Pavel Kadeřábek,False,0.0
2021-07-03,Czech Republic,Tomáš Vaclík,True,90.0
2021-07-03,Czech Republic,Tomáš Kalas,True,90.0
2021-07-03,Czech Republic,Michael Krmenčík,False,45.0
2021-07-03,Czech Republic,Tomáš Holeš,True,45.0
2021-07-03,Czech Republic,Lukáš Masopust,True,45.0
2021-07-03,Czech Republic,Vladimír Coufal,True,90.0
2021-07-03,Czech Republic,Tomáš Pekhart,False,0.0
2021-07-03,Czech Republic,Alex Král,False,0.0
2021-07-03,Czech Republic,Petr Ševčík,True,78.63333333333334
2021-07-03,Czech Republic,Jakub Brabec,False,25.58333333333333
2021-07-03,Czech Republic,Jakub Pešek,False,0.0
2021-07-03,Czech Republic,Ondrej Celustka,True,64.41666666666667
2021-07-03,Czech Republic,Aleš Mandous,False,0.0
2021-07-03,Czech Republic,David Zima,False,0.0
2021-06-21,Netherlands,Memphis Depay,True,65.78333333333333
2021-06-21,Netherlands,Nathan Aké,False,0.0
2021-06-21,Netherlands,Daley Blind,True,90.0
2021-06-21,Netherlands,Patrick van Aanholt,True,90.0
2021-06-21,Netherlands,Georginio Wijnaldum,True,90.0
2021-06-21,Netherlands,Davy Klaassen,False,0.0
2021-06-21,Netherlands,Steven Berghuis,False,45.0
2021-06-21,Netherlands,Stefan de Vrij,True,45.0
2021-06-21,Netherlands,Wout Weghorst,False,24.21666666666667
2021-06-21,Netherlands,Marco Bizot,False,0.0
2021-06-21,Netherlands,Teun Koopmeiners,False,0.0
2021-06-21,Netherlands,Joël Veltman,False,0.0
2021-06-21,Netherlands,Matthijs de Ligt,True,90.0
2021-06-21,Netherlands,Frenkie de Jong,True,78.3
2021-06-21,Netherlands,Denzel Dumfries,True,45.0
2021-06-21,Netherlands,Timothy Michael Krul,False,0.0
2021-06-21,Netherlands,Quincy Anton Promes,False,24.316666666666663
2021-06-21,Netherlands,Donyell Malen,True,65.68333333333334
2021-06-21,Netherlands,Luuk de Jong,False,0.0
2021-06-21,Netherlands,Maarten Stekelenburg,True,90.0
2021-06-21,Netherlands,Cody Mathès Gakpo,False,11.700000000000003
2021-06-21,Netherlands,Jurriën David Norman Timber,False,45.0
2021-06-21,Netherlands,Ryan Gravenberch,True,90.0
2021-06-21,North Macedonia,Ezgjan Alioski,True,90.0
2021-06-21,North Macedonia,Enis Bardhi,True,77.76666666666667
2021-06-21,North Macedonia,Goran Pandev,True,67.98333333333333
2021-06-21,North Macedonia,Stefan Ristovski,True,90.0
2021-06-21,North Macedonia,Eljif Elmas,True,90.0
2021-06-21,North Macedonia,Ivan Trichkovski,True,55.78333333333333
2021-06-21,North Macedonia,Boban Nikolov,False,11.933333333333337
2021-06-21,North Macedonia,Arijan Ademi,True,78.06666666666666
2021-06-21,North Macedonia,Stole Dimitrievski,True,90.0
2021-06-21,North Macedonia,Gjoko Zajkov,False,0.0
2021-06-21,North Macedonia,Vlatko Stojanovski,False,12.233333333333334
2021-06-21,North Macedonia,Darko Churlinov,False,34.21666666666667
2021-06-21,North Macedonia,Aleksandar Trajkovski,True,67.58333333333333
2021-06-21,North Macedonia,Darko Velkovski,True,90.0
2021-06-21,North Macedonia,Ferhan Hasani,False,22.41666666666667
2021-06-21,North Macedonia,Tihomir Kostadinov,False,22.016666666666666
2021-06-21,North Macedonia,Visar Musliu,True,90.0
2021-06-21,North Macedonia,Damjan Shishkovski,False,0.0
2021-06-21,North Macedonia,Stefan Spirovski,False,0.0
2021-06-21,North Macedonia,Kire Ristevski,False,0.0
2021-06-21,North Macedonia,Krste Velkoski,False,0.0
2021-06-21,North Macedonia,Daniel Avramovski,False,0.0
2021-06-21,North Macedonia,Risto Jankov,False,0.0
2021-06-29,Germany,Leroy Sané,False,3.0
2021-06-29,Germany,Antonio Rüdiger,True,90.0
2021-06-29,Germany,Emre Can,False,3.0166666666666657
2021-06-29,Germany,Kevin Trapp,False,0.0
2021-06-29,Germany,Timo Werner,True,67.7
2021-06-29,Germany,Thomas Müller,True,91.13333333333334
2021-06-29,Germany,Manuel Neuer,True,90.0
2021-06-29,Germany,Mats Hummels,True,90.0
2021-06-29,Germany,Toni Kroos,True,90.0
2021-06-29,Germany,Joshua Kimmich,True,90.0
2021-06-29,Germany,Niklas Süle,False,0.0
2021-06-29,Germany,Leon Goretzka,True,90.0
2021-06-29,Germany,Robin Gosens,True,87.0
2021-06-29,Germany,Kevin Volland,False,0.0
2021-06-29,Germany,Serge Gnabry,False,22.299999999999997
2021-06-29,Germany,Marcel Halstenberg,False,0.0
2021-06-29,Germany,Matthias Ginter,True,86.98333333333333
2021-06-29,Germany,Kai Havertz,True,90.0
2021-06-29,Germany,İlkay Gündoğan,False,0.0
2021-06-29,Germany,Florian Neuhaus,False,0.0
2021-06-29,Germany,Robin Koch,False,0.0
2021-06-29,Germany,Bernd Leno,False,0.0
2021-06-29,Germany,Jamal Musiala,False,0.0
2021-06-29,England,Kyle Walker,True,90.0
2021-06-29,England,Raheem Sterling,True,90.0
2021-06-29,England,John Stones,True,90.0
2021-06-29,England,Kieran Trippier,True,89.73333333333333
2021-06-29,England,Marcus Rashford,False,0.0
2021-06-29,England,Tyrone Mings,False,0.0
2021-06-29,England,Harry Maguire,True,90.0
2021-06-29,England,Luke Shaw,True,90.0
2021-06-29,England,Jordan Pickford,True,90.0
2021-06-29,England,Jordan Brian Henderson,False,2.8333333333333286
2021-06-29,England,Declan Rice,True,87.16666666666667
2021-06-29,England,Philip Foden,False,0.0
2021-06-29,England,Kalvin Phillips,True,90.0
2021-06-29,England,Mason Mount,False,0.0
2021-06-29,England,Sam Johnstone,False,0.0
2021-06-29,England,Reece James,False,0.0
2021-06-29,England,Jack Grealish,False,21.599999999999994
2021-06-29,England,Conor Coady,False,0.0
2021-06-29,England,Harry Kane,True,89.6
2021-06-29,England,Jadon Sancho,False,0.0
2021-06-29,England,Bukayo Saka,True,68.4
2021-06-29,England,Aaron Ramsdale,False,0.0
2021-06-29,England,Jude Bellingham,False,0.0
2021-06-23,Germany,Leroy Sané,True,90.0
2021-06-23,Germany,Antonio Rüdiger,True,90.0
2021-06-23,Germany,Emre Can,False,0.0
2021-06-23,Germany,Kevin Trapp,False,0.0
2021-06-23,Germany,Timo Werner,False,23.049999999999997
2021-06-23,Germany,Thomas Müller,False,23.066666666666663
2021-06-23,Germany,Manuel Neuer,True,90.0
2021-06-23,Germany,Mats Hummels,True,90.0
2021-06-23,Germany,Toni Kroos,True,90.0
2021-06-23,Germany,Joshua Kimmich,True,90.0
2021-06-23,Germany,Niklas Süle,False,0.0
2021-06-23,Germany,Leon Goretzka,False,32.9
2021-06-23,Germany,Robin Gosens,True,82.03333333333333
2021-06-23,Germany,Kevin Volland,False,7.966666666666669
2021-06-23,Germany,Serge Gnabry,True,66.93333333333334
2021-06-23,Germany,Marcel Halstenberg,False,0.0
2021-06-23,Germany,Matthias Ginter,True,82.03333333333333
2021-06-23,Germany,Kai Havertz,True,66.95
2021-06-23,Germany,İlkay Gündoğan,True,56.61666666666667
2021-06-23,Germany,Florian Neuhaus,False,0.0
2021-06-23,Germany,Robin Koch,False,0.0
2021-06-23,Germany,Bernd Leno,False,0.0
2021-06-23,Germany,Jamal Musiala,False,7.966666666666669
2021-06-23,Hungary,Ádám Lang,False,0.0
2021-06-23,Hungary,Ádám Nagy,True,90.0
2021-06-23,Hungary,Ádám Szalai,True,81.16666666666667
2021-06-23,Hungary,Willi Orban,True,90.0
2021-06-23,Hungary,Péter Gulácsi,True,90.0
2021-06-23,Hungary,Ádám Bogdán,False,0.0
2021-06-23,Hungary,Gergő Lovrencsics,False,1.7999999999999972
2021-06-23,Hungary,Attila Fiola,True,87.73333333333333
2021-06-23,Hungary,Nemanja Nikolić,False,4.416666666666671
2021-06-23,Hungary,László Kleinheisler,True,88.2
2021-06-23,Hungary,Loïc Négo,True,90.0
2021-06-23,Hungary,Roland Sallai,True,74.16666666666667
2021-06-23,Hungary,Szabolcs Schön,False,15.833333333333329
2021-06-23,Hungary,Filip Holender,False,0.0
2021-06-23,Hungary,Ákos Kecskés,False,0.0
2021-06-23,Hungary,Endre Botka,True,90.0
2021-06-23,Hungary,Dénes Dibusz,False,0.0
2021-06-23,Hungary,David Siger,False,0.0
2021-06-23,Hungary,Roland Varga,False,0.0
2021-06-23,Hungary,András Schäfer,True,90.0
2021-06-23,Hungary,Attila Szalai,True,90.0
2021-06-23,Hungary,Bendegúz Bolla,False,0.0
2021-06-23,Hungary,Kevin Varga,False,10.983333333333334
2021-06-22,Croatia,Nikola Vlašić,True,75.9
2021-06-22,Croatia,Dejan Lovren,True,90.0
2021-06-22,Croatia,Mateo Kovačić,True,90.0
2021-06-22,Croatia,Andrej Kramarić,False,20.099999999999994
2021-06-22,Croatia,Šime Vrsaljko,False,0.0
2021-06-22,Croatia,Luka Modrić,True,90.0
2021-06-22,Croatia,Ante Rebić,False,9.833333333333329
2021-06-22,Croatia,Domagoj Vida,True,90.0
2021-06-22,Croatia,Marcelo Brozović,True,90.0
2021-06-22,Croatia,Ivan Perišić,True,80.16666666666667
2021-06-22,Croatia,Milan Badelj,False,0.0
2021-06-22,Croatia,Duje Ćaleta-Car,False,0.0
2021-06-22,Croatia,Lovre Kalinić,False,0.0
2021-06-22,Croatia,Bruno Petković,True,69.9
2021-06-22,Croatia,Ante Budimir,False,0.0
2021-06-22,Croatia,Josip Brekalo,False,0.0
2021-06-22,Croatia,Borna Barišić,False,19.33333333333333
2021-06-22,Croatia,Mario Pašalić,False,0.0
2021-06-22,Croatia,Dominik Livaković,True,90.0
2021-06-22,Croatia,Luka Ivanušec,False,14.099999999999994
2021-06-22,Croatia,Josip Juranović,True,90.0
2021-06-22,Croatia,Simon Sluga,False,0.0
2021-06-22,Croatia,Joško Gvardiol,True,70.66666666666667
2021-06-22,Scotland,Ryan Fraser,False,20.549999999999997
2021-06-22,Scotland,Scott McTominay,True,90.0
2021-06-22,Scotland,Andrew Robertson,True,90.0
2021-06-22,Scotland,John Fleck,False,0.0
2021-06-22,Scotland,Stephen O''Donnell,True,83.13333333333334
2021-06-22,Scotland,Che Adams,True,83.15
2021-06-22,Scotland,Grant Campbell Hanley,True,32.86666666666667
2021-06-22,Scotland,Liam Cooper,False,0.0
2021-06-22,Scotland,David Marshall,True,90.0
2021-06-22,Scotland,John McGinn,True,90.0
2021-06-22,Scotland,Scott McKenna,False,57.13333333333333
2021-06-22,Scotland,Stuart Armstrong,True,69.45
2021-06-22,Scotland,Craig Gordon,False,0.0
2021-06-22,Scotland,Callum McGregor,True,90.0
2021-06-22,Scotland,Declan Gallagher,False,0.0
2021-06-22,Scotland,James Forrest,False,0.0
2021-06-22,Scotland,Kieran Tierney,True,90.0
2021-06-22,Scotland,Jon McLaughlin,False,0.0
2021-06-22,Scotland,Ryan Christie,False,0.0
2021-06-22,Scotland,David Turnbull,False,0.0
2021-06-22,Scotland,Lyndon Dykes,True,90.0
2021-06-22,Scotland,Nathan Patterson,False,6.86666666666666
2021-06-22,Scotland,Kevin Nisbet,False,6.849999999999994
2021-06-22,England,Kyle Walker,True,90.0
2021-06-22,England,Raheem Sterling,True,66.71666666666667
2021-06-22,England,John Stones,True,78.28333333333333
2021-06-22,England,Kieran Trippier,False,0.0
2021-06-22,England,Marcus Rashford,False,23.28333333333333
2021-06-22,England,Tyrone Mings,False,11.716666666666669
2021-06-22,England,Harry Maguire,True,90.0
2021-06-22,England,Luke Shaw,True,90.0
2021-06-22,England,Jordan Pickford,True,90.0
2021-06-22,England,Dominic Calvert-Lewin,False,0.0
2021-06-22,England,Jordan Brian Henderson,False,45.0
2021-06-22,England,Declan Rice,True,45.0
2021-06-22,England,Kalvin Phillips,True,90.0
2021-06-22,England,Sam Johnstone,False,0.0
2021-06-22,England,Reece James,False,0.0
2021-06-22,England,Jack Grealish,True,67.18333333333334
2021-06-22,England,Conor Coady,False,0.0
2021-06-22,England,Harry Kane,True,90.0
2021-06-22,England,Jadon Sancho,False,6.733333333333334
2021-06-22,England,Bukayo Saka,True,83.26666666666667
2021-06-22,England,Aaron Ramsdale,False,0.0
2021-06-22,England,Ben White,False,0.0
2021-06-22,England,Jude Bellingham,False,22.816666666666663
2021-06-22,Czech Republic,Tomáš Koubek,False,0.0
2021-06-22,Czech Republic,Matěj Vydra,False,6.5
2021-06-22,Czech Republic,Tomáš Souček,True,90.0
2021-06-22,Czech Republic,Jan Bořil,True,90.0
2021-06-22,Czech Republic,Patrik Schick,True,74.93333333333334
2021-06-22,Czech Republic,Antonín Barák,False,0.0
2021-06-22,Czech Republic,Jakub Jankto,True,45.0
2021-06-22,Czech Republic,Vladimír Darida,True,63.71666666666667
2021-06-22,Czech Republic,Pavel Kadeřábek,False,0.0
2021-06-22,Czech Republic,Tomáš Vaclík,True,90.0
2021-06-22,Czech Republic,Tomáš Kalas,True,90.0
2021-06-22,Czech Republic,Michael Krmenčík,False,0.0
2021-06-22,Czech Republic,Tomáš Holeš,True,83.5
2021-06-22,Czech Republic,Lukáš Masopust,True,64.25
2021-06-22,Czech Republic,Vladimír Coufal,True,90.0
2021-06-22,Czech Republic,Tomáš Pekhart,False,15.066666666666663
2021-06-22,Czech Republic,Alex Král,False,26.28333333333333
2021-06-22,Czech Republic,Petr Ševčík,False,45.0
2021-06-22,Czech Republic,Jakub Brabec,False,0.0
2021-06-22,Czech Republic,Adam Hložek,False,25.75
2021-06-22,Czech Republic,Ondrej Celustka,True,90.0
2021-06-22,Czech Republic,Aleš Matějů,False,0.0
2021-06-22,Czech Republic,Aleš Mandous,False,0.0
2021-06-21,Belgium,Youri Tielemans,False,0.0
2021-06-21,Belgium,Jan Vertonghen,False,0.0
2021-06-21,Belgium,Kevin De Bruyne,True,90.48333333333333
2021-06-21,Belgium,Thomas Meunier,False,15.283333333333331
2021-06-21,Belgium,Romelu Lukaku Menama,True,83.83333333333333
2021-06-21,Belgium,Christian Benteke Liolo,False,6.166666666666671
2021-06-21,Belgium,Michy Batshuayi Tunga,False,15.0
2021-06-21,Belgium,Thibaut Courtois,True,90.0
2021-06-21,Belgium,Simon Mignolet,False,0.0
2021-06-21,Belgium,Eden Hazard,True,90.0
2021-06-21,Belgium,Nacer Chadli,True,90.0
2021-06-21,Belgium,Dries Mertens,False,0.0
2021-06-21,Belgium,Yannick Ferreira Carrasco,False,0.0
2021-06-21,Belgium,Anga Dedryck Boyata,True,90.0
2021-06-21,Belgium,Axel Witsel,True,90.0
2021-06-21,Belgium,Leander Dendoncker,False,0.0
2021-06-21,Belgium,Thomas Vermaelen,True,90.0
2021-06-21,Belgium,Dennis Praet,False,0.0
2021-06-21,Belgium,Matz Sels,False,0.0
2021-06-21,Belgium,Jason Denayer,True,90.0
2021-06-21,Belgium,Hans Vanaken,False,0.0
2021-06-21,Belgium,Leandro Trossard,True,74.71666666666667
2021-06-21,Belgium,Jeremy Doku,True,75.0
2021-06-21,Finland,Fredrik Jensen,False,0.0
2021-06-21,Finland,Lukáš Hrádecký,True,90.0
2021-06-21,Finland,Teemu Pukki,True,90.88333333333334
2021-06-21,Finland,Joel Pohjanpalo,True,69.13333333333334
2021-06-21,Finland,Pyry Henri Hidipo Soiri,False,0.0
2021-06-21,Finland,Marcus Forss,False,0.0
2021-06-21,Finland,Rasmus Schüller,False,31.666666666666664
2021-06-21,Finland,Glen Kamara,True,90.0
2021-06-21,Finland,Anssi Jaakkola,False,0.0
2021-06-21,Finland,Jukka Raitala,True,90.0
2021-06-21,Finland,Jesse Joronen,False,0.0
2021-06-21,Finland,Jere Juhani Uronen,True,69.45
2021-06-21,Finland,Leo Onni Artturi Väisänen,False,0.0
2021-06-21,Finland,Joni Ensio Kauko,False,20.86666666666666
2021-06-21,Finland,Robin Lod,True,90.81666666666666
2021-06-21,Finland,Paulus Arajuuri,True,90.0
2021-06-21,Finland,Tim Sparv,True,58.333333333333336
2021-06-21,Finland,Joona Toivio,True,90.0
2021-06-21,Finland,Robert Taylor,False,0.0
2021-06-21,Finland,Onni Johannes Simonpoika Valakari,False,0.0
2021-06-21,Finland,Daniel O''Shaughnessy,True,90.0
2021-06-21,Finland,Nikolai Alho,False,20.549999999999997
2021-06-21,Finland,Robert Ivanov,False,0.0
2021-06-21,Austria,Marko Arnautović,True,89.71666666666667
2021-06-21,Austria,Aleksandar Dragović,True,90.0
2021-06-21,Austria,David Olatukunbo Alaba,True,90.0
2021-06-21,Austria,Martin Hinteregger,True,90.0
2021-06-21,Austria,Michael Gregoritsch,False,0.0
2021-06-21,Austria,Konrad Laimer,True,71.63333333333334
2021-06-21,Austria,Stefan Ilsanker,False,18.36666666666666
2021-06-21,Austria,Marcel Sabitzer,True,90.0
2021-06-21,Austria,Alexander Schlager,False,0.0
2021-06-21,Austria,Xaver Schlager,True,90.0
2021-06-21,Austria,Andreas Ulmer,False,0.0
2021-06-21,Austria,Stefan Lainer,True,90.0
2021-06-21,Austria,Philipp Lienhart,False,0.0
2021-06-21,Austria,Louis Schaub,False,0.0
2021-06-21,Austria,Christopher Trimmel,False,0.0
2021-06-21,Austria,Karim Onisiwo,False,0.0
2021-06-21,Austria,Alessandro Schöpf,False,57.8
2021-06-21,Austria,Florian Grillitsch,True,90.0
2021-06-21,Austria,Stefan Posch,False,0.0
2021-06-21,Austria,Pavao Pervan,False,0.0
2021-06-21,Austria,Sasa Kalajdzic,False,0.28333333333333144
2021-06-21,Austria,Daniel Bachmann,True,90.0
2021-06-21,Austria,Christoph Baumgartner,True,32.2
2021-06-21,Ukraine,Oleksandr Zinchenko,True,90.0
2021-06-21,Ukraine,Eduard Sobol,False,0.0
2021-06-21,Ukraine,Andriy Yarmolenko,True,90.0
2021-06-21,Ukraine,Andriy Pyatov,False,0.0
2021-06-21,Ukraine,Taras Stepanenko,False,0.0
2021-06-21,Ukraine,Evgeny Makarenko,False,0.0
2021-06-21,Ukraine,Viktor Tsygankov,False,45.0
2021-06-21,Ukraine,Serhii Sydorchuk,True,90.0
2021-06-21,Ukraine,Ruslan Malinovskiy,True,45.0
2021-06-21,Ukraine,Marlos Romero Bonfim,False,22.599999999999994
2021-06-21,Ukraine,Mykola Matvienko,True,90.0
2021-06-21,Ukraine,Serhiy Kryvtsov,False,0.0
2021-06-21,Ukraine,Artem Besedin,False,5.400000000000006
2021-06-21,Ukraine,Vitalii Mykolenko,True,84.6
2021-06-21,Ukraine,Mykola Shaparenko,True,67.4
2021-06-21,Ukraine,Heorhii Bushchan,True,90.0
2021-06-21,Ukraine,Roman Yaremchuk,True,90.0
2021-06-21,Ukraine,Artem Dovbyk,False,0.0
2021-06-21,Ukraine,Oleksandr Karavaev,True,90.0
2021-06-21,Ukraine,Anatolii Trubin,False,0.0
2021-06-21,Ukraine,Georgiy Sudakov,False,0.0
2021-06-21,Ukraine,Illia Zabarnyi,True,90.0
2021-06-21,Ukraine,Oleksandr Tymchyk,False,0.0
2021-06-16,Russia,Mário Figueira Fernandes,True,25.8
2021-06-16,Russia,Roman Zobnin,True,90.0
2021-06-16,Russia,Aleksandr Golovin,True,90.0
2021-06-16,Russia,Daler Kuzyaev,True,90.0
2021-06-16,Russia,Denis Cheryshev,False,0.0
2021-06-16,Russia,Artem Dzyuba,True,84.4
2021-06-16,Russia,Aleksey Miranchuk,True,84.5
2021-06-16,Russia,Vyacheslav Karavaev,False,64.2
2021-06-16,Russia,Anton Zabolotny,False,0.0
2021-06-16,Russia,Georgiy Dzhikiya,True,89.76666666666667
2021-06-16,Russia,Rifat Zhemaletdinov,False,29.666666666666664
2021-06-16,Russia,Dmitriy Barinov,True,96.21666666666667
2021-06-16,Russia,Magomed Ozdoev,True,60.333333333333336
2021-06-16,Russia,Matvey Safonov,True,90.0
2021-06-16,Russia,Igor Diveev,True,90.0
2021-06-16,Russia,Andrey Semenov,False,0.0
2021-06-16,Russia,Anton Shunin,False,0.0
2021-06-16,Russia,Aleksandr Sobolev,False,6.266666666666666
2021-06-16,Russia,Maksim Mukhin,False,5.5
2021-06-16,Russia,Yuri Dyupin,False,0.0
2021-06-16,Russia,Denis Makarov,False,0.0
2021-06-16,Russia,Daniil Fomin,False,0.0
2021-06-16,Russia,Roman Evgenjev,False,0.0
2021-06-16,Finland,Fredrik Jensen,False,6.083333333333329
2021-06-16,Finland,Lukáš Hrádecký,True,90.0
2021-06-16,Finland,Teemu Pukki,True,74.66666666666667
2021-06-16,Finland,Joel Pohjanpalo,True,90.0
2021-06-16,Finland,Pyry Henri Hidipo Soiri,False,15.566666666666663
2021-06-16,Finland,Marcus Forss,False,0.0
2021-06-16,Finland,Rasmus Schüller,True,66.76666666666667
2021-06-16,Finland,Glen Kamara,True,90.0
2021-06-16,Finland,Anssi Jaakkola,False,0.0
2021-06-16,Finland,Jukka Raitala,True,74.43333333333334
2021-06-16,Finland,Jesse Joronen,False,0.0
2021-06-16,Finland,Jere Juhani Uronen,True,90.0
2021-06-16,Finland,Leo Onni Artturi Väisänen,False,0.0
2021-06-16,Finland,Joni Ensio Kauko,False,23.233333333333334
2021-06-16,Finland,Robin Lod,True,90.0
2021-06-16,Finland,Paulus Arajuuri,True,90.0
2021-06-16,Finland,Tim Sparv,False,0.0
2021-06-16,Finland,Joona Toivio,True,83.91666666666667
2021-06-16,Finland,Lassi Lappalainen,False,15.333333333333329
2021-06-16,Finland,Onni Johannes Simonpoika Valakari,False,0.0
2021-06-16,Finland,Daniel O''Shaughnessy,True,90.0
2021-06-16,Finland,Nikolai Alho,False,0.0
2021-06-16,Finland,Robert Ivanov,False,0.0
2021-06-18,England,Raheem Sterling,True,90.0
2021-06-18,England,John Stones,True,90.0
2021-06-18,England,Kieran Trippier,False,0.0
2021-06-18,England,Marcus Rashford,False,16.16666666666667
2021-06-18,England,Tyrone Mings,True,90.0
2021-06-18,England,Harry Maguire,False,0.0
2021-06-18,England,Luke Shaw,True,90.0
2021-06-18,England,Ben Chilwell,False,0.0
2021-06-18,England,Jordan Pickford,True,90.0
2021-06-18,England,Dominic Calvert-Lewin,False,0.0
2021-06-18,England,Jordan Brian Henderson,False,0.0
2021-06-18,England,Declan Rice,True,90.0
2021-06-18,England,Philip Foden,True,62.75
2021-06-18,England,Kalvin Phillips,True,90.0
2021-06-18,England,Mason Mount,True,90.0
2021-06-18,England,Sam Johnstone,False,0.0
2021-06-18,England,Reece James,True,90.0
2021-06-18,England,Jack Grealish,False,27.25
2021-06-18,England,Conor Coady,False,0.0
2021-06-18,England,Harry Kane,True,73.83333333333333
2021-06-18,England,Jadon Sancho,False,0.0
2021-06-18,England,Aaron Ramsdale,False,0.0
2021-06-18,England,Jude Bellingham,False,0.0
2021-06-18,Scotland,Ryan Fraser,False,0.0
2021-06-18,Scotland,Scott McTominay,True,90.0
2021-06-18,Scotland,Andrew Robertson,True,90.0
2021-06-18,Scotland,John Fleck,False,0.0
2021-06-18,Scotland,Stephen O''Donnell,True,90.0
2021-06-18,Scotland,Che Adams,True,85.2
2021-06-18,Scotland,Grant Campbell Hanley,True,90.0
2021-06-18,Scotland,Liam Cooper,False,0.0
2021-06-18,Scotland,David Marshall,True,90.0
2021-06-18,Scotland,John McGinn,True,90.0
2021-06-18,Scotland,Scott McKenna,False,0.0
2021-06-18,Scotland,Stuart Armstrong,False,14.083333333333329
2021-06-18,Scotland,Craig Gordon,False,0.0
2021-06-18,Scotland,Callum McGregor,True,90.0
2021-06-18,Scotland,James Forrest,False,0.0
2021-06-18,Scotland,Kieran Tierney,True,90.0
2021-06-18,Scotland,Jon McLaughlin,False,0.0
2021-06-18,Scotland,Jack Hendry,False,0.0
2021-06-18,Scotland,Ryan Christie,False,0.0
2021-06-18,Scotland,Lyndon Dykes,True,90.0
2021-06-18,Scotland,Billy Gilmour,True,75.91666666666667
2021-06-18,Scotland,Nathan Patterson,False,0.0
2021-06-18,Scotland,Kevin Nisbet,False,4.799999999999997
2021-06-17,Belgium,Youri Tielemans,True,90.0
2021-06-17,Belgium,Jan Vertonghen,True,90.0
2021-06-17,Belgium,Kevin De Bruyne,False,45.0
2021-06-17,Belgium,Thomas Meunier,True,90.0
2021-06-17,Belgium,Romelu Lukaku Menama,True,90.0
2021-06-17,Belgium,Christian Benteke Liolo,False,0.0
2021-06-17,Belgium,Michy Batshuayi Tunga,False,0.0
2021-06-17,Belgium,Thibaut Courtois,True,90.0
2021-06-17,Belgium,Simon Mignolet,False,0.0
2021-06-17,Belgium,Eden Hazard,False,31.549999999999997
2021-06-17,Belgium,Dries Mertens,True,45.0
2021-06-17,Belgium,Thorgan Hazard,True,93.86666666666666
2021-06-17,Belgium,Yannick Ferreira Carrasco,True,58.45
2021-06-17,Belgium,Anga Dedryck Boyata,False,0.0
2021-06-17,Belgium,Axel Witsel,False,31.516666666666666
2021-06-17,Belgium,Leander Dendoncker,True,58.483333333333334
2021-06-17,Belgium,Thomas Vermaelen,False,0.0
2021-06-17,Belgium,Dennis Praet,False,0.0
2021-06-17,Belgium,Matz Sels,False,0.0
2021-06-17,Belgium,Jason Denayer,True,90.0
2021-06-17,Belgium,Leandro Trossard,False,0.0
2021-06-17,Belgium,Toby Alderweireld,True,90.0
2021-06-17,Belgium,Jeremy Doku,False,0.0
2021-06-17,Denmark,Mathias Jattah-Njie Jørgensen,False,0.0
2021-06-17,Denmark,Jonas Lössl,False,0.0
2021-06-17,Denmark,Pierre-Emile Højbjerg,True,90.0
2021-06-17,Denmark,Kasper Schmeichel,True,90.0
2021-06-17,Denmark,Andreas Christensen,True,90.0
2021-06-17,Denmark,Martin Braithwaite Christensen,True,90.0
2021-06-17,Denmark,Jens Stryger Larsen,False,28.81666666666667
2021-06-17,Denmark,Thomas Delaney,True,71.23333333333333
2021-06-17,Denmark,Simon Thorup Kjær,True,90.0
2021-06-17,Denmark,Yussuf Yurary Poulsen,True,61.15
2021-06-17,Denmark,Andreas Evald Cornelius,False,18.78333333333333
2021-06-17,Denmark,Kasper Dolberg,False,0.0
2021-06-17,Denmark,Daniel Wass,True,61.18333333333333
2021-06-17,Denmark,Christian Nørgaard,False,28.85
2021-06-17,Denmark,Joachim Andersen,False,0.0
2021-06-17,Denmark,Jannik Vestergaard,True,83.73333333333333
2021-06-17,Denmark,Frederik Rønnow,False,0.0
2021-06-17,Denmark,Robert Skov,False,0.0
2021-06-17,Denmark,Joakim Mæhle,True,90.0
2021-06-17,Denmark,Andreas Skov Olsen,False,6.266666666666666
2021-06-17,Denmark,Mathias Jensen,False,18.766666666666666
2021-06-17,Denmark,Jonas Older Wind,False,0.0
2021-06-17,Denmark,Mikkel Damsgaard,True,71.21666666666667
2021-06-13,England,Kyle Walker,True,90.0
2021-06-13,England,Raheem Sterling,True,91.36666666666666
2021-06-13,England,John Stones,True,89.81666666666668
2021-06-13,England,Kieran Trippier,True,90.0
2021-06-13,England,Marcus Rashford,False,20.75
2021-06-13,England,Tyrone Mings,True,90.0
2021-06-13,England,Luke Shaw,False,0.0
2021-06-13,England,Jordan Pickford,True,90.0
2021-06-13,England,Dominic Calvert-Lewin,False,0.08333333333334281
2021-06-13,England,Jordan Brian Henderson,False,0.0
2021-06-13,England,Declan Rice,True,90.0
2021-06-13,England,Dean Henderson,False,0.0
2021-06-13,England,Philip Foden,True,70.7
2021-06-13,England,Kalvin Phillips,True,90.0
2021-06-13,England,Mason Mount,True,90.0
2021-06-13,England,Sam Johnstone,False,0.0
2021-06-13,England,Reece James,False,0.0
2021-06-13,England,Jack Grealish,False,0.0
2021-06-13,England,Conor Coady,False,0.0
2021-06-13,England,Harry Kane,True,81.51666666666667
2021-06-13,England,Bukayo Saka,False,0.0
2021-06-13,England,Ben White,False,0.0
2021-06-13,England,Jude Bellingham,False,8.266666666666666
2021-06-13,Croatia,Nikola Vlašić,False,20.41666666666667
2021-06-13,Croatia,Mateo Kovačić,True,84.6
2021-06-13,Croatia,Andrej Kramarić,True,69.6
2021-06-13,Croatia,Šime Vrsaljko,True,90.0
2021-06-13,Croatia,Luka Modrić,True,90.0
2021-06-13,Croatia,Ante Rebić,True,77.83333333333333
2021-06-13,Croatia,Domagoj Vida,True,90.0
2021-06-13,Croatia,Marcelo Brozović,True,69.58333333333333
2021-06-13,Croatia,Ivan Perišić,True,90.0
2021-06-13,Croatia,Milan Badelj,False,0.0
2021-06-13,Croatia,Duje Ćaleta-Car,True,90.0
2021-06-13,Croatia,Lovre Kalinić,False,0.0
2021-06-13,Croatia,Bruno Petković,False,12.166666666666671
2021-06-13,Croatia,Ante Budimir,False,0.0
2021-06-13,Croatia,Josip Brekalo,False,20.400000000000006
2021-06-13,Croatia,Mario Pašalić,False,5.400000000000006
2021-06-13,Croatia,Dominik Livaković,True,90.0
2021-06-13,Croatia,Luka Ivanušec,False,0.0
2021-06-13,Croatia,Josip Juranović,False,0.0
2021-06-13,Croatia,Simon Sluga,False,0.0
2021-06-13,Croatia,Mile Škorić,False,0.0
2021-06-13,Croatia,Domagoj Bradarić,False,0.0
2021-06-13,Croatia,Joško Gvardiol,True,90.0
2021-07-07,Denmark,Mathias Jattah-Njie Jørgensen,False,0.0
2021-07-07,Denmark,Jonas Lössl,False,0.0
2021-07-07,Denmark,Pierre-Emile Højbjerg,True,128.08333333333331
2021-07-07,Denmark,Kasper Schmeichel,True,90.0
2021-07-07,Denmark,Andreas Christensen,True,78.33333333333333
2021-07-07,Denmark,Martin Braithwaite Christensen,True,90.0
2021-07-07,Denmark,Jens Stryger Larsen,True,66.51666666666667
2021-07-07,Denmark,Thomas Delaney,True,87.23333333333333
2021-07-07,Denmark,Simon Thorup Kjær,True,127.78333333333333
2021-07-07,Denmark,Yussuf Yurary Poulsen,False,22.78333333333333
2021-07-07,Denmark,Andreas Evald Cornelius,False,0.0
2021-07-07,Denmark,Kasper Dolberg,True,67.21666666666667
2021-07-07,Denmark,Daniel Wass,False,23.483333333333334
2021-07-07,Denmark,Christian Nørgaard,False,22.78333333333333
2021-07-07,Denmark,Joachim Andersen,False,11.666666666666671
2021-07-07,Denmark,Jannik Vestergaard,True,127.98333333333333
2021-07-07,Denmark,Frederik Rønnow,False,0.0
2021-07-07,Denmark,Robert Skov,False,0.0
2021-07-07,Denmark,Joakim Mæhle,True,127.78333333333333
2021-07-07,Denmark,Andreas Skov Olsen,False,0.0
2021-07-07,Denmark,Mathias Jensen,False,0.29999999999999716
2021-07-07,Denmark,Jonas Older Wind,False,0.29999999999999716
2021-07-07,Denmark,Mikkel Damsgaard,True,67.2
2021-07-07,England,Kyle Walker,True,126.35
2021-07-07,England,Raheem Sterling,True,126.35
2021-07-07,England,John Stones,True,126.35
2021-07-07,England,Kieran Trippier,False,0.0
2021-07-07,England,Marcus Rashford,False,0.0
2021-07-07,England,Tyrone Mings,False,0.0
2021-07-07,England,Harry Maguire,True,90.0
2021-07-07,England,Luke Shaw,True,126.35
2021-07-07,England,Jordan Pickford,True,90.0
2021-07-07,England,Jordan Brian Henderson,False,0.0
2021-07-07,England,Declan Rice,True,94.95
2021-07-07,England,Philip Foden,False,0.0
2021-07-07,England,Kalvin Phillips,True,126.35
2021-07-07,England,Mason Mount,True,94.95
2021-07-07,England,Sam Johnstone,False,0.0
2021-07-07,England,Reece James,False,0.0
2021-07-07,England,Jack Grealish,False,21.36666666666666
2021-07-07,England,Conor Coady,False,0.0
2021-07-07,England,Harry Kane,True,90.0
2021-07-07,England,Jadon Sancho,False,0.0
2021-07-07,England,Bukayo Saka,True,68.63333333333334
2021-07-07,England,Aaron Ramsdale,False,0.0
2021-07-07,England,Jude Bellingham,False,0.0
2021-06-13,Netherlands,Memphis Depay,True,90.35
2021-06-13,Netherlands,Nathan Aké,False,26.616666666666667
2021-06-13,Netherlands,Daley Blind,True,63.38333333333333
2021-06-13,Netherlands,Patrick van Aanholt,True,63.53333333333333
2021-06-13,Netherlands,Georginio Wijnaldum,True,90.0
2021-06-13,Netherlands,Davy Klaassen,False,0.0
2021-06-13,Netherlands,Marten de Roon,True,90.0
2021-06-13,Netherlands,Steven Berghuis,False,0.0
2021-06-13,Netherlands,Stefan de Vrij,True,90.0
2021-06-13,Netherlands,Wout Weghorst,True,87.56666666666666
2021-06-13,Netherlands,Marco Bizot,False,0.0
2021-06-13,Netherlands,Owen Wijndal,False,26.46666666666667
2021-06-13,Netherlands,Teun Koopmeiners,False,0.0
2021-06-13,Netherlands,Joël Veltman,False,2.1500000000000057
2021-06-13,Netherlands,Frenkie de Jong,True,90.0
2021-06-13,Netherlands,Denzel Dumfries,True,90.0
2021-06-13,Netherlands,Timothy Michael Krul,False,0.0
2021-06-13,Netherlands,Donyell Malen,False,0.0
2021-06-13,Netherlands,Luuk de Jong,False,2.433333333333337
2021-06-13,Netherlands,Maarten Stekelenburg,True,90.0
2021-06-13,Netherlands,Cody Mathès Gakpo,False,0.0
2021-06-13,Netherlands,Jurriën David Norman Timber,True,87.85
2021-06-13,Netherlands,Ryan Gravenberch,False,0.0
2021-06-13,Ukraine,Oleksandr Zinchenko,True,90.0
2021-06-13,Ukraine,Eduard Sobol,False,0.0
2021-06-13,Ukraine,Andriy Yarmolenko,True,90.0
2021-06-13,Ukraine,Andriy Pyatov,False,0.0
2021-06-13,Ukraine,Taras Stepanenko,False,0.0
2021-06-13,Ukraine,Evgeny Makarenko,False,0.0
2021-06-13,Ukraine,Serhii Sydorchuk,True,90.0
2021-06-13,Ukraine,Ruslan Malinovskiy,True,90.0
2021-06-13,Ukraine,Marlos Romero Bonfim,False,51.133333333333326
2021-06-13,Ukraine,Mykola Matviyenko,True,90.0
2021-06-13,Ukraine,Serhiy Kryvtsov,False,0.0
2021-06-13,Ukraine,Artem Besedin,False,0.0
2021-06-13,Ukraine,Vitalii Mykolenko,True,90.0
2021-06-13,Ukraine,Mykola Shaparenko,False,26.06666666666667
2021-06-13,Ukraine,Heorhii Bushchan,True,90.0
2021-06-13,Ukraine,Roman Yaremchuk,True,90.0
2021-06-13,Ukraine,Artem Dovbyk,False,0.0
2021-06-13,Ukraine,Oleksandr Zubkov,True,12.8
2021-06-13,Ukraine,Oleksandr Karavaev,True,90.0
2021-06-13,Ukraine,Denys Popov,False,0.0
2021-06-13,Ukraine,Anatolii Trubin,False,0.0
2021-06-13,Ukraine,Illia Zabarnyi,True,90.0
2021-06-13,Ukraine,Oleksandr Tymchyk,False,0.0
2021-06-28,France,Marcus Thuram,False,0.0
2021-06-28,France,Presnel Kimpembe,True,90.0
2021-06-28,France,Kylian Mbappé Lottin,True,90.0
2021-06-28,France,Adrien Rabiot,True,90.0
2021-06-28,France,Moussa Sissoko,False,2.8499999999999943
2021-06-28,France,Hugo Lloris,True,90.0
2021-06-28,France,Léo Dubois,False,0.0
2021-06-28,France,Thomas Lemar,False,0.0
2021-06-28,France,Kurt Happy Zouma,False,0.0
2021-06-28,France,Steve Mandanda,False,0.0
2021-06-28,France,Olivier Giroud,False,0.0
2021-06-28,France,Mike Maignan,False,0.0
2021-06-28,France,N'Golo Kanté,True,90.0
2021-06-28,France,Benjamin Pavard,True,90.0
2021-06-28,France,Corentin Tolisso,False,0.0
2021-06-28,France,Lucas Hernández Pi,False,0.0
2021-06-28,France,Raphaël Varane,True,90.0
2021-06-28,France,Antoine Griezmann,True,87.15
2021-06-28,France,Wissam Ben Yedder,False,0.0
2021-06-28,France,Clément Lenglet,True,45.0
2021-06-28,France,Kingsley Coman,False,45.0
2021-06-28,France,Karim Benzema,True,93.15
2021-06-28,France,Paul Pogba,True,90.0
2021-06-28,Switzerland,Granit Xhaka,True,90.0
2021-06-28,Switzerland,Xherdan Shaqiri,True,72.45
2021-06-28,Switzerland,Edimilson Fernandes,False,0.0
2021-06-28,Switzerland,Fabian Lukas Schär,False,0.18333333333333712
2021-06-28,Switzerland,Denis Lemi Zakaria Lako Lado,False,0.0
2021-06-28,Switzerland,Haris Seferović,True,96.31666666666666
2021-06-28,Switzerland,Ricardo Iván Rodríguez Araya,True,86.76666666666667
2021-06-28,Switzerland,Breel-Donald Embolo,True,79.15
2021-06-28,Switzerland,Steven Zuber,True,78.73333333333333
2021-06-28,Switzerland,Manuel Obafemi Akanji,True,90.0
2021-06-28,Switzerland,Yann Sommer,True,90.0
2021-06-28,Switzerland,Mario Gavranović,False,17.549999999999997
2021-06-28,Switzerland,Remo Freuler,True,90.0
2021-06-28,Switzerland,Silvan Widmer,True,72.55
2021-06-28,Switzerland,Admir Mehmedi,False,9.733333333333334
2021-06-28,Switzerland,Nico Elvedi,True,90.0
2021-06-28,Switzerland,Yvon Landry Mvogo,False,0.0
2021-06-28,Switzerland,Loris Benito,False,0.0
2021-06-28,Switzerland,Christian Fassnacht,False,11.266666666666666
2021-06-28,Switzerland,Djibril Sow,False,0.0
2021-06-28,Switzerland,Kevin Mbabu,False,17.450000000000003
2021-06-28,Switzerland,Gregor Kobel,False,0.0
2021-06-28,Switzerland,Ruben Vargas,False,17.349999999999994
2021-06-17,Netherlands,Memphis Depay,True,81.35
2021-06-17,Netherlands,Nathan Aké,False,26.68333333333333
2021-06-17,Netherlands,Daley Blind,True,63.31666666666667
2021-06-17,Netherlands,Patrick van Aanholt,True,63.35
2021-06-17,Netherlands,Georginio Wijnaldum,True,90.0
2021-06-17,Netherlands,Davy Klaassen,False,0.0
2021-06-17,Netherlands,Marten de Roon,True,73.31666666666666
2021-06-17,Netherlands,Steven Berghuis,False,0.0
2021-06-17,Netherlands,Stefan de Vrij,True,90.0
2021-06-17,Netherlands,Wout Weghorst,True,63.333333333333336
2021-06-17,Netherlands,Marco Bizot,False,0.0
2021-06-17,Netherlands,Owen Wijndal,False,26.65
2021-06-17,Netherlands,Joël Veltman,False,0.0
2021-06-17,Netherlands,Matthijs de Ligt,True,90.0
2021-06-17,Netherlands,Frenkie de Jong,True,90.0
2021-06-17,Netherlands,Denzel Dumfries,True,90.0
2021-06-17,Netherlands,Timothy Michael Krul,False,0.0
2021-06-17,Netherlands,Quincy Anton Promes,False,0.0
2021-06-17,Netherlands,Donyell Malen,False,26.666666666666664
2021-06-17,Netherlands,Luuk de Jong,False,8.650000000000006
2021-06-17,Netherlands,Maarten Stekelenburg,True,90.0
2021-06-17,Netherlands,Jurriën David Norman Timber,False,0.0
2021-06-17,Netherlands,Ryan Gravenberch,False,16.683333333333337
2021-06-17,Austria,Aleksandar Dragović,True,83.21666666666667
2021-06-17,Austria,David Olatukunbo Alaba,True,90.0
2021-06-17,Austria,Martin Hinteregger,True,90.0
2021-06-17,Austria,Michael Gregoritsch,True,61.0
2021-06-17,Austria,Konrad Laimer,True,61.166666666666664
2021-06-17,Austria,Stefan Ilsanker,False,0.0
2021-06-17,Austria,Marcel Sabitzer,True,90.0
2021-06-17,Austria,Alexander Schlager,False,0.0
2021-06-17,Austria,Xaver Schlager,True,83.33333333333333
2021-06-17,Austria,Andreas Ulmer,True,90.0
2021-06-17,Austria,Stefan Lainer,True,90.0
2021-06-17,Austria,Philipp Lienhart,False,6.783333333333331
2021-06-17,Austria,Louis Schaub,False,0.0
2021-06-17,Austria,Christopher Trimmel,False,0.0
2021-06-17,Austria,Karim Onisiwo,False,6.666666666666671
2021-06-17,Austria,Valentino Lazaro,False,20.66666666666667
2021-06-17,Austria,Alessandro Schöpf,False,0.0
2021-06-17,Austria,Florian Grillitsch,False,28.833333333333336
2021-06-17,Austria,Pavao Pervan,False,0.0
2021-06-17,Austria,Marco Friedl,False,0.0
2021-06-17,Austria,Sasa Kalajdzic,False,29.0
2021-06-17,Austria,Daniel Bachmann,True,90.0
2021-06-17,Austria,Christoph Baumgartner,True,69.33333333333333
2021-06-14,Poland,Kamil Glik,True,90.0
2021-06-14,Poland,Łukasz Fabiański,False,0.0
2021-06-14,Poland,Grzegorz Krychowiak,True,77.8
2021-06-14,Poland,Jan Bednarek,True,90.0
2021-06-14,Poland,Kamil Jóźwiak,True,90.0
2021-06-14,Poland,Piotr Zieliński,True,85.28333333333333
2021-06-14,Poland,Robert Lewandowski,True,90.0
2021-06-14,Poland,Wojciech Szczęsny,True,90.0
2021-06-14,Poland,Maciej Rybus,True,73.6
2021-06-14,Poland,Bartosz Bereszyński,True,90.0
2021-06-14,Poland,Karol Linetty,True,73.35
2021-06-14,Poland,Przemysław Frankowski,False,16.650000000000006
2021-06-14,Poland,Michał Helik,False,0.0
2021-06-14,Poland,Tymoteusz Puchacz,False,16.400000000000006
2021-06-14,Poland,Karol Świderski,False,4.716666666666669
2021-06-14,Poland,Mateusz Andrzej Klich,True,84.58333333333333
2021-06-14,Poland,Łukasz Skorupski,False,0.0
2021-06-14,Poland,Tomasz Karol Kędziora,False,0.0
2021-06-14,Poland,Jakub Świerczok,False,0.0
2021-06-14,Poland,Kacper Kozłowski,False,0.0
2021-06-14,Poland,Przemysław Płacheta,False,0.0
2021-06-14,Poland,Jakub Moder,False,5.416666666666671
2021-06-14,Poland,Paweł Dawidowicz,False,0.0
2021-06-14,Slovakia,Martin Dúbravka,True,90.0
2021-06-14,Slovakia,Marek Rodák,False,0.0
2021-06-14,Slovakia,Tomáš Hubočan,True,90.0
2021-06-14,Slovakia,Stanislav Lobotka,False,0.0
2021-06-14,Slovakia,Milan Škriniar,True,90.0
2021-06-14,Slovakia,Marek Hamšík,True,90.0
2021-06-14,Slovakia,Dušan Kuciak,False,0.0
2021-06-14,Slovakia,Lukáš Haraslín,True,86.01666666666667
2021-06-14,Slovakia,Ondrej Duda,True,90.83333333333333
2021-06-14,Slovakia,Peter Pekarík,True,79.1
2021-06-14,Slovakia,Juraj Kucka,True,90.0
2021-06-14,Slovakia,Vladimír Weiss,False,0.0
2021-06-14,Slovakia,Michal Ďuriš,False,3.9833333333333343
2021-06-14,Slovakia,László Bénes,False,0.0
2021-06-14,Slovakia,Patrik Hrošovský,False,10.933333333333337
2021-06-14,Slovakia,Ján Greguš,False,0.0
2021-06-14,Slovakia,Denis Vavro,False,0.0
2021-06-14,Slovakia,Róbert Mak,True,86.48333333333333
2021-06-14,Slovakia,Dávid Hancko,False,0.0
2021-06-14,Slovakia,Jakub Hromada,True,79.06666666666666
2021-06-14,Slovakia,Martin Koscelník,False,10.900000000000006
2021-06-14,Slovakia,Ľubomír Šatka,True,90.0
2021-06-14,Slovakia,Tomáš Suslov,False,3.5166666666666657
2021-06-14,Sweden,Karl-Johan Johnsson,False,0.0
2021-06-14,Sweden,Victor Nilsson Lindelöf,True,90.0
2021-06-14,Sweden,Pontus Jansson,False,0.0
2021-06-14,Sweden,Gustav Svensson,False,0.0
2021-06-14,Sweden,Mikael Lustig,True,74.68333333333334
2021-06-14,Sweden,Viktor Claesson,False,21.53333333333333
2021-06-14,Sweden,Sebastian Larsson,True,90.0
2021-06-14,Sweden,Ludwig Augustinsson,True,90.0
2021-06-14,Sweden,Robin Olsen,True,90.0
2021-06-14,Sweden,Albin Ekdal,True,90.0
2021-06-14,Sweden,Emil Peter Forsberg,True,83.48333333333333
2021-06-14,Sweden,Emil Krafth,False,15.316666666666663
2021-06-14,Sweden,Filip Helander,False,0.0
2021-06-14,Sweden,Robin Quaison,False,21.950000000000003
2021-06-14,Sweden,Alexander Isak,True,68.46666666666667
2021-06-14,Sweden,Kristoffer Nordfeldt,False,0.0
2021-06-14,Sweden,Ken Sema,False,0.0
2021-06-14,Sweden,Marcus Berg,True,68.05
2021-06-14,Sweden,Pierre Bengtsson,False,6.516666666666666
2021-06-14,Sweden,Kristoffer Olsson,True,83.16666666666667
2021-06-14,Sweden,Jens-Lys Michel Cajuste,False,6.833333333333329
2021-06-14,Sweden,Marcus Andreas Danielsson,True,90.0
2021-06-14,Sweden,Jordan Larsson,False,0.0
2021-06-14,Spain,David de Gea Quintana,False,0.0
2021-06-14,Spain,Álvaro Borja Morata Martín,True,65.06666666666666
2021-06-14,Spain,César Azpilicueta Tanco,False,0.0
2021-06-14,Spain,Aymeric Laporte,True,90.0
2021-06-14,Spain,Jorge Resurrección Merodio,True,86.71666666666667
2021-06-14,Spain,Thiago Alcântara do Nascimento,False,24.983333333333334
2021-06-14,Spain,Jordi Alba Ramos,True,90.0
2021-06-14,Spain,José Luis Gayà Peña,False,0.0
2021-06-14,Spain,Fabián Ruiz Peña,False,3.2833333333333314
2021-06-14,Spain,Mikel Oyarzabal Ugarte,False,16.66666666666667
2021-06-14,Spain,Diego Javier Llorente Ríos,False,0.0
2021-06-14,Spain,Pablo Sarabia García,False,24.933333333333337
2021-06-14,Spain,Ferrán Torres García,True,73.33333333333333
2021-06-14,Spain,Rodrigo Hernández Cascante,True,65.01666666666667
2021-06-14,Spain,Gerard Moreno Balaguero,False,16.38333333333334
2021-06-14,Spain,Marcos Llorente Moreno,True,90.0
2021-06-14,Spain,Pau Francisco Torres,True,90.0
2021-06-14,Spain,Robert Lynch Sanchez,False,0.0
2021-06-14,Spain,Adama Traoré Diarra,False,0.0
2021-06-14,Spain,Unai Simón Mendibil,True,90.0
2021-06-14,Spain,Daniel Olmo Carvajal,True,73.61666666666666
2021-06-14,Spain,Pedro González López,True,90.0
2021-06-14,Spain,Eric García Martret,False,0.0
2021-06-14,Scotland,Ryan Fraser,False,23.483333333333334
2021-06-14,Scotland,Scott McTominay,True,90.0
2021-06-14,Scotland,Andrew Robertson,True,90.0
2021-06-14,Scotland,Greg Taylor,False,0.0
2021-06-14,Scotland,Stephen O''Donnell,True,78.6
2021-06-14,Scotland,Che Adams,False,45.0
2021-06-14,Scotland,Grant Campbell Hanley,True,90.0
2021-06-14,Scotland,Liam Cooper,True,90.0
2021-06-14,Scotland,David Marshall,True,90.0
2021-06-14,Scotland,John McGinn,True,90.0
2021-06-14,Scotland,Scott McKenna,False,0.0
2021-06-14,Scotland,Stuart Armstrong,True,66.51666666666667
2021-06-14,Scotland,Craig Gordon,False,0.0
2021-06-14,Scotland,Callum McGregor,False,23.63333333333334
2021-06-14,Scotland,James Forrest,False,11.400000000000006
2021-06-14,Scotland,Jon McLaughlin,False,0.0
2021-06-14,Scotland,Jack Hendry,True,66.36666666666666
2021-06-14,Scotland,Ryan Christie,True,45.0
2021-06-14,Scotland,David Turnbull,False,0.0
2021-06-14,Scotland,Lyndon Dykes,True,78.7
2021-06-14,Scotland,Billy Gilmour,False,0.0
2021-06-14,Scotland,Nathan Patterson,False,0.0
2021-06-14,Scotland,Kevin Nisbet,False,11.299999999999997
2021-06-14,Czech Republic,Matěj Vydra,False,18.516666666666666
2021-06-14,Czech Republic,Tomáš Souček,True,90.0
2021-06-14,Czech Republic,Jan Bořil,True,90.0
2021-06-14,Czech Republic,Patrik Schick,True,86.55
2021-06-14,Czech Republic,Antonín Barák,False,0.0
2021-06-14,Czech Republic,Jakub Jankto,True,71.6
2021-06-14,Czech Republic,Vladimír Darida,True,86.58333333333333
2021-06-14,Czech Republic,Pavel Kadeřábek,False,0.0
2021-06-14,Czech Republic,Tomáš Vaclík,True,90.0
2021-06-14,Czech Republic,Tomáš Kalas,True,90.0
2021-06-14,Czech Republic,Michael Krmenčík,False,3.450000000000003
2021-06-14,Czech Republic,Tomáš Holeš,False,23.233333333333334
2021-06-14,Czech Republic,Lukáš Masopust,True,71.48333333333333
2021-06-14,Czech Republic,Vladimír Coufal,True,90.0
2021-06-14,Czech Republic,Tomáš Pekhart,False,0.0
2021-06-14,Czech Republic,Alex Král,True,66.76666666666667
2021-06-14,Czech Republic,Petr Ševčík,False,3.4166666666666714
2021-06-14,Czech Republic,Jakub Brabec,False,0.0
2021-06-14,Czech Republic,Adam Hložek,False,18.400000000000006
2021-06-14,Czech Republic,Ondrej Celustka,True,90.0
2021-06-14,Czech Republic,Aleš Mandous,False,0.0
2021-06-14,Czech Republic,David Zima,False,0.0
2021-06-15,France,Presnel Kimpembe,True,90.0
2021-06-15,France,Kylian Mbappé Lottin,True,90.0
2021-06-15,France,Adrien Rabiot,True,93.73333333333333
2021-06-15,France,Hugo Lloris,True,90.0
2021-06-15,France,Thomas Lemar,False,0.0
2021-06-15,France,Kurt Happy Zouma,False,0.0
2021-06-15,France,Steve Mandanda,False,0.0
2021-06-15,France,Olivier Giroud,False,0.0
2021-06-15,France,Mike Maignan,False,0.0
2021-06-15,France,N''Golo Kanté,True,90.0
2021-06-15,France,Jules Koundé,False,0.0
2021-06-15,France,Benjamin Pavard,True,90.0
2021-06-15,France,Ousmane Dembélé,False,0.0
2021-06-15,France,Corentin Tolisso,False,2.11666666666666
2021-06-15,France,Lucas Hernández Pi,True,90.0
2021-06-15,France,Raphaël Varane,True,90.0
2021-06-15,France,Antoine Griezmann,True,90.0
2021-06-15,France,Wissam Ben Yedder,False,0.0
2021-06-15,France,Clément Lenglet,False,0.0
2021-06-15,France,Lucas Digne,False,0.0
2021-06-15,France,Kingsley Coman,False,0.0
2021-06-15,France,Karim Benzema,True,87.88333333333334
2021-06-15,France,Paul Pogba,True,90.0
2021-06-15,Germany,Leroy Sané,False,20.866666666666674
2021-06-15,Germany,Antonio Rüdiger,True,90.0
2021-06-15,Germany,Emre Can,False,7.38333333333334
2021-06-15,Germany,Kevin Trapp,False,0.0
2021-06-15,Germany,Timo Werner,False,16.96666666666667
2021-06-15,Germany,Thomas Müller,True,94.21666666666667
2021-06-15,Germany,Manuel Neuer,True,90.0
2021-06-15,Germany,Mats Hummels,True,90.0
2021-06-15,Germany,Toni Kroos,True,90.0
2021-06-15,Germany,Joshua Kimmich,True,94.21666666666667
2021-06-15,Germany,Niklas Süle,False,0.0
2021-06-15,Germany,Robin Gosens,True,86.91666666666667
2021-06-15,Germany,Kevin Volland,False,3.0833333333333286
2021-06-15,Germany,Serge Gnabry,True,73.03333333333333
2021-06-15,Germany,Lukas Klostermann,False,0.0
2021-06-15,Germany,Marcel Halstenberg,False,0.0
2021-06-15,Germany,Matthias Ginter,True,86.83333333333333
2021-06-15,Germany,Christian Günter,False,0.0
2021-06-15,Germany,Kai Havertz,True,73.35
2021-06-15,Germany,İlkay Gündoğan,True,94.21666666666667
2021-06-15,Germany,Florian Neuhaus,False,0.0
2021-06-15,Germany,Robin Koch,False,0.0
2021-06-15,Germany,Bernd Leno,False,0.0
2021-06-15,Portugal,Anthony Lopes,False,0.0
2021-06-15,Portugal,João Filipe Iria Santos Moutinho,False,1.8333333333333286
2021-06-15,Portugal,Bernardo Mota Veiga de Carvalho e Silva,True,70.06666666666666
2021-06-15,Portugal,Renato Júnior Luz Sanches,False,9.666666666666671
2021-06-15,Portugal,José Miguel da Rocha Fonte,False,0.0
2021-06-15,Portugal,Bruno Miguel Borges Fernandes,True,88.16666666666667
2021-06-15,Portugal,Rui Pedro dos Santos Patrício,True,90.0
2021-06-15,Portugal,Rúben Santos Gato Alves Dias,True,90.0
2021-06-15,Portugal,Cristiano Ronaldo dos Santos Aveiro,True,90.0
2021-06-15,Portugal,Raphaël Adelino José Guerreiro,True,90.0
2021-06-15,Portugal,William Silva de Carvalho,True,80.33333333333333
2021-06-15,Portugal,André Miguel Valente Silva,False,9.433333333333337
2021-06-15,Portugal,Nélson Cabral Semedo,True,90.0
2021-06-15,Portugal,Rúben Diogo Da Silva Neves,False,0.0
2021-06-15,Portugal,Diogo José Teixeira da Silva,True,80.56666666666666
2021-06-15,Portugal,Rafael Alexandre Fernandes Ferreira da Silva,False,19.933333333333337
2021-06-15,Portugal,Sérgio Miguel Relvas de Oliveira,False,0.0
2021-06-15,Portugal,João Félix Sequeira,False,0.0
2021-06-15,Portugal,Danilo Luís Hélio Pereira,True,90.0
2021-06-15,Portugal,Kléper Laveran Lima Ferreira,True,90.0
2021-06-15,Portugal,Rui Tiago Dantas da Silva,False,0.0
2021-06-15,Portugal,Pedro António Pereira Gonçalves,False,0.0
2021-06-15,Portugal,Nuno Mendes,False,0.0
2021-06-15,Hungary,Ádám Lang,False,0.0
2021-06-15,Hungary,Ádám Nagy,True,87.75
2021-06-15,Hungary,Ádám Szalai,True,90.0
2021-06-15,Hungary,Willi Orban,True,90.0
2021-06-15,Hungary,Péter Gulácsi,True,90.0
2021-06-15,Hungary,Ádám Bogdán,False,0.0
2021-06-15,Hungary,Gergő Lovrencsics,True,90.0
2021-06-15,Hungary,Attila Fiola,True,87.78333333333333
2021-06-15,Hungary,Nemanja Nikolić,False,0.0
2021-06-15,Hungary,László Kleinheisler,True,77.0
2021-06-15,Hungary,Loïc Négo,False,25.066666666666663
2021-06-15,Hungary,Roland Sallai,True,76.68333333333334
2021-06-15,Hungary,Szabolcs Schön,False,13.316666666666663
2021-06-15,Hungary,Ákos Kecskés,False,0.0
2021-06-15,Hungary,Endre Botka,True,90.0
2021-06-15,Hungary,Dénes Dibusz,False,0.0
2021-06-15,Hungary,David Siger,False,13.0
2021-06-15,Hungary,Roland Varga,False,2.25
2021-06-15,Hungary,András Schäfer,True,64.93333333333334
2021-06-15,Hungary,Attila Szalai,True,90.0
2021-06-15,Hungary,Tamás Cseri,False,0.0
2021-06-15,Hungary,Bendegúz Bolla,False,0.0
2021-06-15,Hungary,Kevin Varga,False,2.2166666666666686
2021-06-12,Denmark,Christian Dannemann Eriksen,True,42.63333333333333
2021-06-12,Denmark,Jonas Lössl,False,0.0
2021-06-12,Denmark,Pierre-Emile Højbjerg,True,90.0
2021-06-12,Denmark,Kasper Schmeichel,True,90.0
2021-06-12,Denmark,Andreas Christensen,True,90.0
2021-06-12,Denmark,Martin Braithwaite Christensen,True,90.0
2021-06-12,Denmark,Jens Stryger Larsen,False,14.966666666666669
2021-06-12,Denmark,Thomas Delaney,True,75.18333333333334
2021-06-12,Denmark,Simon Thorup Kjær,True,62.81666666666667
2021-06-12,Denmark,Yussuf Yurary Poulsen,True,90.0
2021-06-12,Denmark,Andreas Evald Cornelius,False,14.816666666666663
2021-06-12,Denmark,Kasper Dolberg,False,0.0
2021-06-12,Denmark,Daniel Wass,True,75.03333333333333
2021-06-12,Denmark,Christian Nørgaard,False,0.0
2021-06-12,Denmark,Joachim Andersen,False,0.0
2021-06-12,Denmark,Jannik Vestergaard,False,27.18333333333333
2021-06-12,Denmark,Frederik Rønnow,False,0.0
2021-06-12,Denmark,Nicolai Møller Boilesen,False,0.0
2021-06-12,Denmark,Joakim Mæhle,True,90.0
2021-06-12,Denmark,Andreas Skov Olsen,False,27.35
2021-06-12,Denmark,Mathias Jensen,False,47.36666666666667
2021-06-12,Denmark,Jonas Older Wind,True,62.65
2021-06-12,Denmark,Mikkel Damsgaard,False,0.0
2021-06-12,Finland,Fredrik Jensen,False,0.0
2021-06-12,Finland,Lukáš Hrádecký,True,90.0
2021-06-12,Finland,Teemu Pukki,True,75.65
2021-06-12,Finland,Joel Pohjanpalo,True,83.73333333333333
2021-06-12,Finland,Pyry Henri Hidipo Soiri,False,0.0
2021-06-12,Finland,Marcus Forss,False,6.266666666666666
2021-06-12,Finland,Rasmus Schüller,False,14.316666666666663
2021-06-12,Finland,Glen Kamara,True,90.0
2021-06-12,Finland,Anssi Jaakkola,False,0.0
2021-06-12,Finland,Jukka Raitala,True,89.7
2021-06-12,Finland,Jesse Joronen,False,0.0
2021-06-12,Finland,Jere Juhani Uronen,True,90.0
2021-06-12,Finland,Leo Onni Artturi Väisänen,False,0.29999999999999716
2021-06-12,Finland,Joni Ensio Kauko,False,14.349999999999994
2021-06-12,Finland,Robin Lod,True,90.0
2021-06-12,Finland,Paulus Arajuuri,True,90.0
2021-06-12,Finland,Nicholas Hamalainen,False,0.0
2021-06-12,Finland,Tim Sparv,True,75.68333333333334
2021-06-12,Finland,Joona Toivio,True,90.0
2021-06-12,Finland,Lassi Lappalainen,False,0.0
2021-06-12,Finland,Robert Taylor,False,0.0
2021-06-12,Finland,Daniel O''Shaughnessy,True,90.0
2021-06-12,Finland,Robert Ivanov,False,0.0
2021-06-23,Spain,David de Gea Quintana,False,0.0
2021-06-23,Spain,Álvaro Borja Morata Martín,True,65.48333333333333
2021-06-23,Spain,César Azpilicueta Tanco,True,76.25
2021-06-23,Spain,Aymeric Laporte,True,90.0
2021-06-23,Spain,Jorge Resurrección Merodio,True,90.0
2021-06-23,Spain,Sergio Busquets i Burgos,True,70.48333333333333
2021-06-23,Spain,Thiago Alcântara do Nascimento,False,19.516666666666666
2021-06-23,Spain,Jordi Alba Ramos,True,90.0
2021-06-23,Spain,José Luis Gayà Peña,False,0.0
2021-06-23,Spain,Fabián Ruiz Peña,False,0.0
2021-06-23,Spain,Mikel Oyarzabal Ugarte,False,13.75
2021-06-23,Spain,Pablo Sarabia García,True,90.0
2021-06-23,Spain,Ferrán Torres García,False,24.516666666666666
2021-06-23,Spain,Rodrigo Hernández Cascante,False,0.0
2021-06-23,Spain,Gerard Moreno Balaguero,True,76.23333333333333
2021-06-23,Spain,Marcos Llorente Moreno,False,0.0
2021-06-23,Spain,Pau Francisco Torres,False,19.5
2021-06-23,Spain,Robert Lynch Sanchez,False,0.0
2021-06-23,Spain,Adama Traoré Diarra,False,13.766666666666666
2021-06-23,Spain,Unai Simón Mendibil,True,90.0
2021-06-23,Spain,Daniel Olmo Carvajal,False,0.0
2021-06-23,Spain,Pedro González López,True,90.0
2021-06-23,Spain,Eric García Martret,True,70.5
2021-06-23,Slovakia,Martin Dúbravka,True,90.0
2021-06-23,Slovakia,Marek Rodák,False,0.0
2021-06-23,Slovakia,Tomáš Hubočan,True,90.0
2021-06-23,Slovakia,Stanislav Lobotka,False,45.0
2021-06-23,Slovakia,Milan Škriniar,True,90.0
2021-06-23,Slovakia,Marek Hamšík,True,89.38333333333334
2021-06-23,Slovakia,Dušan Kuciak,False,0.0
2021-06-23,Slovakia,Lukáš Haraslín,True,68.35
2021-06-23,Slovakia,Ondrej Duda,True,45.0
2021-06-23,Slovakia,Peter Pekarík,True,90.0
2021-06-23,Slovakia,Juraj Kucka,True,90.0
2021-06-23,Slovakia,Vladimír Weiss,False,21.71666666666667
2021-06-23,Slovakia,Michal Ďuriš,False,45.0
2021-06-23,Slovakia,László Bénes,False,0.61666666666666
2021-06-23,Slovakia,Patrik Hrošovský,False,0.0
2021-06-23,Slovakia,Ján Greguš,False,0.0
2021-06-23,Slovakia,Róbert Mak,True,68.28333333333333
2021-06-23,Slovakia,Dávid Hancko,False,0.0
2021-06-23,Slovakia,Jakub Hromada,True,45.0
2021-06-23,Slovakia,Martin Valjent,False,0.0
2021-06-23,Slovakia,Martin Koscelník,False,0.0
2021-06-23,Slovakia,Ľubomír Šatka,True,90.0
2021-06-23,Slovakia,Tomáš Suslov,False,21.650000000000006
2021-06-23,Poland,Kamil Glik,True,90.0
2021-06-23,Poland,Łukasz Fabiański,False,0.0
2021-06-23,Poland,Grzegorz Krychowiak,True,77.96666666666667
2021-06-23,Poland,Jan Bednarek,True,90.0
2021-06-23,Poland,Kamil Jóźwiak,True,60.983333333333334
2021-06-23,Poland,Piotr Zieliński,True,90.0
2021-06-23,Poland,Dawid Kownacki,False,0.0
2021-06-23,Poland,Robert Lewandowski,True,90.0
2021-06-23,Poland,Wojciech Szczęsny,True,90.0
2021-06-23,Poland,Maciej Rybus,False,0.0
2021-06-23,Poland,Bartosz Bereszyński,True,90.0
2021-06-23,Poland,Karol Linetty,False,0.0
2021-06-23,Poland,Przemysław Frankowski,False,45.0
2021-06-23,Poland,Michał Helik,False,0.0
2021-06-23,Poland,Tymoteusz Puchacz,True,45.0
2021-06-23,Poland,Karol Świderski,True,90.0
2021-06-23,Poland,Mateusz Andrzej Klich,True,72.3
2021-06-23,Poland,Łukasz Skorupski,False,0.0
2021-06-23,Poland,Tomasz Karol Kędziora,False,0.0
2021-06-23,Poland,Jakub Świerczok,False,29.016666666666666
2021-06-23,Poland,Kacper Kozłowski,False,17.700000000000003
2021-06-23,Poland,Przemysław Płacheta,False,12.033333333333331
2021-06-23,Poland,Paweł Dawidowicz,False,0.0
2021-06-23,Sweden,Karl-Johan Johnsson,False,0.0
2021-06-23,Sweden,Victor Nilsson Lindelöf,True,90.0
2021-06-23,Sweden,Pontus Jansson,False,0.0
2021-06-23,Sweden,Gustav Svensson,False,0.0
2021-06-23,Sweden,Mikael Lustig,True,67.61666666666666
2021-06-23,Sweden,Viktor Claesson,False,13.400000000000006
2021-06-23,Sweden,Sebastian Larsson,True,90.0
2021-06-23,Sweden,Ludwig Augustinsson,True,90.0
2021-06-23,Sweden,Robin Olsen,True,90.0
2021-06-23,Sweden,Albin Ekdal,True,90.0
2021-06-23,Sweden,Emil Peter Forsberg,True,76.6
2021-06-23,Sweden,Emil Krafth,False,22.38333333333334
2021-06-23,Sweden,Filip Helander,False,0.0
2021-06-23,Sweden,Robin Quaison,True,54.55
2021-06-23,Sweden,Alexander Isak,True,67.46666666666667
2021-06-23,Sweden,Kristoffer Nordfeldt,False,0.0
2021-06-23,Sweden,Ken Sema,False,0.0
2021-06-23,Sweden,Marcus Berg,False,22.53333333333333
2021-06-23,Sweden,Pierre Bengtsson,False,0.0
2021-06-23,Sweden,Dejan Kulusevski,False,35.45
2021-06-23,Sweden,Kristoffer Olsson,True,89.76666666666667
2021-06-23,Sweden,Jens-Lys Michel Cajuste,False,0.0
2021-06-23,Sweden,Marcus Andreas Danielsson,True,90.0
2021-06-12,Belgium,Youri Tielemans,True,90.0
2021-06-12,Belgium,Jan Vertonghen,True,75.91666666666667
2021-06-12,Belgium,Thomas Meunier,False,63.28333333333333
2021-06-12,Belgium,Romelu Lukaku Menama,True,90.0
2021-06-12,Belgium,Christian Benteke Liolo,False,0.0
2021-06-12,Belgium,Michy Batshuayi Tunga,False,0.0
2021-06-12,Belgium,Thibaut Courtois,True,90.0
2021-06-12,Belgium,Simon Mignolet,False,0.0
2021-06-12,Belgium,Eden Hazard,False,19.266666666666666
2021-06-12,Belgium,Nacer Chadli,False,0.0
2021-06-12,Belgium,Dries Mertens,True,70.73333333333333
2021-06-12,Belgium,Thorgan Hazard,True,90.0
2021-06-12,Belgium,Yannick Ferreira Carrasco,True,76.13333333333334
2021-06-12,Belgium,Anga Dedryck Boyata,True,90.0
2021-06-12,Belgium,Leander Dendoncker,True,90.0
2021-06-12,Belgium,Thomas Vermaelen,False,14.083333333333329
2021-06-12,Belgium,Timothy Castagne,True,26.716666666666665
2021-06-12,Belgium,Dennis Praet,False,13.86666666666666
2021-06-12,Belgium,Matz Sels,False,0.0
2021-06-12,Belgium,Jason Denayer,False,0.0
2021-06-12,Belgium,Leandro Trossard,False,0.0
2021-06-12,Belgium,Toby Alderweireld,True,90.0
2021-06-12,Belgium,Jeremy Doku,False,0.0
2021-06-12,Russia,Mário Figueira Fernandes,True,90.0
2021-06-12,Russia,Roman Zobnin,True,62.583333333333336
2021-06-12,Russia,Aleksandr Golovin,True,90.0
2021-06-12,Russia,Daler Kuzyaev,True,29.0
2021-06-12,Russia,Denis Cheryshev,False,33.56666666666667
2021-06-12,Russia,Yuri Zhirkov,True,42.63333333333333
2021-06-12,Russia,Artem Dzyuba,True,90.0
2021-06-12,Russia,Aleksey Miranchuk,False,27.43333333333333
2021-06-12,Russia,Vyacheslav Karavaev,False,47.36666666666667
2021-06-12,Russia,Anton Zabolotny,False,0.0
2021-06-12,Russia,Georgiy Dzhikiya,True,90.0
2021-06-12,Russia,Rifat Zhemaletdinov,False,0.0
2021-06-12,Russia,Dmitriy Barinov,True,45.0
2021-06-12,Russia,Magomed Ozdoev,True,90.0
2021-06-12,Russia,Matvey Safonov,False,0.0
2021-06-12,Russia,Igor Diveev,False,45.0
2021-06-12,Russia,Andrey Semenov,True,90.0
2021-06-12,Russia,Aleksey Ionov,False,0.0
2021-06-12,Russia,Anton Shunin,True,90.0
2021-06-12,Russia,Aleksandr Sobolev,False,0.0
2021-06-12,Russia,Maksim Mukhin,False,27.416666666666664
2021-06-12,Russia,Yuri Dyupin,False,0.0
2021-06-12,Russia,Roman Evgenjev,False,0.0
2021-06-12,Wales,Ben Davies,True,90.0
2021-06-12,Wales,Wayne Hennessey,False,0.0
2021-06-12,Wales,Aaron Ramsey,True,92.3
2021-06-12,Wales,Tom Lockyer,False,0.0
2021-06-12,Wales,Kieffer Roberto Francisco Moore,True,90.0
2021-06-12,Wales,Tyler Roberts,False,0.0
2021-06-12,Wales,David Brooks,False,15.433333333333337
2021-06-12,Wales,Adam Davies,False,0.0
2021-06-12,Wales,Chris Mepham,True,90.0
2021-06-12,Wales,Connor Roberts,True,90.0
2021-06-12,Wales,Ethan Ampadu,False,0.0
2021-06-12,Wales,Gareth Frank Bale,True,90.0
2021-06-12,Wales,Harry Wilson,False,0.0
2021-06-12,Wales,Daniel Ward,True,90.0
2021-06-12,Wales,Chris Gunter,False,0.0
2021-06-12,Wales,Joe Allen,True,90.0
2021-06-12,Wales,Jonathan Williams,False,0.0
2021-06-12,Wales,Joe Rodon,True,90.0
2021-06-12,Wales,Daniel James,True,74.56666666666666
2021-06-12,Wales,Joseff Morrell,True,90.0
2021-06-12,Wales,Rhys Norrington-Davies,False,0.0
2021-06-12,Wales,Dylan Levitt,False,0.0
2021-06-12,Wales,Neco Williams,False,0.0
2021-06-12,Switzerland,Granit Xhaka,True,90.0
2021-06-12,Switzerland,Xherdan Shaqiri,True,65.63333333333334
2021-06-12,Switzerland,Fabian Lukas Schär,True,90.0
2021-06-12,Switzerland,Denis Lemi Zakaria Lako Lado,False,24.36666666666666
2021-06-12,Switzerland,Haris Seferović,True,83.33333333333333
2021-06-12,Switzerland,Ricardo Iván Rodríguez Araya,True,90.0
2021-06-12,Switzerland,Breel-Donald Embolo,True,90.0
2021-06-12,Switzerland,Steven Zuber,False,0.0
2021-06-12,Switzerland,Manuel Obafemi Akanji,True,90.0
2021-06-12,Switzerland,Yann Sommer,True,90.0
2021-06-12,Switzerland,Mario Gavranović,False,6.666666666666671
2021-06-12,Switzerland,Remo Freuler,True,90.0
2021-06-12,Switzerland,Silvan Widmer,False,0.0
2021-06-12,Switzerland,Admir Mehmedi,False,0.0
2021-06-12,Switzerland,Nico Elvedi,True,90.0
2021-06-12,Switzerland,Yvon Landry Mvogo,False,0.0
2021-06-12,Switzerland,Loris Benito,False,0.0
2021-06-12,Switzerland,Christian Fassnacht,False,0.0
2021-06-12,Switzerland,Djibril Sow,False,0.0
2021-06-12,Switzerland,Kevin Mbabu,True,90.0
2021-06-12,Switzerland,Jonas Omlin,False,0.0
2021-06-12,Switzerland,Eray Ervin Cömert,False,0.0
2021-06-12,Switzerland,Ruben Vargas,False,0.0
