team,player,position,rating,club_minutes_90d,national_caps,available
Albania,Amir Abrashi,,66.5,900.0,3,True
Albania,Arbër Hoxha,Right Wing,65.5,900.0,1,True
Albania,Ardian Ismajli,,66.5,900.0,3,True
Albania,Arlind Afrim Ajeti,Right Center Back,70.1,900.0,3,True
Albania,Armando Broja,Center Forward,67.2,900.0,2,True
Albania,Berat Djimsiti,Left Center Back,70.1,900.0,3,True
Albania,Elhan Kastrati,,66.5,900.0,3,True
Albania,Elseid Hysaj,Right Back,68.4,900.0,2,True
Albania,Enea Mihaj,,66.5,900.0,3,True
Albania,Ernest Muçi,Right Wing,65.5,900.0,1,True
Albania,Etrit Berisha,,66.5,900.0,3,True
Albania,Iván Balliu Campeny,Right Back,66.7,900.0,1,True
Albania,Jasir Asani,Right Wing,69.6,900.0,2,True
Albania,Klaus Gjasula,Right Center Midfield,65.5,900.0,1,True
Albania,Kristjan Asllani,Left Defensive Midfield,69.6,900.0,2,True
Albania,Marash Kumbulla,,66.5,900.0,3,True
Albania,Mario Mitaj,Left Back,70.1,900.0,3,True
Albania,Medon Berisha,Center Attacking Midfield,65.5,900.0,1,True
Albania,Mirlind Daku,Center Forward,65.5,900.0,1,True
Albania,Naser Aliji,,66.5,900.0,3,True
Albania,Nedim Bajrami,Left Wing,69.1,900.0,1,True
Albania,Qazim Laçi,Right Center Midfield,67.9,900.0,1,True
Albania,Rey Manaj,Center Forward,68.9,900.0,3,True
Albania,Taulant Sulejmanov,Right Midfield,66.7,900.0,1,True
Albania,Thomas Strakosha,Goalkeeper,70.1,900.0,3,True
Albania,Ylber Ramadani,Right Defensive Midfield,69.6,900.0,2,True
Argentina,Alejandro Darío Gómez,Left Wing,67.9,900.0,1,True
Argentina,Alejandro Garnacho Ferreyra,Left Wing,66.7,900.0,1,True
Argentina,Alexis Mac Allister,Right Defensive Midfield,79.2,900.0,2,True
Argentina,Cristian Daniel Ansaldi,,67.0,900.0,4,True
Argentina,Cristian David Pavón,Right Wing,66.7,900.0,1,True
Argentina,Cristian Gabriel Romero,Right Midfield,78.7,900.0,1,True
Argentina,Damián Emiliano Martínez,Goalkeeper,83.0,900.0,13,True
Argentina,Eduardo Antonio Salvio,Right Midfield,67.9,900.0,1,True
Argentina,Enzo Fernandez,Left Defensive Midfield,79.3,900.0,7,True
Argentina,Enzo Nicolás Pérez,Right Wing,69.1,900.0,1,True
Argentina,Exequiel Alejandro Palacios,Right Wing Back,66.7,900.0,1,True
Argentina,Faustino Marcos Alberto Rojo,Left Center Back,70.1,900.0,3,True
Argentina,Federico Julián Fazio,Left Center Back,65.5,900.0,1,True
Argentina,Franco Armani,Goalkeeper,68.4,900.0,2,True
Argentina,Gabriel Iván Mercado,Right Center Back,69.1,900.0,1,True
Argentina,Germán Alejandro Pezzella,Right Center Back,67.2,900.0,2,True
Argentina,Gerónimo Rulli,,71.5,900.0,13,True
Argentina,Giovani Lo Celso,Right Midfield,66.7,900.0,1,True
Argentina,Gonzalo Ariel Montiel,Right Wing Back,70.8,900.0,2,True
Argentina,Gonzalo Gerardo Higuaín,Right Center Midfield,66.7,900.0,1,True
Argentina,Guido Rodríguez,Left Defensive Midfield,66.7,900.0,1,True
Argentina,Javier Alejandro Mascherano,Right Center Midfield,70.3,900.0,1,True
Argentina,Juan Marcos Foyth,Right Wing Back,65.5,900.0,1,True
Argentina,Julián Álvarez,Right Wing,76.3,900.0,1,True
Argentina,Lautaro Javier Martínez,Left Wing,70.3,900.0,1,True
Argentina,Leandro Daniel Paredes,Right Wing,70.3,900.0,1,True
Argentina,Lionel Andrés Messi Cuccittini,Right Wing,83.0,900.0,1,True
Argentina,Lisandro Martínez,Right Midfield,73.9,900.0,1,True
Argentina,Lucas Martínez Quarta,Right Center Back,65.5,900.0,1,True
Argentina,Lucas Rodrigo Biglia,Right Center Midfield,66.7,900.0,1,True
Argentina,Marcos Javier Acuña,Right Back,72.7,900.0,1,True
Argentina,Maximiliano Eduardo Meza,Right Wing,67.9,900.0,1,True
Argentina,Nahuel Ignacio Guzmán Palomeque,,67.0,900.0,4,True
Argentina,Nahuel Molina Lucero,Right Wing Back,76.8,900.0,2,True
Argentina,Nicolás Alejandro Tagliafico,Left Wing Back,80.4,900.0,2,True
Argentina,Nicolás Hernán Otamendi,Right Midfield,79.9,900.0,1,True
Argentina,Nicolás Iván González,Right Midfield,67.9,900.0,1,True
Argentina,Paulo Bruno Exequiel Dybala,Right Defensive Midfield,65.5,900.0,1,True
Argentina,Rodrigo Javier De Paul,Right Midfield,80.9,900.0,3,True
Argentina,Sergio Leonel Agüero del Castillo,Right Center Midfield,67.9,900.0,1,True
Argentina,Thiago Ezequiel Almada,Left Wing,65.5,900.0,1,True
Argentina,Valentin Carboni,Right Wing,65.5,900.0,1,True
Argentina,Wilfredo Daniel Caballero,Goalkeeper,68.4,900.0,2,True
Argentina,Ángel Fabián Di María Hernández,Right Wing,79.7,900.0,3,True
Argentina,Ángel Martín Correa,Left Center Midfield,65.5,900.0,1,True
Argentina,Éver Maximiliano David Banega,Right Center Midfield,67.9,900.0,1,True
Australia,Aaron Mooy,Right Defensive Midfield,73.9,900.0,1,True
Australia,Ajdin Hrustic,Right Defensive Midfield,65.5,900.0,1,True
Australia,Andrew Nabbout,Center Forward,68.4,900.0,2,True
Australia,Andrew Redmayne,,67.0,900.0,4,True
Australia,Awer Denis Bul Mabil,Left Midfield,65.5,900.0,1,True
Australia,Awer Mabil,,65.5,900.0,1,True
Australia,Aziz Eraltay Behich,Left Back,76.9,900.0,7,True
Australia,Bailey Wright,Left Wing,65.5,900.0,1,True
Australia,Brad Jones,,66.5,900.0,3,True
Australia,Cameron Peter Devlin,,67.0,900.0,4,True
Australia,Craig Goodwin,Left Wing,69.1,900.0,1,True
Australia,Daniel Arzani,Left Wing,65.5,900.0,1,True
Australia,Danny Vuković,,68.5,900.0,7,True
Australia,Dimitri Petratos,,66.5,900.0,3,True
Australia,Fran Karačić,Right Back,67.2,900.0,2,True
Australia,Garang Kuol,Right Center Forward,65.5,900.0,1,True
Australia,Harry Souttar,Right Center Back,71.8,900.0,4,True
Australia,Jackson Irvine,Secondary Striker,70.3,900.0,1,True
Australia,James Meredith,,66.5,900.0,3,True
Australia,Jamie MacLaren,Right Center Forward,65.5,900.0,1,True
Australia,Jason Cummings,Center Forward,65.5,900.0,1,True
Australia,Joel King,,67.0,900.0,4,True
Australia,Josh Risdon,Right Back,70.1,900.0,3,True
Australia,Keanu Baccus,Right Midfield,66.7,900.0,1,True
Australia,Kye Rowles,Left Center Back,71.8,900.0,4,True
Australia,Marco Tilio,,67.0,900.0,4,True
Australia,Mark Milligan,Left Center Back,70.1,900.0,3,True
Australia,Massimo Luongo,,66.5,900.0,3,True
Australia,Mathew Leckie,Right Wing,73.9,900.0,1,True
Australia,Mathew Ryan,Goalkeeper,76.9,900.0,7,True
Australia,Matthew Jurman,,66.5,900.0,3,True
Australia,Mile Jedinak,Right Center Midfield,69.6,900.0,2,True
Australia,Miloš Degenek,Right Back,69.4,900.0,4,True
Australia,Mitchell Thomas Duke,Right Center Forward,70.8,900.0,2,True
Australia,Nathaniel Atkinson,Right Back,66.7,900.0,1,True
Australia,Riley McGree,Right Center Forward,70.3,900.0,1,True
Australia,Robbie Kruse,Left Wing,69.1,900.0,1,True
Australia,Thomas Deng,,67.0,900.0,4,True
Australia,Tim Cahill,Center Forward,65.5,900.0,1,True
Australia,Tom Rogić,Secondary Striker,69.1,900.0,1,True
Australia,Tomi Jurić,Center Forward,67.7,900.0,3,True
Australia,Trent Sainsbury,Right Center Back,70.1,900.0,3,True
Austria,Aleksandar Dragović,Right Center Back,71.8,900.0,4,True
Austria,Alessandro Schöpf,Left Wing,66.0,900.0,2,True
Austria,Alexander Prass,Left Back,68.2,900.0,4,True
Austria,Alexander Schlager,,67.0,900.0,4,True
Austria,Andreas Ulmer,Left Wing Back,68.4,900.0,2,True
Austria,Andreas Weimann,Right Wing,65.5,900.0,1,True
Austria,Christoph Baumgartner,Right Wing,73.9,900.0,1,True
Austria,Christopher Trimmel,Right Back,65.5,900.0,1,True
Austria,Daniel Bachmann,Goalkeeper,71.8,900.0,4,True
Austria,David Olatukunbo Alaba,Left Back,70.8,900.0,2,True
Austria,Flavius Daniliuc,,67.0,900.0,4,True
Austria,Florian Grillitsch,Right Center Midfield,71.5,900.0,1,True
Austria,Florian Kainz,,67.0,900.0,4,True
Austria,Gernot Trauner,Right Center Back,66.7,900.0,1,True
Austria,Heinz Lindner,,67.0,900.0,4,True
Austria,Julian Baumgartlinger,Right Center Midfield,65.5,900.0,1,True
Austria,Karim Onisiwo,Center Defensive Midfield,65.5,900.0,1,True
Austria,Kevin Danso,Right Center Back,68.9,900.0,3,True
Austria,Konrad Laimer,Right Wing,74.9,900.0,3,True
Austria,Leopold Querfeld,Right Center Back,65.5,900.0,1,True
Austria,Louis Schaub,Left Defensive Midfield,65.5,900.0,1,True
Austria,Marcel Sabitzer,Left Wing,76.1,900.0,3,True
Austria,Marco Friedl,,65.5,900.0,1,True
Austria,Marco Grüll,,67.0,900.0,4,True
Austria,Marko Arnautović,Right Center Forward,71.5,900.0,1,True
Austria,Martin Hinteregger,Left Center Back,71.8,900.0,4,True
Austria,Matthias Seidl,,67.0,900.0,4,True
Austria,Maximilian Entrup,,67.0,900.0,4,True
Austria,Maximilian Wöber,Left Center Back,68.9,900.0,3,True
Austria,Michael Gregoritsch,Right Defensive Midfield,67.9,900.0,1,True
Austria,Nicolas Seiwald,Right Defensive Midfield,71.8,900.0,4,True
Austria,Niklas Hedl,,67.0,900.0,4,True
Austria,Patrick Pentz,Goalkeeper,71.8,900.0,4,True
Austria,Patrick Wimmer,Right Wing,66.7,900.0,1,True
Austria,Pavao Pervan,,67.0,900.0,4,True
Austria,Philipp Lienhart,Right Center Back,70.1,900.0,3,True
Austria,Philipp Mwene,Left Back,70.1,900.0,3,True
Austria,Romano Schmid,Right Wing,68.4,900.0,2,True
Austria,Sasa Kalajdzic,Right Center Forward,66.7,900.0,1,True
Austria,Stefan Ilsanker,Left Wing,66.0,900.0,2,True
Austria,Stefan Lainer,Right Wing Back,70.8,900.0,2,True
Austria,Stefan Posch,Right Back,71.8,900.0,4,True
Austria,Valentino Lazaro,Right Center Forward,65.5,900.0,1,True
Austria,Xaver Schlager,Right Defensive Midfield,70.3,900.0,1,True
Belgium,Adnan Januzaj,Left Wing,66.7,900.0,1,True
Belgium,Amadou Onana,Right Defensive Midfield,73.0,900.0,4,True
Belgium,Anga Dedryck Boyata,Center Back,73.5,900.0,5,True
Belgium,Arthur Theate,Left Back,70.1,900.0,3,True
Belgium,Arthur Vermeeren,,67.0,900.0,4,True
Belgium,Aster Vranckx,,67.0,900.0,4,True
Belgium,Axel Witsel,Right Defensive Midfield,79.9,900.0,1,True
Belgium,Charles De Ketelaere,Right Back,65.5,900.0,1,True
Belgium,Christian Benteke Liolo,Center Forward,65.5,900.0,1,True
Belgium,Dennis Praet,Right Attacking Midfield,65.5,900.0,1,True
Belgium,Dodi Lukebakio,Right Wing,66.7,900.0,1,True
Belgium,Dries Mertens,Right Wing,73.2,900.0,2,True
Belgium,Eden Hazard,Right Back,77.5,900.0,1,True
Belgium,Hans Vanaken,Right Defensive Midfield,65.5,900.0,1,True
Belgium,Ikoma Loïs Openda,Left Wing,66.7,900.0,1,True
Belgium,Jan Vertonghen,Left Center Back,83.0,900.0,14,True
Belgium,Jason Denayer,Right Center Back,67.9,900.0,1,True
Belgium,Jeremy Doku,Right Wing,72.7,900.0,1,True
Belgium,Johan Bakayoko,Left Wing,65.5,900.0,1,True
Belgium,Kevin De Bruyne,Secondary Striker,83.0,900.0,1,True
Belgium,Koen Casteels,Goalkeeper,71.8,900.0,4,True
Belgium,Leander Dendoncker,Right Defensive Midfield,72.5,900.0,3,True
Belgium,Leandro Trossard,Right Wing Back,70.3,900.0,1,True
Belgium,Marouane Fellaini-Bakkioui,Right Wing,69.1,900.0,1,True
Belgium,Matz Sels,,69.5,900.0,9,True
Belgium,Maxim De Cuyper,,67.0,900.0,4,True
Belgium,Michy Batshuayi Tunga,Right Back,69.1,900.0,1,True
Belgium,Mousa Sidi Yaya Dembélé,Right Defensive Midfield,67.9,900.0,1,True
Belgium,Nacer Chadli,Right Wing Back,71.5,900.0,1,True
Belgium,Orel Mangala,Right Defensive Midfield,67.2,900.0,2,True
Belgium,Romelu Lukaku Menama,Right Wing,83.0,900.0,1,True
Belgium,Simon Mignolet,,72.0,900.0,14,True
Belgium,Thibaut Courtois,Goalkeeper,83.0,900.0,15,True
Belgium,Thomas Kaminski,,67.5,900.0,5,True
Belgium,Thomas Meunier,Right Wing Back,81.0,900.0,8,True
Belgium,Thomas Vermaelen,Left Wing Back,70.8,900.0,2,True
Belgium,Thorgan Hazard,Right Wing,72.7,900.0,1,True
Belgium,Timothy Castagne,Right Wing Back,75.6,900.0,2,True
Belgium,Toby Alderweireld,Right Center Back,83.0,900.0,11,True
Belgium,Vincent Kompany,Left Center Back,71.3,900.0,3,True
Belgium,Wout Faes,Right Center Back,71.8,900.0,4,True
Belgium,Yannick Ferreira Carrasco,Right Wing,76.3,900.0,1,True
Belgium,Youri Tielemans,Right Defensive Midfield,79.3,900.0,7,True
Belgium,Zeno Debast,Left Center Back,66.7,900.0,1,True
Bolivia,Adalid Terrazas Abasto,Left Defensive Midfield,65.5,900.0,1,True
Bolivia,Adrian Jhonny Jusino Cerruto,,66.5,900.0,3,True
Bolivia,Boris Cespedes,Right Defensive Midfield,68.4,900.0,2,True
Bolivia,Bruno Miranda Villagomez,Right Wing Back,66.7,900.0,1,True
Bolivia,Carlos Emilio Lampe Porras,,66.5,900.0,3,True
Bolivia,Carmelo Algarañaz Añez,Center Forward,68.9,900.0,3,True
Bolivia,César Alejandro Menacho Claros,Right Center Forward,66.7,900.0,1,True
Bolivia,Diego Daniel Medina Roman,Right Wing Back,67.2,900.0,2,True
Bolivia,Fernando Javier Saucedo Pereyra,Right Wing,66.7,900.0,1,True
Bolivia,Gabriel Alejandro Villamíl Cortéz,Left Defensive Midfield,69.6,900.0,2,True
Bolivia,Guillermo Viscarra Bruckner,Goalkeeper,70.1,900.0,3,True
Bolivia,Gustavo Javier Almada Gonzales,,66.5,900.0,3,True
Bolivia,Héctor Manuel Cuellar Rosales,Right Center Back,68.4,900.0,2,True
Bolivia,Jaume Cuéllar Mendoza,Right Wing,65.5,900.0,1,True
Bolivia,Jesús Manuel Sagredo Chávez,Right Center Back,66.7,900.0,1,True
Bolivia,José Manuel Sagredo Chávez,Left Wing Back,69.1,900.0,1,True
Bolivia,Leonel Justiniano Arauz,Right Defensive Midfield,66.7,900.0,1,True
Bolivia,Lucas Leónidas Chávez Cruz,Left Wing,65.5,900.0,1,True
Bolivia,Luis Fernando Haquín Lopez,Center Back,70.1,900.0,3,True
Bolivia,Marcelo Sebastián Suárez Justiniano,Left Wing Back,66.7,900.0,1,True
Bolivia,Miguel Ángel Terceros,Right Wing,67.9,900.0,1,True
Bolivia,Ramiro Vaca Ponce,Left Wing,68.4,900.0,2,True
Bolivia,Roberto Carlos Fernández Toro,Left Wing Back,68.4,900.0,2,True
Bolivia,Robson Matheus Tome de Araujo Benegas,,66.5,900.0,3,True
Bolivia,Rodrigo Luis Ramallo Cornejo,Right Wing,65.5,900.0,1,True
Bolivia,Yomar Rene Rocha Rodriguez,Right Wing Back,68.4,900.0,2,True
Brazil,Alex Nicolao Telles,Left Back,67.2,900.0,2,True
Brazil,Alex Sandro Lobo Silva,Right Back,67.9,900.0,1,True
Brazil,Alisson Ramsés Becker,Goalkeeper,83.0,900.0,13,True
Brazil,Andreas Hoelgebaum Pereira,Left Midfield,65.5,900.0,1,True
Brazil,Antony Matheus dos Santos,Right Wing,66.7,900.0,1,True
Brazil,Bento Matheus Krepski Neto,,67.0,900.0,4,True
Brazil,Bruno Guimarães Rodriguez Moura,Right Defensive Midfield,72.3,900.0,5,True
Brazil,Carlos Henrique Casimiro,Right Center Midfield,75.1,900.0,1,True
Brazil,Cássio Ramos,,67.5,900.0,5,True
Brazil,Daniel Alves da Silva,Right Back,67.2,900.0,2,True
Brazil,Danilo Luiz da Silva,Right Back,77.6,900.0,6,True
Brazil,Douglas Costa de Souza,Right Wing,66.0,900.0,2,True
Brazil,Douglas Luiz Soares de Paulo,Left Defensive Midfield,66.0,900.0,2,True
Brazil,Ederson Santana de Moraes,Goalkeeper,66.7,900.0,1,True
Brazil,Eduardo Gabriel Aquino Cossa,,67.0,900.0,4,True
Brazil,Endrick Felipe Moreira de Sousa,Right Center Forward,66.7,900.0,1,True
Brazil,Fernando Luiz Roza,Right Center Midfield,66.7,900.0,1,True
Brazil,Filipe Luís Kasmirski,Left Back,67.2,900.0,2,True
Brazil,Francisco Evanilson de Lima Barbosa,Right Center Midfield,65.5,900.0,1,True
Brazil,Frederico Rodrigues Santos,Right Defensive Midfield,68.9,900.0,3,True
Brazil,Fábio Henrique Tavares,Left Defensive Midfield,66.7,900.0,1,True
Brazil,Fágner Conserva Lemos,Right Back,71.8,900.0,4,True
Brazil,Gabriel Fernando de Jesus,Left Center Forward,72.7,900.0,1,True
Brazil,Gabriel Teodoro Martinelli Silva,Right Wing,66.7,900.0,1,True
Brazil,Gabriel dos Santos Magalhães,Right Center Back,65.5,900.0,1,True
Brazil,Gleison Bremer Silva Nascimento,Left Center Back,66.7,900.0,1,True
Brazil,Guilherme Antonio Arana Lopes,Left Back,68.4,900.0,2,True
Brazil,José Paulo Bezzera Maciel Júnior,Right Midfield,71.5,900.0,1,True
Brazil,João Miranda de Souza Filho,Left Center Back,73.5,900.0,5,True
Brazil,João Victor Gomes da Silva,Right Defensive Midfield,70.3,900.0,1,True
Brazil,Lucas Lopes Beraldo,,67.0,900.0,4,True
Brazil,Lucas Tolentino Coelho de Lima,Right Defensive Midfield,76.1,900.0,3,True
Brazil,Marcelo Vieira da Silva Júnior,Left Back,71.8,900.0,4,True
Brazil,Marcos Aoás Corrêa,Right Wing,75.1,900.0,1,True
Brazil,Neymar da Silva Santos Junior,Right Center Forward,75.1,900.0,1,True
Brazil,Pedro Guilherme Abreu dos Santos,Center Forward,66.0,900.0,2,True
Brazil,Pedro Tonon Geromel,,67.5,900.0,5,True
Brazil,Philippe Coutinho Correia,Left Wing,71.5,900.0,1,True
Brazil,Rafael Pires Monteiro,,67.0,900.0,4,True
Brazil,Raphael Dias Belloli,Right Wing,76.9,900.0,7,True
Brazil,Renato Soares de Oliveira Augusto,Right Midfield,65.5,900.0,1,True
Brazil,Richarlison de Andrade,Center Forward,71.8,900.0,4,True
Brazil,Roberto Firmino Barbosa de Oliveira,Right Wing,65.5,900.0,1,True
Brazil,Rodrygo Silva de Goes,Right Center Forward,71.5,900.0,1,True
Brazil,Sávio Moreira de Oliveira,Right Wing,67.2,900.0,2,True
Brazil,Taison Barcellos Freda,,67.5,900.0,5,True
Brazil,Thiago Emiliano da Silva,Right Center Back,78.3,900.0,5,True
Brazil,Vinícius José Paixão de Oliveira Júnior,Left Wing,75.9,900.0,5,True
Brazil,Wendell Nascimento Borges,Left Back,68.4,900.0,2,True
Brazil,Weverton Pereira da Silva,Goalkeeper,65.5,900.0,1,True
Brazil,Willian Borges da Silva,Right Wing,73.5,900.0,5,True
Brazil,Yan Bueno Couto,,67.0,900.0,4,True
Brazil,Éder Gabriel Militão,Right Center Back,77.1,900.0,5,True
Brazil,Éderson José dos Santos Lourenço da Silva,Right Center Midfield,65.5,900.0,1,True
Brazil,Éverton Augusto de Barros Ribeiro,Center Attacking Midfield,65.5,900.0,1,True
Cameroon,André Onana,Goalkeeper,66.7,900.0,1,True
Cameroon,André-Frank Zambo Anguissa,Right Center Midfield,69.6,900.0,2,True
Cameroon,Bryan Mbeumo,Right Wing,69.6,900.0,2,True
Cameroon,Christian Mougang Bassogog,Left Wing,65.5,900.0,1,True
Cameroon,Christopher Wooh,Right Center Back,66.7,900.0,1,True
Cameroon,Devis Rogers Epassy Mboka,Goalkeeper,68.4,900.0,2,True
Cameroon,Enzo Ebosse,Left Center Back,66.7,900.0,1,True
Cameroon,Gaël Ondoua,Right Defensive Midfield,65.5,900.0,1,True
Cameroon,Georges-Kévin Nkoudou Mbida,Left Wing,66.0,900.0,2,True
Cameroon,Jean Pierre Nsamé,,66.5,900.0,3,True
Cameroon,Jean-Charles Castelletto,Right Center Back,68.4,900.0,2,True
Cameroon,Jean-Eric Maxim Choupo-Moting,Left Center Forward,69.1,900.0,1,True
Cameroon,Jerome Ngom Mbekeli,Right Midfield,65.5,900.0,1,True
Cameroon,Jules Olivier Ntcham,Right Defensive Midfield,65.5,900.0,1,True
Cameroon,Karl Brillant Toko Ekambi,Right Midfield,67.9,900.0,1,True
Cameroon,Martin Hongla Yma II,Left Center Midfield,67.9,900.0,1,True
Cameroon,Ngoran Suiru Fai Collins,Right Back,70.1,900.0,3,True
Cameroon,Nicolas Alexis Julio N'Koulou Ndoubena,Left Center Back,68.4,900.0,2,True
Cameroon,Nicolas Moumi Ngamaleu,Right Wing,66.7,900.0,1,True
Cameroon,Nouhou Tolo,Left Back,70.1,900.0,3,True
Cameroon,Olivier Mbaissidara Mbaizo,,66.5,900.0,3,True
Cameroon,Pierre Kunde Malong,Right Defensive Midfield,67.9,900.0,1,True
Cameroon,Samuel Yves Oum Gwet,Left Defensive Midfield,66.7,900.0,1,True
Cameroon,Simon Brady Ngapandouetnbu,,66.5,900.0,3,True
Cameroon,Souaibou Marou,,66.5,900.0,3,True
Cameroon,Vincent Paté Aboubakar,Right Center Forward,66.7,900.0,1,True
Canada,Ali Ahmed,Right Wing,67.2,900.0,2,True
Canada,Alistair Johnston,Right Center Back,76.3,900.0,1,True
Canada,Alphonso Davies,Right Midfield,75.1,900.0,1,True
Canada,Atiba Hutchinson,Right Defensive Midfield,68.4,900.0,2,True
Canada,Cyle Larin,Right Center Forward,73.9,900.0,1,True
Canada,David Junior Hoilett,Left Wing Back,67.9,900.0,1,True
Canada,David Wallace Wotherspoon,Left Midfield,65.5,900.0,1,True
Canada,Dayne Tristan St. Clair,Goalkeeper,66.7,900.0,1,True
Canada,Derek Cornelius,Left Center Back,74.0,900.0,6,True
Canada,Ike Ugbo,,66.5,900.0,3,True
Canada,Ismael Koné,Right Defensive Midfield,72.8,900.0,6,True
Canada,Jacen Russell-Rowe,Right Center Midfield,65.5,900.0,1,True
Canada,Jacob Shaffelburg,Right Midfield,70.3,900.0,1,True
Canada,James Pantemis,,66.5,900.0,3,True
Canada,Joel Waterman,,69.5,900.0,9,True
Canada,Jonathan David,Right Center Forward,74.4,900.0,2,True
Canada,Jonathan Osorio,Right Defensive Midfield,71.8,900.0,4,True
Canada,Kamal Miller,Left Center Back,71.1,900.0,5,True
Canada,Kyle Hiebert,,68.0,900.0,6,True
Canada,Liam Fraser,,66.5,900.0,3,True
Canada,Liam Millar,Right Wing Back,67.9,900.0,1,True
Canada,Luc Rollet De Fougerolles,Right Center Back,66.7,900.0,1,True
Canada,Lucas Daniel Cavallini,Left Center Forward,65.5,900.0,1,True
Canada,Mark Anthony Kaye,Left Defensive Midfield,66.7,900.0,1,True
Canada,Mathieu Choiniere,Left Defensive Midfield,67.2,900.0,2,True
Canada,Maxime Crépeau,Goalkeeper,73.5,900.0,5,True
Canada,Milan Borjan,Goalkeeper,70.1,900.0,3,True
Canada,Moise Bombito,Right Center Back,74.7,900.0,5,True
Canada,Richie Laryea,Right Wing Back,73.9,900.0,1,True
Canada,Sam Adekugbe,Right Wing Back,66.7,900.0,1,True
Canada,Samuel Piette,,69.5,900.0,9,True
Canada,Stephen Antunes Eustáquio,Left Defensive Midfield,76.9,900.0,7,True
Canada,Steven de Sousa Vitoria,Right Center Back,69.6,900.0,2,True
Canada,Tajon Buchanan,Right Wing Back,70.3,900.0,1,True
Canada,Tanitoluwa Oluwaseyi,Right Center Forward,66.7,900.0,1,True
Canada,Thelonius Bair,Left Center Forward,65.5,900.0,1,True
Canada,Thomas McGill,,68.0,900.0,6,True
Chile,Alexis Alejandro Sánchez Sánchez,Left Wing,69.1,900.0,1,True
Chile,Ben Brereton Díaz,Left Midfield,65.5,900.0,1,True
Chile,Benjamín Kuscevic Jaramillo,,66.5,900.0,3,True
Chile,Brayan Josué Cortés Fernández,,66.5,900.0,3,True
Chile,Claudio Andrés Bravo Muñoz,Goalkeeper,68.4,900.0,2,True
Chile,Cristián Alexander Zavala Briones,,66.5,900.0,3,True
Chile,César Ignacio Pérez Maldonado,Right Defensive Midfield,65.5,900.0,1,True
Chile,Darío Esteban Osorio Osorio,Right Wing,68.9,900.0,3,True
Chile,Diego Alfonso Valdés Contreras,Left Wing,66.7,900.0,1,True
Chile,Eduardo Jesús Vargas Rojas,Center Forward,70.1,900.0,3,True
Chile,Erick Antonio Pulgar Farfán,Right Defensive Midfield,67.9,900.0,1,True
Chile,Esteban Andres Pavez Suazo,,66.5,900.0,3,True
Chile,Gabriel Alonso Suazo Urbina,Left Back,70.1,900.0,3,True
Chile,Gabriel Arias Arroyo,Goalkeeper,66.7,900.0,1,True
Chile,Guillermo Alfonso Maripán Loaysa,Left Center Back,66.7,900.0,1,True
Chile,Igor Lichnovsky Osorio,Right Center Back,70.1,900.0,3,True
Chile,Marcelino Ignacio Nuñez Espinoza,Right Defensive Midfield,68.9,900.0,3,True
Chile,Marcos Nikolas Bolados Hidalgo,Left Wing,65.5,900.0,1,True
Chile,Matías Ezequiel Catalán,,66.5,900.0,3,True
Chile,Mauricio Aníbal Isla Isla,Right Back,70.1,900.0,3,True
Chile,Maximiliano Gabriel Guerrero Pena,,66.5,900.0,3,True
Chile,Nicolás Esteban Fernández Muñoz,Right Back,65.5,900.0,1,True
Chile,Paulo César Díaz Huincales,Left Center Back,68.4,900.0,2,True
Chile,Rodrigo Eduardo Echeverría Sáez,Right Defensive Midfield,67.9,900.0,1,True
Chile,Thomas Ignacio Galdames Millán,Right Wing,65.5,900.0,1,True
Chile,Víctor Alejandro Dávila Zavala,Right Wing,69.1,900.0,1,True
Colombia,Abel Enrique Aguilar Tapia,Right Defensive Midfield,66.7,900.0,1,True
Colombia,Andrés Mateus Uribe Villa,Right Midfield,67.9,900.0,1,True
Colombia,Camilo Andrés Vargas Gil,Goalkeeper,75.2,900.0,6,True
Colombia,Carlos Alberto Sánchez Moreno,Right Center Midfield,69.6,900.0,2,True
Colombia,Carlos Arturo Bacca Ahumada,Left Wing,65.5,900.0,1,True
Colombia,Carlos Eccehomo Cuesta Figueroa,Left Center Back,73.5,900.0,5,True
Colombia,Cristian Eduardo Zapata Valencia,Right Back,65.5,900.0,1,True
Colombia,Daniel Muñoz Mejía,Right Back,73.5,900.0,5,True
Colombia,David Ospina Ramírez,Goalkeeper,71.8,900.0,4,True
Colombia,Davinson Sánchez Mina,Right Center Back,80.5,900.0,7,True
Colombia,Deiver Andrés Machado Mena,Left Back,66.7,900.0,1,True
Colombia,Farid Alfonso Díaz Rhenals,,67.0,900.0,4,True
Colombia,James David Rodríguez Rubio,Right Midfield,75.1,900.0,1,True
Colombia,Jefferson Andrés Lerma Solís,Right Center Midfield,73.9,900.0,1,True
Colombia,Jhon Adolfo Arias Andrade,Right Wing,72.7,900.0,1,True
Colombia,Jhon Andrés Córdoba Copete,Right Center Forward,73.5,900.0,5,True
Colombia,Jhon Janer Lucumí Bonilla,Left Center Back,66.7,900.0,1,True
Colombia,Jhon Jáder Durán Palacio,Left Center Forward,65.5,900.0,1,True
Colombia,Johan Andrés Mojica Palacio,Left Back,80.8,900.0,10,True
Colombia,Jorge Andrés Carrascal Guardo,Left Center Midfield,66.0,900.0,2,True
Colombia,José Fernando Cuadrado Romero,,67.0,900.0,4,True
Colombia,José Heriberto Izquierdo Mena,Left Wing,66.7,900.0,1,True
Colombia,Juan Fernando Quintero Paniagua,Right Wing,70.3,900.0,1,True
Colombia,Juan Guillermo Cuadrado Bello,Right Wing,70.8,900.0,2,True
Colombia,Kevin Duvan Castaño Gil,Right Center Midfield,65.5,900.0,1,True
Colombia,Luis Fernando Díaz Marulanda,Left Wing,72.7,900.0,1,True
Colombia,Luis Fernando Muriel Fruto,Right Center Midfield,65.5,900.0,1,True
Colombia,Luis Fernando Sinisterra Lucumí,Right Wing,65.5,900.0,1,True
Colombia,Miguel Ángel Borja Hernández,Right Center Forward,65.5,900.0,1,True
Colombia,Oscar Fabián Murillo Murillo,Left Center Back,66.7,900.0,1,True
Colombia,Radamel Falcao García Zárate,Left Center Forward,70.3,900.0,1,True
Colombia,Rafael Santos Borré Amaury,Right Center Forward,68.2,900.0,4,True
Colombia,Richard Rios Montoya,Right Defensive Midfield,72.7,900.0,1,True
Colombia,Santiago Arias Naranjo,Right Wing,71.5,900.0,1,True
Colombia,Wílmar Enrique Barrios Terán,Right Midfield,67.9,900.0,1,True
Colombia,Yaser Esneider Asprilla Martínez,Center Attacking Midfield,65.5,900.0,1,True
Colombia,Yerry Fernando Mina González,Right Center Back,70.1,900.0,3,True
Colombia,Álvaro David Montero Perales,,68.0,900.0,6,True
Costa Rica,Aarón Moisés Cruz Esquivel,,66.5,900.0,3,True
Costa Rica,Alejandro Jesús Bran Flores,Right Center Midfield,65.5,900.0,1,True
Costa Rica,Andy Rojas Maroto,Center Forward,65.5,900.0,1,True
Costa Rica,Anthony Daniel Contreras Enríquez,Left Wing Back,67.9,900.0,1,True
Costa Rica,Anthony William Hernández González,,66.5,900.0,3,True
Costa Rica,Ariel Lassiter,Left Wing Back,68.4,900.0,2,True
Costa Rica,Brandon Aguilera Zamora,Right Wing,69.1,900.0,1,True
Costa Rica,Bryan Oviedo,Left Wing Back,73.0,900.0,4,True
Costa Rica,Bryan Ruiz González,Right Wing,69.6,900.0,2,True
Costa Rica,Carlos Manuel Martínez Castro,Right Back,66.7,900.0,1,True
Costa Rica,Celso Borges Mora,Right Defensive Midfield,73.7,900.0,3,True
Costa Rica,Christian Bolaños Navarro,Left Wing,65.5,900.0,1,True
Costa Rica,Cristian Gamboa Luna,Right Wing Back,70.1,900.0,3,True
Costa Rica,Daniel Alonso Chacón Salas,Center Forward,65.5,900.0,1,True
Costa Rica,Daniel Colindres Solera,Left Wing,66.7,900.0,1,True
Costa Rica,David Alberto Guzmán Pérez,Left Center Midfield,70.1,900.0,3,True
Costa Rica,Douglas Andrey López Araya,,66.5,900.0,3,True
Costa Rica,Douglas Esteban Sequeira Borbón,,66.5,900.0,3,True
Costa Rica,Esteban Alvarado Brown,,66.5,900.0,3,True
Costa Rica,Fernán José Faerrón Tristán,,66.5,900.0,3,True
Costa Rica,Francisco Javier Calvo Quesada,Right Wing Back,72.7,900.0,1,True
Costa Rica,Gerald Taylor,Right Wing Back,66.7,900.0,1,True
Costa Rica,Gerson Torres Barrantes,Right Wing,66.7,900.0,1,True
Costa Rica,Giancarlo González Castro,Center Back,70.1,900.0,3,True
Costa Rica,Haxzel Quirós Cruz,Right Wing Back,68.4,900.0,2,True
Costa Rica,Ian Rey Smith Quiros,Right Wing Back,65.5,900.0,1,True
Costa Rica,Jefferson Brenes Rojas,Left Defensive Midfield,68.4,900.0,2,True
Costa Rica,Jewison Bennette,Right Wing,66.7,900.0,1,True
Costa Rica,Jeyland Yahir Mitchell Baltodano,Right Center Back,70.1,900.0,3,True
Costa Rica,Joel Nathaniel Campbell Samuels,Right Wing,71.5,900.0,1,True
Costa Rica,Johan Alberto Venegas Ulloa,Right Wing,69.1,900.0,1,True
Costa Rica,Johnny Acosta Zamora,Right Center Back,70.1,900.0,3,True
Costa Rica,Joseph Martín Mora Cortéz,Left Wing Back,67.7,900.0,3,True
Costa Rica,Josimar Alcócer,Left Wing,66.7,900.0,1,True
Costa Rica,Juan Pablo Vargas Campos,Left Center Back,70.3,900.0,1,True
Costa Rica,Julio César Cascante Solórzano,Left Wing Back,65.5,900.0,1,True
Costa Rica,Kendall Jamaal Waston Manley,Right Center Back,69.6,900.0,2,True
Costa Rica,Kenner Gutiérrez Cerdas,,66.5,900.0,3,True
Costa Rica,Kenneth Vargas,,66.5,900.0,3,True
Costa Rica,Kevin José Chamorro Rodríguez,,66.5,900.0,3,True
Costa Rica,Keylor Navas Gamboa,Goalkeeper,75.2,900.0,6,True
Costa Rica,Keysher Fuller Spence,Right Wing Back,69.6,900.0,2,True
Costa Rica,Leonel Moreira Ledezma,,66.5,900.0,3,True
Costa Rica,Manfred Ugalde,Left Center Forward,67.9,900.0,1,True
Costa Rica,Marcos Danilo Ureña Porras,Center Forward,68.4,900.0,2,True
Costa Rica,Orlando Moisés Galo Calderón,Right Defensive Midfield,69.6,900.0,2,True
Costa Rica,Patrick Alberto Pemberton Bernard,,66.5,900.0,3,True
Costa Rica,Patrick Gilmar Sequeira Mejías,Goalkeeper,70.1,900.0,3,True
Costa Rica,Roan Roberto Wilson Gordon,Left Defensive Midfield,65.5,900.0,1,True
Costa Rica,Rodney Wallace,Left Wing,65.5,900.0,1,True
Costa Rica,Ronald Alberto Matarrita Ulate,Left Wing Back,65.5,900.0,1,True
Costa Rica,Rándall Azofeifa Corrales,Left Center Midfield,65.5,900.0,1,True
Costa Rica,Warren Steven Madrigal Molina,Right Wing,67.9,900.0,1,True
Costa Rica,Yeison Molina Ruiz,,66.5,900.0,3,True
Costa Rica,Yeltsin Ignacio Tejeda Valverde,Left Midfield,69.1,900.0,1,True
Costa Rica,Youstin Delfin Salas Gómez,Right Wing Back,65.5,900.0,1,True
Costa Rica,Álvaro José Zamora Mata,Right Wing,67.9,900.0,1,True
Costa Rica,Óscar Esau Duarte Gaitán,Right Center Back,72.0,900.0,2,True
Croatia,Andrej Kramarić,Right Wing,83.0,900.0,6,True
Croatia,Ante Budimir,Left Center Midfield,66.7,900.0,1,True
Croatia,Ante Rebić,Right Wing,77.3,900.0,3,True
Croatia,Borna Barišić,Left Back,67.2,900.0,2,True
Croatia,Borna Sosa,Left Back,74.0,900.0,6,True
Croatia,Bruno Petković,Right Center Forward,70.3,900.0,1,True
Croatia,Danijel Subašić,Goalkeeper,75.2,900.0,6,True
Croatia,Dejan Lovren,Right Wing,82.3,900.0,1,True
Croatia,Domagoj Bradarić,,66.5,900.0,3,True
Croatia,Domagoj Vida,Right Center Back,78.0,900.0,2,True
Croatia,Dominik Livaković,Goalkeeper,83.0,900.0,14,True
Croatia,Duje Ćaleta-Car,Left Center Back,70.1,900.0,3,True
Croatia,Filip Bradarić,Right Center Midfield,65.5,900.0,1,True
Croatia,Ivan Perišić,Right Wing,83.0,900.0,3,True
Croatia,Ivan Rakitić,Left Defensive Midfield,72.7,900.0,1,True
Croatia,Ivan Strinić,Left Back,75.2,900.0,6,True
Croatia,Ivica Ivušić,,70.0,900.0,10,True
Croatia,Ivo Grbić,,68.5,900.0,7,True
Croatia,Josip Brekalo,Right Wing,66.7,900.0,1,True
Croatia,Josip Juranović,Right Wing,76.3,900.0,1,True
Croatia,Josip Pivarić,Left Back,68.2,900.0,4,True
Croatia,Josip Stanišić,Right Back,70.1,900.0,3,True
Croatia,Josip Šutalo,Right Center Back,71.8,900.0,4,True
Croatia,Joško Gvardiol,Left Center Back,83.0,900.0,8,True
Croatia,Kristijan Jakić,Left Wing,65.5,900.0,1,True
Croatia,Lovre Kalinić,Goalkeeper,66.7,900.0,1,True
Croatia,Lovro Majer,Right Wing,70.1,900.0,3,True
Croatia,Luka Ivanušec,Right Wing,66.0,900.0,2,True
Croatia,Luka Modrić,Right Defensive Midfield,83.0,900.0,2,True
Croatia,Luka Sučić,Right Wing,66.7,900.0,1,True
Croatia,Marcelo Brozović,Left Wing,83.0,900.0,1,True
Croatia,Marco Pašalić,,66.5,900.0,3,True
Croatia,Marin Pongracic,Left Center Back,68.4,900.0,2,True
Croatia,Mario Mandžukić,Center Forward,75.2,900.0,6,True
Croatia,Mario Pašalić,Right Wing,71.6,900.0,6,True
Croatia,Marko Livaja,Center Forward,71.1,900.0,5,True
Croatia,Marko Pjaca,Right Wing,66.7,900.0,1,True
Croatia,Martin Baturina,Left Wing,65.5,900.0,1,True
Croatia,Martin Erlić,,70.0,900.0,10,True
Croatia,Mateo Kovačić,Right Wing,83.0,900.0,1,True
Croatia,Milan Badelj,Right Attacking Midfield,66.7,900.0,1,True
Croatia,Mile Škorić,,66.0,900.0,2,True
Croatia,Mislav Oršić,Right Wing,66.7,900.0,1,True
Croatia,Nediljko Labrović,,66.5,900.0,3,True
Croatia,Nikola Kalinić,,65.5,900.0,1,True
Croatia,Nikola Vlašić,Right Wing,71.6,900.0,6,True
Croatia,Simon Sluga,,67.0,900.0,4,True
Croatia,Tin Jedvaj,Right Back,66.7,900.0,1,True
Croatia,Vedran Ćorluka,Right Center Back,66.7,900.0,1,True
Croatia,Šime Vrsaljko,Right Back,78.6,900.0,8,True
Czech Republic,Adam Hložek,Right Wing,68.4,900.0,2,True
Czech Republic,Alex Král,Right Defensive Midfield,66.7,900.0,1,True
Czech Republic,Aleš Mandous,,67.5,900.0,5,True
Czech Republic,Aleš Matějů,,66.0,900.0,2,True
Czech Republic,Antonín Barák,Right Defensive Midfield,69.1,900.0,1,True
Czech Republic,David Doudera,Left Wing Back,66.7,900.0,1,True
Czech Republic,David Jurásek,Left Wing Back,68.4,900.0,2,True
Czech Republic,David Zima,,68.0,900.0,6,True
Czech Republic,Jakub Brabec,Right Center Back,65.5,900.0,1,True
Czech Republic,Jakub Jankto,Right Wing,69.1,900.0,1,True
Czech Republic,Jakub Pešek,,66.0,900.0,2,True
Czech Republic,Jan Bořil,Left Back,71.8,900.0,4,True
Czech Republic,Jan Kuchta,Left Center Forward,66.7,900.0,1,True
Czech Republic,Jindřich Staněk,Goalkeeper,70.1,900.0,3,True
Czech Republic,Ladislav Krejčí,Left Center Back,70.1,900.0,3,True
Czech Republic,Lukáš Masopust,Right Wing,73.0,900.0,4,True
Czech Republic,Lukáš Provod,Right Center Midfield,69.1,900.0,1,True
Czech Republic,Lukáš Červ,,66.5,900.0,3,True
Czech Republic,Martin Vitík,,66.5,900.0,3,True
Czech Republic,Matěj Jurásek,Right Attacking Midfield,65.5,900.0,1,True
Czech Republic,Matěj Kovář,Goalkeeper,65.5,900.0,1,True
Czech Republic,Matěj Vydra,Right Wing,65.5,900.0,1,True
Czech Republic,Michael Krmenčík,Right Wing,65.5,900.0,1,True
Czech Republic,Michal Sadílek,Center Attacking Midfield,65.5,900.0,1,True
Czech Republic,Mojmír Chytil,Center Forward,67.7,900.0,3,True
Czech Republic,Ondrej Celustka,Right Center Back,73.5,900.0,5,True
Czech Republic,Ondřej Lingr,Left Center Midfield,65.5,900.0,1,True
Czech Republic,Patrik Schick,Right Center Forward,73.9,900.0,1,True
Czech Republic,Pavel Kadeřábek,Left Back,66.7,900.0,1,True
Czech Republic,Pavel Šulc,Left Center Midfield,66.7,900.0,1,True
Czech Republic,Petr Ševčík,Right Attacking Midfield,67.9,900.0,1,True
Czech Republic,Robin Hranáč,Center Back,70.1,900.0,3,True
Czech Republic,Tomáš Chorý,Right Center Midfield,65.5,900.0,1,True
Czech Republic,Tomáš Holeš,Right Defensive Midfield,74.4,900.0,2,True
Czech Republic,Tomáš Kalas,Left Center Back,73.5,900.0,5,True
Czech Republic,Tomáš Koubek,,67.0,900.0,4,True
Czech Republic,Tomáš Pekhart,Center Forward,65.5,900.0,1,True
Czech Republic,Tomáš Souček,Right Defensive Midfield,75.6,900.0,2,True
Czech Republic,Tomáš Vaclík,Goalkeeper,73.5,900.0,5,True
Czech Republic,Tomáš Vlček,,66.5,900.0,3,True
Czech Republic,Vitezslav Jaros,,66.5,900.0,3,True
Czech Republic,Vladimír Coufal,Right Wing Back,76.1,900.0,3,True
Czech Republic,Vladimír Darida,Right Midfield,69.1,900.0,1,True
Czech Republic,Václav Černý,Right Attacking Midfield,66.7,900.0,1,True
Denmark,Alexander Hartmann Bah,Right Wing Back,70.6,900.0,4,True
Denmark,Anders Christiansen,,65.5,900.0,1,True
Denmark,Anders Dreyer,,67.0,900.0,4,True
Denmark,Andreas Christensen,Right Center Midfield,83.0,900.0,1,True
Denmark,Andreas Evald Cornelius,Right Center Forward,69.1,900.0,1,True
Denmark,Andreas Skov Olsen,Right Wing,69.6,900.0,2,True
Denmark,Christian Dannemann Eriksen,Secondary Striker,79.9,900.0,1,True
Denmark,Christian Nørgaard,Right Wing,65.5,900.0,1,True
Denmark,Daniel Wass,Right Wing Back,70.1,900.0,3,True
Denmark,Frederik Rønnow,,73.5,900.0,17,True
Denmark,Henrik Dalsgaard,Right Back,71.8,900.0,4,True
Denmark,Jacob Bruun Larsen,Left Center Back,65.5,900.0,1,True
Denmark,Jannik Vestergaard,Right Center Back,76.3,900.0,1,True
Denmark,Jens Stryger Larsen,Right Wing Back,74.7,900.0,5,True
Denmark,Jesper Lindstrøm,Right Wing,67.9,900.0,1,True
Denmark,Joachim Andersen,Right Center Back,77.4,900.0,8,True
Denmark,Joakim Mæhle,Right Wing Back,79.9,900.0,1,True
Denmark,Jonas Knudsen,Left Back,66.7,900.0,1,True
Denmark,Jonas Lössl,,70.0,900.0,10,True
Denmark,Jonas Older Wind,Right Wing,70.3,900.0,1,True
Denmark,Kasper Dolberg,Right Center Forward,70.3,900.0,1,True
Denmark,Kasper Schmeichel,Goalkeeper,83.0,900.0,17,True
Denmark,Lasse Schöne,Right Defensive Midfield,66.7,900.0,1,True
Denmark,Lukas Reiff Lerager,Left Center Midfield,65.5,900.0,1,True
Denmark,Mads Hermansen,,67.0,900.0,4,True
Denmark,Martin Braithwaite Christensen,Right Wing,76.8,900.0,2,True
Denmark,Mathias Jattah-Njie Jørgensen,Left Center Back,65.5,900.0,1,True
Denmark,Mathias Jensen,Right Center Midfield,67.2,900.0,2,True
Denmark,Mathias Jørgensen Jatta,Left Center Back,68.4,900.0,2,True
Denmark,Michael Krohn-Dehli,Left Center Midfield,65.5,900.0,1,True
Denmark,Mikkel Damsgaard,Right Center Midfield,72.7,900.0,1,True
Denmark,Morten Hjulmand,Right Defensive Midfield,70.1,900.0,3,True
Denmark,Nicolai Jørgensen,Center Forward,68.9,900.0,3,True
Denmark,Nicolai Møller Boilesen,Right Wing Back,65.5,900.0,1,True
Denmark,Oliver Christensen,,66.5,900.0,3,True
Denmark,Pierre-Emile Højbjerg,Right Defensive Midfield,83.0,900.0,7,True
Denmark,Pione Sisto Ifolo Emirmija,Left Wing,70.1,900.0,3,True
Denmark,Rasmus Nissen Kristensen,Right Wing Back,69.6,900.0,2,True
Denmark,Rasmus Winther Højlund,Left Center Forward,70.3,900.0,1,True
Denmark,Robert Skov,Right Wing,65.5,900.0,1,True
Denmark,Simon Thorup Kjær,Right Center Back,80.7,900.0,5,True
Denmark,Thomas Delaney,Right Defensive Midfield,79.9,900.0,1,True
Denmark,Victor Bernth Kristansen,Right Wing Back,67.9,900.0,1,True
Denmark,Victor Nelsson,Left Center Back,66.7,900.0,1,True
Denmark,Viktor Fischer,Left Midfield,65.5,900.0,1,True
Denmark,William Vitved Kvist Jørgensen,Right Center Midfield,66.7,900.0,1,True
Denmark,Yussuf Yurary Poulsen,Right Wing,74.2,900.0,4,True
Ecuador,Alan Steve Minda García,Right Wing,66.5,900.0,3,True
Ecuador,Alan Steven Franco Palma,Right Defensive Midfield,72.0,900.0,2,True
Ecuador,Alexander Domínguez Carabalí,Goalkeeper,71.8,900.0,4,True
Ecuador,Angelo Smit Preciado Quiñónez,Right Wing Back,73.9,900.0,1,True
Ecuador,Carlos Armando Gruezo Arboleda,Right Defensive Midfield,67.9,900.0,1,True
Ecuador,Diego José Palacios Espinoza,,66.5,900.0,3,True
Ecuador,Djorkaeff Neicer Reasco González,Right Center Forward,65.5,900.0,1,True
Ecuador,Eduar Ayrton Preciado García,,66.5,900.0,3,True
Ecuador,Enner Remberto Valencia Lastra,Right Center Forward,72.7,900.0,1,True
Ecuador,Felix Eduardo Torres Caicedo,Right Center Back,76.4,900.0,6,True
Ecuador,Gonzalo Jordy Plata Jiménez,Right Wing,69.1,900.0,1,True
Ecuador,Hernán Ismael Galíndez,Goalkeeper,70.1,900.0,3,True
Ecuador,Jackson Gabriel Porozo Vernaza,Right Center Back,66.7,900.0,1,True
Ecuador,Janner Hitcler Corozo Alman,Left Wing,65.5,900.0,1,True
Ecuador,Jeremy Leonel Sarmiento Morante,Left Wing,71.3,900.0,3,True
Ecuador,Jhegson Sebastián Méndez Carabalí,Right Defensive Midfield,68.4,900.0,2,True
Ecuador,Joel Leandro Ordóñez Guerrero,,67.0,900.0,4,True
Ecuador,John Yeboah Zamora,Right Wing,68.4,900.0,2,True
Ecuador,Jordy Josué Caicedo Medina,Left Wing,65.5,900.0,1,True
Ecuador,José Adoni Cifuentes Charcopa,Right Defensive Midfield,65.5,900.0,1,True
Ecuador,José Andrés Hurtado Cheme,Right Back,65.5,900.0,1,True
Ecuador,Julio Joao Ortiz Landázuri,,67.0,900.0,4,True
Ecuador,Kevin José Rodríguez Cortez,Right Center Forward,67.9,900.0,1,True
Ecuador,Layan Manuel Loor Requelme,,67.0,900.0,4,True
Ecuador,Michael Steveen Estrada Martínez,Left Center Forward,69.1,900.0,1,True
Ecuador,Moisés Isaac Caicedo Corozo,Right Defensive Midfield,73.9,900.0,1,True
Ecuador,Norman Andres Micolta Arroyo,,67.0,900.0,4,True
Ecuador,Pervis Josué Estupiñán Tenorio,Left Wing Back,69.1,900.0,1,True
Ecuador,Piero Martín Hincapié Reyna,Left Center Back,74.9,900.0,3,True
Ecuador,Ray Kendry Páez Andrade,Right Wing,70.3,900.0,1,True
Ecuador,Robert Abel Arboleda Escobar,,66.5,900.0,3,True
Ecuador,Romario Andrés Ibarra Mina,Right Attacking Midfield,66.7,900.0,1,True
Ecuador,Wellington Moisés Ramírez Preciado,,68.5,900.0,7,True
Ecuador,Willian Joel Pacho Tenorio,Left Center Back,71.8,900.0,4,True
Ecuador,Xavier Ricardo Arreaga Bermello,,66.5,900.0,3,True
Ecuador,Ángel Israel Mena Delgado,Left Midfield,65.5,900.0,1,True
Egypt,Abdalla Mahmoud El Said Bekhit,Right Wing,69.1,900.0,1,True
Egypt,Ahmed Eissa El Mohamady Abdel Fattah,,66.5,900.0,3,True
Egypt,Ahmed Elsayed Ali Elsayed Hegazy,Left Center Back,70.1,900.0,3,True
Egypt,Ahmed Fathy Abdel Meneim Ibrahim,Right Back,70.1,900.0,3,True
Egypt,Ali Gabr,Right Center Back,70.1,900.0,3,True
Egypt,Amr Medhat Warda,Right Wing,66.7,900.0,1,True
Egypt,Ayman Ashraf,,66.5,900.0,3,True
Egypt,Essam Kamal Tawfik El Hadary,Goalkeeper,66.7,900.0,1,True
Egypt,Mahmoud Abdel Razek Fadlallah,,66.5,900.0,3,True
Egypt,Mahmoud Abdul Monem Abdelhamid Soliman,Right Wing,65.5,900.0,1,True
Egypt,Mahmoud Hamdi Mahmoud Hamouda Attia,,66.5,900.0,3,True
Egypt,Mahmoud Ibrahim Hassan,Left Wing,69.6,900.0,2,True
Egypt,Marwan Mohsen,Center Forward,70.1,900.0,3,True
Egypt,Mohamed Abdul Shafy Sayed Abouezeid,Left Back,70.1,900.0,3,True
Egypt,Mohamed El Sayed Mohamed El Shenawy Gomaa,Goalkeeper,68.4,900.0,2,True
Egypt,Mohamed Naser Elsayed Elneny,Right Defensive Midfield,69.1,900.0,1,True
Egypt,Mohamed Salah,Right Wing,67.9,900.0,1,True
Egypt,Omar Gaber,,66.0,900.0,2,True
Egypt,Ramadan Sobhi Ramadan Ahmed,Right Midfield,65.5,900.0,1,True
Egypt,Saad Ali Saadeldin Samir,,66.5,900.0,3,True
Egypt,Sam Morsy,Left Center Midfield,65.5,900.0,1,True
Egypt,Sherif Ekramy Ahmed,,66.5,900.0,3,True
Egypt,Tarek Hamed,Left Defensive Midfield,69.1,900.0,1,True
England,Aaron Ramsdale,,74.0,900.0,18,True
England,Adam Wharton,,68.5,900.0,7,True
England,Anthony Gordon,Left Wing,65.5,900.0,1,True
England,Ashley Young,Left Wing Back,71.5,900.0,1,True
England,Bamidele Alli,Right Center Midfield,70.3,900.0,1,True
England,Ben Chilwell,,66.0,900.0,2,True
England,Ben White,,67.0,900.0,4,True
England,Bukayo Saka,Right Wing Back,82.8,900.0,2,True
England,Callum Wilson,Center Forward,66.0,900.0,2,True
England,Cole Palmer,Right Wing,66.0,900.0,2,True
England,Conor Coady,,71.0,900.0,12,True
England,Conor Gallagher,Right Defensive Midfield,68.7,900.0,5,True
England,Daniel Nii Tackie Mensah Welbeck,Right Midfield,65.5,900.0,1,True
England,Danny Rose,Right Midfield,67.9,900.0,1,True
England,Dean Henderson,,69.0,900.0,8,True
England,Declan Rice,Left Defensive Midfield,83.0,900.0,15,True
England,Dominic Calvert-Lewin,Left Wing,65.5,900.0,1,True
England,Eberechi Eze,Right Wing,65.5,900.0,1,True
England,Eric Dier,Right Center Midfield,67.9,900.0,1,True
England,Ezri Konsa Ngoyo,Right Wing Back,66.7,900.0,1,True
England,Fabian Delph,Right Center Midfield,67.9,900.0,1,True
England,Gary Cahill,Left Center Back,66.7,900.0,1,True
England,Harry Kane,Right Center Forward,83.0,900.0,2,True
England,Harry Maguire,Left Center Back,83.0,900.0,16,True
England,Ivan Toney,Left Wing,65.5,900.0,1,True
England,Jack Butland,,68.5,900.0,7,True
England,Jack Grealish,Right Wing,67.7,900.0,3,True
England,Jadon Sancho,Right Wing,67.2,900.0,2,True
England,James Maddison,,67.5,900.0,5,True
England,Jamie Vardy,Right Center Forward,67.2,900.0,2,True
England,Jarrod Bowen,Right Wing,65.5,900.0,1,True
England,Jesse Lingard,Right Center Midfield,72.5,900.0,3,True
England,Joe Gomez,,68.5,900.0,7,True
England,John Stones,Right Center Back,83.0,900.0,15,True
England,Jordan Brian Henderson,Right Defensive Midfield,75.6,900.0,2,True
England,Jordan Pickford,Goalkeeper,83.0,900.0,26,True
England,Jude Bellingham,Right Defensive Midfield,80.4,900.0,2,True
England,Kalvin Phillips,Right Defensive Midfield,76.4,900.0,6,True
England,Kieran Trippier,Right Wing Back,83.0,900.0,5,True
England,Kobbie Mainoo,Right Defensive Midfield,72.3,900.0,5,True
England,Kyle Walker,Right Center Back,83.0,900.0,9,True
England,Lewis Dunk,,68.5,900.0,7,True
England,Luke Shaw,Left Wing Back,80.9,900.0,3,True
England,Marc Guehi,Left Center Back,75.2,900.0,6,True
England,Marcus Rashford,Secondary Striker,67.9,900.0,1,True
England,Mason Mount,Right Center Midfield,73.9,900.0,1,True
England,Nick Pope,,71.0,900.0,12,True
England,Ollie Watkins,Center Forward,66.5,900.0,3,True
England,Phil Foden,Right Wing,75.1,900.0,1,True
England,Phil Jones,Right Center Back,68.4,900.0,2,True
England,Philip Foden,Right Wing,70.8,900.0,2,True
England,Raheem Sterling,Right Wing,83.0,900.0,1,True
England,Reece James,Right Back,66.7,900.0,1,True
England,Ruben Loftus-Cheek,Right Center Midfield,69.1,900.0,1,True
England,Sam Johnstone,,68.5,900.0,7,True
England,Trent Alexander-Arnold,Right Midfield,69.1,900.0,1,True
England,Tyrone Mings,Right Center Back,67.9,900.0,1,True
Finland,Anssi Jaakkola,,66.5,900.0,3,True
Finland,Daniel O''Shaughnessy,Left Center Back,70.1,900.0,3,True
Finland,Fredrik Jensen,Right Center Forward,65.5,900.0,1,True
Finland,Glen Kamara,Left Center Midfield,70.1,900.0,3,True
Finland,Jere Juhani Uronen,Left Wing Back,70.1,900.0,3,True
Finland,Jesse Joronen,,66.5,900.0,3,True
Finland,Joel Pohjanpalo,Right Center Forward,69.1,900.0,1,True
Finland,Joni Ensio Kauko,Left Center Forward,66.0,900.0,2,True
Finland,Joona Toivio,Right Center Back,70.1,900.0,3,True
Finland,Jukka Raitala,Right Wing Back,70.1,900.0,3,True
Finland,Lassi Lappalainen,Right Center Forward,65.5,900.0,1,True
Finland,Leo Onni Artturi Väisänen,Right Wing Back,65.5,900.0,1,True
Finland,Lukáš Hrádecký,Goalkeeper,70.1,900.0,3,True
Finland,Marcus Forss,Right Center Forward,65.5,900.0,1,True
Finland,Nicholas Hamalainen,,65.5,900.0,1,True
Finland,Nikolai Alho,Left Wing Back,65.5,900.0,1,True
Finland,Onni Johannes Simonpoika Valakari,,66.0,900.0,2,True
Finland,Paulus Arajuuri,Center Back,70.1,900.0,3,True
Finland,Pyry Henri Hidipo Soiri,Right Wing Back,65.5,900.0,1,True
Finland,Rasmus Schüller,Center Defensive Midfield,67.7,900.0,3,True
Finland,Robert Ivanov,,66.5,900.0,3,True
Finland,Robert Taylor,,66.0,900.0,2,True
Finland,Robin Lod,Right Center Midfield,70.1,900.0,3,True
Finland,Teemu Pukki,Right Center Forward,69.6,900.0,2,True
Finland,Tim Sparv,Center Defensive Midfield,68.4,900.0,2,True
France,Adil Rami,,68.5,900.0,7,True
France,Adrien Rabiot,Left Wing Back,81.1,900.0,1,True
France,Alphonse Areola,,75.0,900.0,20,True
France,Antoine Griezmann,Right Wing Back,83.0,900.0,1,True
France,Aurélien Djani Tchouaméni,Right Defensive Midfield,82.4,900.0,6,True
France,Axel Disasi,Right Back,67.7,900.0,3,True
France,Benjamin Mendy,Left Back,65.5,900.0,1,True
France,Benjamin Pavard,Right Wing Back,77.5,900.0,1,True
France,Blaise Matuidi,Right Center Midfield,70.3,900.0,1,True
France,Bradley Barcola,Left Wing,67.2,900.0,2,True
France,Brice Samba,,68.0,900.0,6,True
France,Clément Lenglet,Center Back,66.7,900.0,1,True
France,Corentin Tolisso,Right Wing,69.1,900.0,1,True
France,Dayotchanculle Upamecano,Right Center Back,81.2,900.0,6,True
France,Djibril Sidibé,Right Back,66.7,900.0,1,True
France,Eduardo Camavinga,Left Defensive Midfield,67.9,900.0,1,True
France,Ferland Mendy,,68.0,900.0,6,True
France,Florian Thauvin,Right Wing,65.5,900.0,1,True
France,Hugo Lloris,Goalkeeper,83.0,900.0,16,True
France,Ibrahima Konaté,Right Center Back,70.1,900.0,3,True
France,Jonathan Clauss,,68.0,900.0,6,True
France,Jordan Veretout,Left Center Midfield,66.7,900.0,1,True
France,Jules Koundé,Right Back,83.0,900.0,13,True
France,Karim Benzema,Right Center Forward,70.3,900.0,1,True
France,Kingsley Coman,Right Wing,69.2,900.0,6,True
France,Kurt Happy Zouma,,66.5,900.0,3,True
France,Kylian Mbappé Lottin,Right Wing,83.0,900.0,7,True
France,Lucas Digne,Left Back,67.2,900.0,2,True
France,Lucas Hernández Pi,Left Back,82.0,900.0,10,True
France,Léo Dubois,,66.0,900.0,2,True
France,Marcus Thuram,Left Wing,69.1,900.0,1,True
France,Mattéo Guendouzi Olié,Left Wing,66.7,900.0,1,True
France,Mike Maignan,Goalkeeper,75.2,900.0,6,True
France,Moussa Sissoko,Right Midfield,65.5,900.0,1,True
France,N''Golo Kanté,Left Defensive Midfield,67.9,900.0,1,True
France,N'Golo Kanté,Right Defensive Midfield,83.0,900.0,4,True
France,Nabil Fekir,Right Wing Back,65.5,900.0,1,True
France,Olivier Giroud,Right Wing,79.9,900.0,1,True
France,Ousmane Dembélé,Right Wing,83.0,900.0,13,True
France,Paul Pogba,Right Defensive Midfield,79.0,900.0,4,True
France,Presnel Kimpembe,Left Center Back,73.5,900.0,5,True
France,Randal Kolo Muani,Right Wing,70.6,900.0,4,True
France,Raphaël Varane,Right Center Back,83.0,900.0,17,True
France,Samuel Yves Umtiti,Left Center Back,75.2,900.0,6,True
France,Steve Mandanda,Goalkeeper,68.4,900.0,2,True
France,Steven N''Kemboanza Mike Christopher Nzonzi,Left Defensive Midfield,65.5,900.0,1,True
France,Steven N'Kemboanza Mike Christopher Nzonzi,Left Wing,66.7,900.0,1,True
France,Theo Bernard François Hernández,Left Back,83.0,900.0,12,True
France,Thomas Lemar,Right Wing,66.7,900.0,1,True
France,Warren Zaire Emery,,68.0,900.0,6,True
France,William Saliba,Right Center Back,72.7,900.0,1,True
France,Wissam Ben Yedder,,66.5,900.0,3,True
France,Youssouf Fofana,Right Defensive Midfield,68.4,900.0,2,True
Georgia,Anzor Mekvabishvili,Right Defensive Midfield,67.9,900.0,1,True
Georgia,Budu Zivzivadze,Right Center Forward,65.5,900.0,1,True
Georgia,Gabriel Sigua,,67.0,900.0,4,True
Georgia,Georges Mikautadze,Right Center Forward,71.3,900.0,3,True
Georgia,Giorgi Chakvetadze,Right Wing,69.1,900.0,1,True
Georgia,Giorgi Gocholeishvili,,67.0,900.0,4,True
Georgia,Giorgi Gvelesiani,Right Center Back,68.9,900.0,3,True
Georgia,Giorgi Kochorashvili,Left Defensive Midfield,70.3,900.0,1,True
Georgia,Giorgi Kvilitaia,Center Forward,65.5,900.0,1,True
Georgia,Giorgi Loria,,66.5,900.0,3,True
Georgia,Giorgi Mamardashvili,Goalkeeper,71.8,900.0,4,True
Georgia,Guram Kashia,Center Back,71.8,900.0,4,True
Georgia,Heorhii Tsitaishvili,Left Wing Back,69.4,900.0,4,True
Georgia,Jemal Tabidze,,67.0,900.0,4,True
Georgia,Khvicha Kvaratskhelia,Left Wing,70.3,900.0,1,True
Georgia,Lasha Dvali,Left Center Back,71.8,900.0,4,True
Georgia,Levan Shengelia,,67.0,900.0,4,True
Georgia,Luka Gugeshashvili,,67.0,900.0,4,True
Georgia,Luka Lochoshvili,Left Wing Back,69.4,900.0,4,True
Georgia,Nika Kvekveskiri,Right Center Back,65.5,900.0,1,True
Georgia,Otar Kakabadze,Right Wing Back,71.8,900.0,4,True
Georgia,Otar Kiteishvili,Center Defensive Midfield,68.4,900.0,2,True
Georgia,Saba Lobzhanidze,Left Wing,65.5,900.0,1,True
Georgia,Sandro Altunashvili,Left Defensive Midfield,65.5,900.0,1,True
Georgia,Solomon Kverkvelia,Right Center Back,68.9,900.0,3,True
Georgia,Zuriko Davitashvili,Right Wing,67.2,900.0,2,True
Germany,Antonio Rüdiger,Right Center Back,83.0,900.0,6,True
Germany,Armel Bella-Kotchap,,66.5,900.0,3,True
Germany,Benjamin Henrichs,Left Back,65.5,900.0,1,True
Germany,Bernd Leno,,67.0,900.0,4,True
Germany,Chris Führich,Left Wing,65.5,900.0,1,True
Germany,Christian Günter,,67.5,900.0,5,True
Germany,David Raum,Left Back,74.0,900.0,6,True
Germany,Deniz Undav,Center Attacking Midfield,65.5,900.0,1,True
Germany,Emre Can,Right Defensive Midfield,67.7,900.0,3,True
Germany,Florian Neuhaus,,67.0,900.0,4,True
Germany,Florian Wirtz,Right Wing,69.1,900.0,1,True
Germany,Jamal Musiala,Right Wing,76.1,900.0,3,True
Germany,Jonas Hector,Left Back,68.4,900.0,2,True
Germany,Jonas Hofmann,Left Wing,65.5,900.0,1,True
Germany,Jonathan Tah,Left Center Back,71.8,900.0,4,True
Germany,Joshua Kimmich,Right Wing Back,83.0,900.0,4,True
Germany,Julian Brandt,Left Center Forward,65.5,900.0,1,True
Germany,Julian Draxler,Left Wing,68.4,900.0,2,True
Germany,Jérôme Boateng,Right Center Back,68.4,900.0,2,True
Germany,Kai Havertz,Right Wing,78.0,900.0,2,True
Germany,Karim-David Adeyemi,,66.5,900.0,3,True
Germany,Kevin Trapp,,70.0,900.0,10,True
Germany,Kevin Volland,Right Center Forward,65.5,900.0,1,True
Germany,Leon Goretzka,Right Wing,70.3,900.0,1,True
Germany,Leroy Sané,Right Wing,72.3,900.0,5,True
Germany,Lukas Klostermann,Right Back,66.0,900.0,2,True
Germany,Manuel Neuer,Goalkeeper,83.0,900.0,15,True
Germany,Marc-André ter Stegen,,70.5,900.0,11,True
Germany,Marcel Halstenberg,Left Wing Back,65.5,900.0,1,True
Germany,Marco Reus,Right Center Midfield,67.9,900.0,1,True
Germany,Mario Gómez García,Right Center Midfield,65.5,900.0,1,True
Germany,Mario Götze,Left Back,65.5,900.0,1,True
Germany,Marvin Plattenhardt,Left Back,66.7,900.0,1,True
Germany,Mats Hummels,Left Center Back,73.2,900.0,2,True
Germany,Matthias Ginter,Right Center Back,71.8,900.0,4,True
Germany,Maximilian Beier,Right Defensive Midfield,65.5,900.0,1,True
Germany,Maximilian Mittelstädt,Left Back,70.6,900.0,4,True
Germany,Mesut Özil,Center Attacking Midfield,68.4,900.0,2,True
Germany,Niclas Füllkrug,Left Wing,65.5,900.0,1,True
Germany,Nico Schlotterbeck,Left Center Back,68.9,900.0,3,True
Germany,Niklas Süle,Right Defensive Midfield,70.3,900.0,1,True
Germany,Oliver Baumann,,67.5,900.0,5,True
Germany,Pascal Groß,Right Defensive Midfield,65.5,900.0,1,True
Germany,Robert Andrich,Right Defensive Midfield,72.3,900.0,5,True
Germany,Robin Gosens,Left Wing Back,71.8,900.0,4,True
Germany,Robin Koch,,69.5,900.0,9,True
Germany,Sami Khedira,Right Center Midfield,68.4,900.0,2,True
Germany,Sebastian Rudy,Right Defensive Midfield,66.7,900.0,1,True
Germany,Serge Gnabry,Right Wing,73.2,900.0,2,True
Germany,Thilo Kehrer,Right Back,66.7,900.0,1,True
Germany,Thomas Müller,Right Wing,75.6,900.0,2,True
Germany,Timo Werner,Right Wing,70.3,900.0,1,True
Germany,Toni Kroos,Right Defensive Midfield,79.9,900.0,1,True
Germany,Waldemar Anton,Right Wing,65.5,900.0,1,True
Germany,Youssoufa Moukoko,Left Wing,65.5,900.0,1,True
Germany,İlkay Gündoğan,Right Defensive Midfield,80.2,900.0,4,True
Ghana,Abdul Fatawu Issahaku,Center Attacking Midfield,65.5,900.0,1,True
Ghana,Abdul Manaf Nurudeen,,66.5,900.0,3,True
Ghana,Abdul Rahman Baba,Left Wing Back,68.4,900.0,2,True
Ghana,Alexander Djiku,Right Wing,66.7,900.0,1,True
Ghana,Alidu Seidu,Right Wing Back,67.9,900.0,1,True
Ghana,André Ayew Pelé,Right Center Forward,69.1,900.0,1,True
Ghana,Antoine Semenyo,Center Forward,65.5,900.0,1,True
Ghana,Daniel Afriyie Barnieh,,66.5,900.0,3,True
Ghana,Daniel Amartey,Right Center Back,70.1,900.0,3,True
Ghana,Daniel-Kofi Kyereh,Left Defensive Midfield,65.5,900.0,1,True
Ghana,Denis Odoi,Right Back,65.5,900.0,1,True
Ghana,Elisha Owusu,,66.5,900.0,3,True
Ghana,Gideon Mensah,Left Back,66.7,900.0,1,True
Ghana,Ibrahim Danlad,,66.5,900.0,3,True
Ghana,Iñaki Williams Arthuer,Right Wing,69.1,900.0,1,True
Ghana,Jordan Ayew,Right Center Forward,67.9,900.0,1,True
Ghana,Joseph Aidoo,,66.5,900.0,3,True
Ghana,Kamal Sowah,,66.5,900.0,3,True
Ghana,Kamaldeen Sulemana,Left Wing,66.0,900.0,2,True
Ghana,Lawrence Ati-Zigi,Goalkeeper,70.1,900.0,3,True
Ghana,Mohamed Salisu,Left Center Back,70.1,900.0,3,True
Ghana,Mohammed Kudus,Right Wing,69.1,900.0,1,True
Ghana,Osman Bukari,Right Wing,65.5,900.0,1,True
Ghana,Salis Abdul Samed,Left Defensive Midfield,69.6,900.0,2,True
Ghana,Tariq Lamptey,Right Wing Back,66.7,900.0,1,True
Ghana,Thomas Teye Partey,Right Defensive Midfield,69.6,900.0,2,True
Hungary,András Schäfer,Right Defensive Midfield,72.7,900.0,1,True
Hungary,Attila Fiola,Right Wing Back,71.5,900.0,1,True
Hungary,Attila Szalai,Left Center Back,72.3,900.0,5,True
Hungary,Barnabás Varga,Center Forward,70.1,900.0,3,True
Hungary,Bendegúz Bolla,Right Wing Back,68.9,900.0,3,True
Hungary,Botond Balogh,,66.5,900.0,3,True
Hungary,Callum Styles,Left Defensive Midfield,66.7,900.0,1,True
Hungary,David Siger,Right Center Midfield,65.5,900.0,1,True
Hungary,Dominik Szoboszlai,Right Attacking Midfield,69.6,900.0,2,True
Hungary,Dániel Gazdag,Left Center Forward,65.5,900.0,1,True
Hungary,Dénes Dibusz,,68.0,900.0,6,True
Hungary,Endre Botka,Right Center Back,71.8,900.0,4,True
Hungary,Filip Holender,,66.0,900.0,2,True
Hungary,Gergő Lovrencsics,Right Wing Back,66.7,900.0,1,True
Hungary,Kevin Csoboth,Right Wing Back,66.0,900.0,2,True
Hungary,Kevin Varga,Left Wing Back,65.5,900.0,1,True
Hungary,Krisztofer Horváth,,66.5,900.0,3,True
Hungary,Loïc Négo,Right Wing Back,68.4,900.0,2,True
Hungary,László Kleinheisler,Right Defensive Midfield,69.6,900.0,2,True
Hungary,Martin Ádám,Right Wing Back,65.5,900.0,1,True
Hungary,Mihály Kata,,66.5,900.0,3,True
Hungary,Milos Kerkez,Left Wing Back,70.1,900.0,3,True
Hungary,Márton Dárdai,Left Center Back,68.9,900.0,3,True
Hungary,Nemanja Nikolić,Left Wing Back,65.5,900.0,1,True
Hungary,Péter Gulácsi,Goalkeeper,75.2,900.0,6,True
Hungary,Péter Szappanos,,66.5,900.0,3,True
Hungary,Roland Sallai,Right Center Forward,73.7,900.0,3,True
Hungary,Roland Varga,Center Defensive Midfield,65.5,900.0,1,True
Hungary,Szabolcs Schön,Right Center Forward,66.0,900.0,2,True
Hungary,Tamás Cseri,Left Center Midfield,65.5,900.0,1,True
Hungary,Willi Orban,Center Back,75.2,900.0,6,True
Hungary,Zsolt Nagy,Left Wing Back,66.0,900.0,2,True
Hungary,Ádám Bogdán,,66.5,900.0,3,True
Hungary,Ádám Lang,Right Center Back,66.7,900.0,1,True
Hungary,Ádám Nagy,Right Defensive Midfield,72.0,900.0,2,True
Hungary,Ádám Szalai,Left Center Forward,70.1,900.0,3,True
Hungary,Ákos Kecskés,,66.5,900.0,3,True
Iceland,Albert Gudmundsson,Right Center Forward,65.5,900.0,1,True
Iceland,Alfreð Finnbogason,Right Center Forward,69.1,900.0,1,True
Iceland,Ari Freyr Skúlason,Right Defensive Midfield,66.0,900.0,2,True
Iceland,Arnór Ingvi Traustason,Left Wing,65.5,900.0,1,True
Iceland,Aron Einar Gunnarsson,Right Defensive Midfield,69.6,900.0,2,True
Iceland,Birkir Bjarnason,Left Wing,69.1,900.0,1,True
Iceland,Birkir Már Sævarsson,Right Back,70.1,900.0,3,True
Iceland,Björn Bergmann Sigurðarson,Left Center Forward,65.5,900.0,1,True
Iceland,Emil Hallfreðsson,Right Defensive Midfield,67.9,900.0,1,True
Iceland,Frederik August Albrecht Schram,,66.5,900.0,3,True
Iceland,Gylfi Þór Sigurðsson,Secondary Striker,69.1,900.0,1,True
Iceland,Hannes Þór Halldórsson,Goalkeeper,70.1,900.0,3,True
Iceland,Hólmar Örn Eyjólfsson,,66.5,900.0,3,True
Iceland,Hörður Björgvin Magnússon,Left Back,70.1,900.0,3,True
Iceland,Johann Berg Guðmunds­son,Right Wing,67.9,900.0,1,True
Iceland,Jón Daði Böðvarsson,Left Center Forward,66.7,900.0,1,True
Iceland,Kári Árnason,Right Center Back,68.4,900.0,2,True
Iceland,Ragnar Sigurðsson,Left Center Back,70.1,900.0,3,True
Iceland,Rúnar Alex Rúnarsson,,66.5,900.0,3,True
Iceland,Rúrik Gíslason,Right Midfield,67.2,900.0,2,True
Iceland,Samúel Kári Friðjónsson,,66.5,900.0,3,True
Iceland,Sverrir Ingi Ingason,Right Center Back,66.7,900.0,1,True
Iceland,Ólafur Ingi Skúlason,,66.5,900.0,3,True
Iran,Abolfazl Jalali,Left Back,65.5,900.0,1,True
Iran,Ahmad Nourollahi,Right Defensive Midfield,69.6,900.0,2,True
Iran,Ali Gholizadeh,Right Midfield,68.4,900.0,2,True
Iran,Ali Karimi,Right Defensive Midfield,66.7,900.0,1,True
Iran,Alireza Jahanbakhsh,Right Wing,69.1,900.0,1,True
Iran,Alireza Safar Beiranvand,Goalkeeper,73.5,900.0,5,True
Iran,Amir Abedzadeh,,68.0,900.0,6,True
Iran,Ashkan Dejagah,,66.5,900.0,3,True
Iran,Ehsan Hajsafi,Left Wing,72.7,900.0,1,True
Iran,Karim Ansarifard,Right Wing,67.9,900.0,1,True
Iran,Masoud Shojaei Soleimani,Right Center Midfield,66.7,900.0,1,True
Iran,Mehdi Taremi,Right Wing,71.5,900.0,1,True
Iran,Mehdi Torabi,Right Center Midfield,65.5,900.0,1,True
Iran,Milad Mohammadi,Left Wing Back,69.1,900.0,1,True
Iran,Mohammad Hossein Kanani Zadegan,Right Center Back,65.5,900.0,1,True
Iran,Mohammad Rashid Mazaheri,,66.5,900.0,3,True
Iran,Mohammad Reza Khanzadeh,,66.5,900.0,3,True
Iran,Morteza Pouraliganji,Right Center Back,74.2,900.0,4,True
Iran,Omid Ebrahimi,Right Center Midfield,69.6,900.0,2,True
Iran,Payam Niazmand,,66.5,900.0,3,True
Iran,Pejman Montazeri,,66.5,900.0,3,True
Iran,Ramin Rezaeian,Right Back,73.5,900.0,5,True
Iran,Reza Ghoochannejhad Nournia,,66.5,900.0,3,True
Iran,Roozbeh Cheshmi,Left Defensive Midfield,67.9,900.0,1,True
Iran,Sadegh Moharrami,Right Wing Back,66.7,900.0,1,True
Iran,Saeid Ezatolahi Afagh,Right Defensive Midfield,70.3,900.0,1,True
Iran,Saman Ghoddos,Right Midfield,66.0,900.0,2,True
Iran,Sardar Azmoun,Right Defensive Midfield,71.5,900.0,1,True
Iran,Seyed Hossein Hosseini,Goalkeeper,67.2,900.0,2,True
Iran,Seyed Majid Hosseini,Right Center Back,72.0,900.0,2,True
Iran,Shoja Khalilzadeh,,66.5,900.0,3,True
Iran,Vahid Amiri,Left Center Midfield,70.1,900.0,3,True
Italy,Alessandro Bastoni,Right Center Back,72.0,900.0,2,True
Italy,Alessandro Buongiorno,,67.0,900.0,4,True
Italy,Alessandro Florenzi,Right Back,66.7,900.0,1,True
Italy,Alex Meret,,70.5,900.0,11,True
Italy,Andrea Belotti,Left Wing,67.2,900.0,2,True
Italy,Andrea Cambiaso,Right Wing,66.0,900.0,2,True
Italy,Bryan Cristante,Right Center Midfield,68.2,900.0,4,True
Italy,Ciro Immobile,Center Forward,75.2,900.0,6,True
Italy,Davide Frattesi,Right Center Midfield,68.9,900.0,3,True
Italy,Domenico Berardi,Right Wing,70.1,900.0,3,True
Italy,Emerson Palmieri dos Santos,Left Back,70.6,900.0,4,True
Italy,Federico Bernardeschi,Right Wing,67.2,900.0,2,True
Italy,Federico Chiesa,Right Wing,76.4,900.0,6,True
Italy,Federico Dimarco,Left Wing Back,69.1,900.0,1,True
Italy,Federico Gatti,,67.0,900.0,4,True
Italy,Francesco Acerbi,Right Center Back,66.7,900.0,1,True
Italy,Gaetano Castrovilli,Right Center Midfield,65.5,900.0,1,True
Italy,Giacomo Raspadori,Right Center Forward,66.7,900.0,1,True
Italy,Gianluca Mancini,Right Center Back,66.7,900.0,1,True
Italy,Gianluca Scamacca,Left Center Forward,69.1,900.0,1,True
Italy,Gianluigi Donnarumma,Goalkeeper,83.0,900.0,11,True
Italy,Giorgio Chiellini,Left Center Back,73.5,900.0,5,True
Italy,Giovanni Di Lorenzo,Right Wing Back,76.3,900.0,1,True
Italy,Guglielmo Vicario,,67.0,900.0,4,True
Italy,Jorge Luiz Frello Filho,Center Defensive Midfield,82.0,900.0,10,True
Italy,Leonardo Bonucci,Right Center Back,76.9,900.0,7,True
Italy,Leonardo Spinazzola,Left Back,71.8,900.0,4,True
Italy,Lorenzo Insigne,Left Wing,75.2,900.0,6,True
Italy,Lorenzo Pellegrini,Right Defensive Midfield,69.1,900.0,1,True
Italy,Manuel Locatelli,Right Center Midfield,67.9,900.0,1,True
Italy,Marco Verratti,Left Center Midfield,73.5,900.0,5,True
Italy,Mateo Retegui,Left Center Forward,66.7,900.0,1,True
Italy,Matteo Darmian,Right Center Back,67.9,900.0,1,True
Italy,Matteo Pessina,Right Center Midfield,67.2,900.0,2,True
Italy,Mattia Zaccagni,Left Wing Back,65.5,900.0,1,True
Italy,Michael Ijemuan Folorunsho,Left Wing,65.5,900.0,1,True
Italy,Nicolò Barella,Right Center Midfield,80.5,900.0,7,True
Italy,Nicolò Fagioli,Center Defensive Midfield,67.2,900.0,2,True
Italy,Rafael Tolói,Right Wing,67.2,900.0,2,True
Italy,Raoul Bellanova,,67.0,900.0,4,True
Italy,Riccardo Calafiori,Left Center Back,70.1,900.0,3,True
Italy,Salvatore Sirigu,Goalkeeper,65.5,900.0,1,True
Italy,Stephan El Shaarawy,Left Wing,66.7,900.0,1,True
Jamaica,Alexander Andre Marshsall,Left Attacking Midfield,65.5,900.0,1,True
Jamaica,Bobby Armani De Cordova-Reid,Right Defensive Midfield,67.9,900.0,1,True
Jamaica,Coniah Boyce-Clarke,,66.5,900.0,3,True
Jamaica,Damion Lowe,Right Defensive Midfield,68.4,900.0,2,True
Jamaica,Demarai Gray,Left Wing,68.4,900.0,2,True
Jamaica,Dexter Lembikisa,Right Wing Back,68.4,900.0,2,True
Jamaica,Di'Shon Bernard,Right Center Back,68.4,900.0,2,True
Jamaica,Ethan Pinnock,Left Center Back,70.1,900.0,3,True
Jamaica,Gregory Leigh,Left Wing Back,68.4,900.0,2,True
Jamaica,Jahmali Waite,Goalkeeper,70.1,900.0,3,True
Jamaica,Jonathan Bell,Left Wing Back,66.7,900.0,1,True
Jamaica,Joël Latibeaudiere,Right Center Back,69.1,900.0,1,True
Jamaica,Kaheim Dixon,Right Attacking Midfield,66.0,900.0,2,True
Jamaica,Karoy Anderson,Right Wing Back,65.5,900.0,1,True
Jamaica,Kasey Palmer,Left Defensive Midfield,70.1,900.0,3,True
Jamaica,Kevon Jamar Lambert,,66.5,900.0,3,True
Jamaica,Michael Hector,Right Center Back,67.2,900.0,2,True
Jamaica,Michail Antonio,Center Forward,70.1,900.0,3,True
Jamaica,Renaldo Showayne Cephas,Right Back,66.7,900.0,1,True
Jamaica,Richard Larkland King,Right Wing Back,65.5,900.0,1,True
Jamaica,Shamar Nicholson,Right Wing,68.4,900.0,2,True
Jamaica,Shaquan Davis,,66.5,900.0,3,True
Jamaica,Wes Harding,Right Wing Back,66.7,900.0,1,True
Japan,Ao Tanaka,Right Defensive Midfield,67.9,900.0,1,True
Japan,Ayase Ueda,Right Center Forward,66.7,900.0,1,True
Japan,Daichi Kamada,Left Wing,70.8,900.0,2,True
Japan,Daizen Maeda,Center Forward,70.1,900.0,3,True
Japan,Daniel Schmidt,,67.0,900.0,4,True
Japan,Eiji Kawashima,Goalkeeper,71.8,900.0,4,True
Japan,Gaku Shibasaki,Right Center Midfield,70.8,900.0,2,True
Japan,Gen Shōji,Left Center Back,70.1,900.0,3,True
Japan,Genki Haraguchi,Right Wing,69.6,900.0,2,True
Japan,Gotoku Sakai,Right Midfield,66.7,900.0,1,True
Japan,Hidemasa Morita,Left Defensive Midfield,70.1,900.0,3,True
Japan,Hiroki Ito,Left Center Back,65.5,900.0,1,True
Japan,Hiroki Sakai,Right Back,73.5,900.0,5,True
Japan,Hotaru Yamaguchi,Right Center Midfield,66.7,900.0,1,True
Japan,Junya Ito,Right Wing Back,69.6,900.0,2,True
Japan,Kaoru Mitoma,Right Wing Back,65.5,900.0,1,True
Japan,Keisuke Honda,Right Wing,65.5,900.0,1,True
Japan,Ko Itakura,Right Center Back,70.1,900.0,3,True
Japan,Kosuke Nakamura,,67.0,900.0,4,True
Japan,Makoto Hasebe,Right Defensive Midfield,69.6,900.0,2,True
Japan,Masaaki Higashiguchi,,67.0,900.0,4,True
Japan,Maya Yoshida,Right Center Back,76.6,900.0,4,True
Japan,Miki Yamane,Right Back,66.7,900.0,1,True
Japan,Naomichi Ueda,,67.0,900.0,4,True
Japan,Ritsu Doan,Right Wing,68.4,900.0,2,True
Japan,Ryota Oshima,,67.0,900.0,4,True
Japan,Shinji Kagawa,Center Attacking Midfield,70.1,900.0,3,True
Japan,Shinji Okazaki,Right Midfield,66.7,900.0,1,True
Japan,Shogo Taniguchi,Left Center Back,68.4,900.0,2,True
Japan,Shuto Machino,,67.0,900.0,4,True
Japan,Shūichi Gonda,Goalkeeper,71.8,900.0,4,True
Japan,Takashi Inui,Left Wing,69.6,900.0,2,True
Japan,Takashi Usami,Left Midfield,67.2,900.0,2,True
Japan,Takefusa Kubo,Right Wing,67.9,900.0,1,True
Japan,Takehiro Tomiyasu,Right Center Back,66.7,900.0,1,True
Japan,Takuma Asano,Center Forward,67.0,900.0,4,True
Japan,Takumi Minamino,Right Wing Back,66.0,900.0,2,True
Japan,Tomoaki Makino,Left Center Back,66.7,900.0,1,True
Japan,Wataru Endo,Right Defensive Midfield,70.6,900.0,4,True
Japan,Yoshinori Muto,Right Center Forward,66.7,900.0,1,True
Japan,Yuki Soma,Left Midfield,66.7,900.0,1,True
Japan,Yuto Nagatomo,Left Wing Back,75.6,900.0,2,True
Japan,Yūya Ōsako,Left Center Forward,69.1,900.0,1,True
Mexico,Alfredo Talavera Díaz,,68.5,900.0,7,True
Mexico,Brian Alberto García Carpizo,,66.5,900.0,3,True
Mexico,Bryan Alonso González Olivan,,66.5,900.0,3,True
Mexico,Carlos Acevedo López,,66.5,900.0,3,True
Mexico,Carlos Alberto Rodríguez Gómez,Right Center Midfield,67.7,900.0,3,True
Mexico,Carlos Alberto Vela Garrido,Left Wing,70.3,900.0,1,True
Mexico,Carlos Joel Salcedo Hernández,Right Center Back,70.8,900.0,2,True
Mexico,Carlos Uriel Antuna Romero,Right Wing,68.4,900.0,2,True
Mexico,César Jasib Montes Castro,Right Center Back,74.7,900.0,5,True
Mexico,César Saúl Huerta Valera,Right Midfield,67.2,900.0,2,True
Mexico,Edson Omar Álvarez Velázquez,Right Defensive Midfield,72.7,900.0,1,True
Mexico,Erick Daniel Sánchez Ocegueda,Right Defensive Midfield,65.5,900.0,1,True
Mexico,Ernesto Alexis Vega Rojas,Right Center Midfield,69.1,900.0,1,True
Mexico,Francisco Guillermo Ochoa Magaña,Goalkeeper,76.9,900.0,7,True
Mexico,Gerardo Daniel Arteaga Zamora,Left Back,70.1,900.0,3,True
Mexico,Giovani dos Santos Ramírez,Right Center Midfield,65.5,900.0,1,True
Mexico,Guillermo Martínez Ayala,Right Center Midfield,65.5,900.0,1,True
Mexico,Henry Josué Martín Mex,Center Forward,68.4,900.0,2,True
Mexico,Hirving Rodrigo Lozano Bahena,Right Wing,74.9,900.0,3,True
Mexico,Hugo Ayala Castro,Right Center Back,68.4,900.0,2,True
Mexico,Héctor Alfredo Moreno Herrera,Left Center Back,75.2,900.0,6,True
Mexico,Héctor Miguel Herrera López,Right Midfield,72.7,900.0,1,True
Mexico,Israel Reyes Romero,Right Center Back,65.5,900.0,1,True
Mexico,Javier Hernández Balcázar,Center Forward,71.8,900.0,4,True
Mexico,Javier Ignacio Aquino Carmona,,67.0,900.0,4,True
Mexico,Jesús Daniel Gallardo Vasconcelos,Left Wing Back,73.9,900.0,1,True
Mexico,Jesús Gilberto Orozco Chiquete,,66.5,900.0,3,True
Mexico,Jesús Manuel Corona Ruíz,Right Center Midfield,65.5,900.0,1,True
Mexico,Johan Felipe Vásquez Ibarra,Left Center Back,70.1,900.0,3,True
Mexico,Jonathan dos Santos Ramírez,Center Defensive Midfield,65.5,900.0,1,True
Mexico,Jordi Cortizo de la Piedra,Left Midfield,65.5,900.0,1,True
Mexico,Jorge Eduardo Sánchez Ramos,Right Back,73.5,900.0,5,True
Mexico,José Andrés Guardado Hernández,Left Midfield,71.5,900.0,1,True
Mexico,José Raúl Rangel Aguilar,,66.5,900.0,3,True
Mexico,José de Jesús Corona Rodríguez,,67.0,900.0,4,True
Mexico,Julio José González Vela-Alvizu,Goalkeeper,70.1,900.0,3,True
Mexico,Julián Andrés Quiñones Quiñones,Left Wing,69.1,900.0,1,True
Mexico,Kevin Nahin Álvarez Campos,Right Wing Back,66.7,900.0,1,True
Mexico,Luis Francisco Romo Barrón,Center Defensive Midfield,68.9,900.0,3,True
Mexico,Luis Gerardo Chávez Magallón,Right Center Midfield,72.7,900.0,1,True
Mexico,Marcelo Flores,,66.5,900.0,3,True
Mexico,Marco Jhonfai Fabián De La Mora,Left Back,65.5,900.0,1,True
Mexico,Miguel Arturo Layún Prado,Right Wing,70.1,900.0,3,True
Mexico,Néstor Alejandro Araújo Razo,Right Center Back,66.7,900.0,1,True
Mexico,Orbelín Pineda Alvarado,Right Center Midfield,69.6,900.0,2,True
Mexico,Oribe Peralta Morones,Left Back,65.5,900.0,1,True
Mexico,Rafael Márquez Álvarez,Left Defensive Midfield,66.7,900.0,1,True
Mexico,Raúl Alonso Jiménez Rodríguez,Right Wing Back,65.5,900.0,1,True
Mexico,Roberto Carlos Alvarado Hernández,Right Wing,65.5,900.0,1,True
Mexico,Rodolfo Cota Robles,,66.5,900.0,3,True
Mexico,Rogelio Gabriel Funes Mori,Right Defensive Midfield,65.5,900.0,1,True
Mexico,Santiago Tomás Giménez,Center Forward,70.1,900.0,3,True
Mexico,Érick Gabriel Gutiérrez Galaviz,Left Center Midfield,65.5,900.0,1,True
Morocco,Abdelhamid Sabiri,Right Center Midfield,67.9,900.0,1,True
Morocco,Abderrazak Hamdallah,Right Wing,65.5,900.0,1,True
Morocco,Abdessamad Ezzalzouli,Left Wing,65.5,900.0,1,True
Morocco,Achraf Dari,Right Center Back,67.9,900.0,1,True
Morocco,Achraf Hakimi Mouh,Right Wing Back,77.5,900.0,1,True
Morocco,Ahmed Reda Tagnaouti,,69.5,900.0,9,True
Morocco,Amine Harit,Left Wing,66.7,900.0,1,True
Morocco,Anass Zaroury,Left Wing,65.5,900.0,1,True
Morocco,Ayoub El Kaabi,Center Forward,67.2,900.0,2,True
Morocco,Aziz Bouhaddouz,Left Midfield,65.5,900.0,1,True
Morocco,Azzedine Ounahi,Right Center Midfield,74.2,900.0,4,True
Morocco,Badr Banoun,Right Center Midfield,65.5,900.0,1,True
Morocco,Bilal El Khannous,Right Center Midfield,66.7,900.0,1,True
Morocco,Fayçal Fajr,Right Defensive Midfield,65.5,900.0,1,True
Morocco,Hakim Ziyech,Right Wing,80.0,900.0,6,True
Morocco,Hamza Mendyl,,66.5,900.0,3,True
Morocco,Ilias Chair,Right Wing,65.5,900.0,1,True
Morocco,Jawad El Yamiq,Right Center Midfield,69.1,900.0,1,True
Morocco,Karim El Ahmadi Al Aroos,Right Defensive Midfield,69.1,900.0,1,True
Morocco,Khalid Boutaïb,Center Forward,68.4,900.0,2,True
Morocco,Manuel Marouan da Costa Trinidade,Right Center Back,67.9,900.0,1,True
Morocco,Mbark Boussoufa,Right Center Midfield,69.1,900.0,1,True
Morocco,Medhi Amine El Mouttaqi Benatia,Right Center Back,68.4,900.0,2,True
Morocco,Mehdi Carcela-González,Center Attacking Midfield,65.5,900.0,1,True
Morocco,Munir Mohand Mohamedi,Goalkeeper,71.8,900.0,4,True
Morocco,Nabil Dirar,Right Back,68.4,900.0,2,True
Morocco,Nayef Aguerd,Right Center Back,71.8,900.0,4,True
Morocco,Nordin Amrabat,Right Wing,69.1,900.0,1,True
Morocco,Noussair Mazraoui,Left Wing Back,71.5,900.0,1,True
Morocco,Romain Saïss,Left Center Back,78.1,900.0,7,True
Morocco,Selim Amallah,Right Center Midfield,70.3,900.0,1,True
Morocco,Sofiane Boufal,Left Wing,75.9,900.0,5,True
Morocco,Sofyan Amrabat,Right Defensive Midfield,73.9,900.0,1,True
Morocco,Walid Cheddira,Left Center Midfield,65.5,900.0,1,True
Morocco,Yahia Attiyat allah,Right Center Midfield,67.9,900.0,1,True
Morocco,Yahya Jabrane,Right Wing Back,65.5,900.0,1,True
Morocco,Yassine Bounou,Goalkeeper,75.2,900.0,6,True
Morocco,Younès Belhanda,Left Center Midfield,69.1,900.0,1,True
Morocco,Youssef Aït Bennasser,,65.5,900.0,1,True
Morocco,Youssef En-Nesyri,Center Forward,77.4,900.0,8,True
Morocco,Zakaria Aboukhlal,Right Wing,65.5,900.0,1,True
Netherlands,Andries Noppert,Goalkeeper,73.5,900.0,5,True
Netherlands,Bart Verbruggen,Goalkeeper,75.2,900.0,6,True
Netherlands,Brian Brobbey,Right Wing,65.5,900.0,1,True
Netherlands,Cody Mathès Gakpo,Right Defensive Midfield,78.7,900.0,1,True
Netherlands,Daley Blind,Left Wing Back,78.3,900.0,5,True
Netherlands,Davy Klaassen,Right Center Forward,69.1,900.0,1,True
Netherlands,Denzel Dumfries,Right Wing Back,83.0,900.0,9,True
Netherlands,Donyell Malen,Right Wing,71.8,900.0,4,True
Netherlands,Frenkie de Jong,Right Defensive Midfield,76.3,900.0,1,True
Netherlands,Georginio Wijnaldum,Right Defensive Midfield,70.3,900.0,1,True
Netherlands,Ian Maatsen,,67.5,900.0,5,True
Netherlands,Jerdy Schouten,Right Defensive Midfield,74.7,900.0,5,True
Netherlands,Jeremie Frimpong,Right Wing,66.7,900.0,1,True
Netherlands,Joey Veerman,Right Defensive Midfield,67.9,900.0,1,True
Netherlands,Joshua Zirkzee,Right Wing,65.5,900.0,1,True
Netherlands,Joël Veltman,Right Center Back,65.5,900.0,1,True
Netherlands,Jurriën David Norman Timber,Right Center Back,74.0,900.0,6,True
Netherlands,Justin Bijlow,,70.5,900.0,11,True
Netherlands,Kenneth Taylor,Left Defensive Midfield,65.5,900.0,1,True
Netherlands,Lutsharel Geertruida,Right Wing,66.7,900.0,1,True
Netherlands,Luuk de Jong,Right Center Forward,65.5,900.0,1,True
Netherlands,Maarten Stekelenburg,Goalkeeper,71.8,900.0,4,True
Netherlands,Marco Bizot,,67.0,900.0,4,True
Netherlands,Mark Flekken,,68.0,900.0,6,True
Netherlands,Marten de Roon,Right Defensive Midfield,75.7,900.0,7,True
Netherlands,Matthijs de Ligt,Right Center Back,70.3,900.0,1,True
Netherlands,Memphis Depay,Right Center Forward,82.1,900.0,3,True
Netherlands,Micky van de Ven,Left Back,67.0,900.0,4,True
Netherlands,Nathan Aké,Left Center Back,81.7,900.0,7,True
Netherlands,Noa Lang,Left Midfield,65.5,900.0,1,True
Netherlands,Owen Wijndal,Left Wing Back,66.0,900.0,2,True
Netherlands,Patrick van Aanholt,Left Wing Back,71.8,900.0,4,True
Netherlands,Quincy Anton Promes,Left Center Forward,66.0,900.0,2,True
Netherlands,Remko Pasveer,,67.5,900.0,5,True
Netherlands,Ryan Gravenberch,Right Defensive Midfield,66.7,900.0,1,True
Netherlands,Stefan de Vrij,Right Center Back,81.5,900.0,9,True
Netherlands,Steven Berghuis,Right Wing Back,66.7,900.0,1,True
Netherlands,Steven Bergwijn,Right Wing,72.0,900.0,2,True
Netherlands,Teun Koopmeiners,Right Defensive Midfield,68.2,900.0,4,True
Netherlands,Tijjani Reijnders,Right Center Midfield,72.7,900.0,1,True
Netherlands,Timothy Michael Krul,,67.0,900.0,4,True
Netherlands,Tyrell Malacia,,67.5,900.0,5,True
Netherlands,Vincent Janssen,Right Center Forward,66.7,900.0,1,True
Netherlands,Virgil van Dijk,Left Center Back,81.2,900.0,6,True
Netherlands,Wout Weghorst,Right Wing,68.4,900.0,2,True
Netherlands,Xavi Simons,Right Wing,71.5,900.0,1,True
Nigeria,Abdullahi Shehu,Right Back,66.7,900.0,1,True
Nigeria,Ahmed Musa,Right Center Forward,67.9,900.0,1,True
Nigeria,Alex Iwobi,Left Defensive Midfield,66.7,900.0,1,True
Nigeria,Brian Oladapo Idowu,Left Wing Back,69.1,900.0,1,True
Nigeria,Chidozie Collins Awaziem,,66.5,900.0,3,True
Nigeria,Daniel Akpeyi,,66.5,900.0,3,True
Nigeria,Elderson Uwa Echiejile,,66.5,900.0,3,True
Nigeria,Francis Odinaka Uzoho,Goalkeeper,70.1,900.0,3,True
Nigeria,Ikechukwu Ezenwa,,66.5,900.0,3,True
Nigeria,Joel Chukwuma Obi,,66.5,900.0,3,True
Nigeria,John Michael Nchekwube Obinna,Center Midfield,69.1,900.0,1,True
Nigeria,John Ogochukwu Ogu,,66.5,900.0,3,True
Nigeria,Kelechi Promise Iheanacho,Right Center Forward,67.9,900.0,1,True
Nigeria,Kenneth Josiah Omeruo,Left Center Back,68.4,900.0,2,True
Nigeria,Leon Aderemi Balogun,Right Center Back,69.6,900.0,2,True
Nigeria,Odion Jude Ighalo,Right Center Forward,66.7,900.0,1,True
Nigeria,Ogenyi Eddy Onazi,,66.5,900.0,3,True
Nigeria,Oghenekaro Etebo,Left Center Midfield,70.1,900.0,3,True
Nigeria,Onyinye Wilfred Ndidi,Right Center Midfield,70.1,900.0,3,True
Nigeria,Simeon Tochukwu Nwankwo,Left Center Forward,65.5,900.0,1,True
Nigeria,Tyronne Ebuehi,Left Midfield,65.5,900.0,1,True
Nigeria,Victor Moses,Right Wing Back,69.1,900.0,1,True
Nigeria,William Troost-Ekong,Right Center Back,69.1,900.0,1,True
North Macedonia,Aleksandar Trajkovski,Right Wing Back,67.9,900.0,1,True
North Macedonia,Arijan Ademi,Right Defensive Midfield,69.1,900.0,1,True
North Macedonia,Boban Nikolov,Right Wing Back,68.4,900.0,2,True
North Macedonia,Damjan Shishkovski,,66.5,900.0,3,True
North Macedonia,Daniel Avramovski,Left Defensive Midfield,65.5,900.0,1,True
North Macedonia,Darko Churlinov,Right Wing,65.5,900.0,1,True
North Macedonia,Darko Velkovski,Right Center Back,69.1,900.0,1,True
North Macedonia,Egzon Bejtulai,Right Wing Back,65.5,900.0,1,True
North Macedonia,Eljif Elmas,Left Center Midfield,69.1,900.0,1,True
North Macedonia,Enis Bardhi,Right Center Midfield,69.1,900.0,1,True
North Macedonia,Ezgjan Alioski,Left Wing Back,69.6,900.0,2,True
North Macedonia,Ferhan Hasani,Right Wing,65.5,900.0,1,True
North Macedonia,Gjoko Zajkov,,65.5,900.0,1,True
North Macedonia,Goran Pandev,Right Center Forward,69.6,900.0,2,True
North Macedonia,Ivan Trichkovski,Right Wing,66.7,900.0,1,True
North Macedonia,Kire Ristevski,Right Defensive Midfield,65.5,900.0,1,True
North Macedonia,Krste Velkoski,,66.0,900.0,2,True
North Macedonia,Marjan Radeski,,65.5,900.0,1,True
North Macedonia,Milan Ristovski,Left Center Back,65.5,900.0,1,True
North Macedonia,Risto Jankov,,66.5,900.0,3,True
North Macedonia,Stefan Ristovski,Right Center Back,69.6,900.0,2,True
North Macedonia,Stefan Spirovski,Center Defensive Midfield,66.7,900.0,1,True
North Macedonia,Stole Dimitrievski,Goalkeeper,70.1,900.0,3,True
North Macedonia,Tihomir Kostadinov,Left Center Forward,65.5,900.0,1,True
North Macedonia,Visar Musliu,Left Center Back,70.1,900.0,3,True
North Macedonia,Vlatko Stojanovski,Left Defensive Midfield,65.5,900.0,1,True
Panama,Abdiel Armando Ayarza Cocanegra,Right Defensive Midfield,66.5,900.0,3,True
Panama,Abdiel Arroyo Molinar,Right Wing,65.5,900.0,1,True
Panama,Adalberto Eliécer Carrasquilla Alcázar,Left Defensive Midfield,68.4,900.0,2,True
Panama,Adolfo Abdiel Machado,Right Back,66.7,900.0,1,True
Panama,Alex Raúl Rodríguez Ledezma,,66.5,900.0,3,True
Panama,Aníbal Cesis Godoy,Right Center Midfield,69.1,900.0,1,True
Panama,Armando Enrique Cooper Whitaker,Right Center Midfield,68.4,900.0,2,True
Panama,Blas Antonio Miguel Pérez Ortega,Center Forward,68.4,900.0,2,True
Panama,Carlos Miguel Harvey Cesneros,Left Center Back,66.7,900.0,1,True
Panama,Cristian Jesús Martínez,Right Defensive Midfield,71.8,900.0,4,True
Panama,César Augusto Yanis Velasco,Right Defensive Midfield,65.5,900.0,1,True
Panama,César Jair Samudio Murillo,,67.0,900.0,4,True
Panama,César Rodolfo Blackman Camarena,Right Wing,70.1,900.0,3,True
Panama,Edgar Yoel Bárcenas Herrera,Right Wing,74.4,900.0,2,True
Panama,Edgardo Isaac Fariña Wynter,Right Center Back,71.8,900.0,4,True
Panama,Eduardo Antonio Anderson Gómez,,67.0,900.0,4,True
Panama,Eduardo Antonio Guerrero Lozcano,Left Center Back,66.7,900.0,1,True
Panama,Erick Javier Davis Grajales,Left Wing Back,74.2,900.0,4,True
Panama,Felipe Abdiel Baloy Ramírez,Center Defensive Midfield,65.5,900.0,1,True
Panama,Fidel Escobar Mendieta,Left Center Back,70.1,900.0,3,True
Panama,Freddy Elías Góndola Smith,Right Wing,66.0,900.0,2,True
Panama,Gabriel Arturo Torres Tejada,Right Wing,66.7,900.0,1,True
Panama,Gabriel Enrique Gómez Girón,Center Defensive Midfield,70.1,900.0,3,True
Panama,Harold Oshkaly Cummings Segura,Center Forward,65.5,900.0,1,True
Panama,Ismael Díaz De León,Right Wing,65.5,900.0,1,True
Panama,Iván Alejandro Anderson Hernández,,67.0,900.0,4,True
Panama,Jaime Manuel Penedo Cano,Goalkeeper,70.1,900.0,3,True
Panama,José De Jesús Calderón Frías,,66.5,900.0,3,True
Panama,José Fajardo Nelson,Center Forward,70.6,900.0,4,True
Panama,José Luis Rodríguez Francis,Right Wing,70.8,900.0,2,True
Panama,José Ángel Córdoba Chambers,Center Back,71.8,900.0,4,True
Panama,Jovani Francisco Welch Lopez,Right Defensive Midfield,67.9,900.0,1,True
Panama,Kahiser Lenis Navarro,Right Wing,66.0,900.0,2,True
Panama,Luis Carlos Ovalle Victoria,Left Back,66.7,900.0,1,True
Panama,Luis Carlos Tejada Hansell,Right Center Back,65.5,900.0,1,True
Panama,Luis Ricardo Mejía Cajar,,67.0,900.0,4,True
Panama,Michael Amir Murillo Bermudez,Right Wing Back,74.2,900.0,4,True
Panama,Omar Javier Valencia Arauz,Left Wing Back,65.5,900.0,1,True
Panama,Orlando Mosquera,Goalkeeper,71.8,900.0,4,True
Panama,Ricardo Guardia Avila,Left Center Midfield,67.2,900.0,2,True
Panama,Roderick Alonso Miller Molina,Left Center Back,70.1,900.0,3,True
Panama,Román Aureliano Torres Morcillo,Right Center Back,70.1,900.0,3,True
Panama,Valentin Enrique Pimentel Armuelles,,66.5,900.0,3,True
Paraguay,Adam Fernando Bareiro Gamarra,Center Forward,67.7,900.0,3,True
Paraguay,Adrián Andrés Cubas,Right Defensive Midfield,67.9,900.0,1,True
Paraguay,Alejandro Romero Gamarra,Right Center Midfield,65.5,900.0,1,True
Paraguay,Alex Adrián Arce Barrios,Center Forward,68.4,900.0,2,True
Paraguay,Alfredo Ariel Aguilar,,66.5,900.0,3,True
Paraguay,Carlos Miguel Coronel,,66.5,900.0,3,True
Paraguay,Damián Josué Bobadilla Benítez,Right Wing,67.9,900.0,1,True
Paraguay,Derlis Alberto González Galeano,Left Center Midfield,65.5,900.0,1,True
Paraguay,Fabián Cornelio Balbuena González,Right Center Back,70.1,900.0,3,True
Paraguay,Fabrizio José Peralta Ramírez,,66.0,900.0,2,True
Paraguay,Gustavo Raúl Gómez Portillo,,66.5,900.0,3,True
Paraguay,Hernesto Ezequiel Caballero Benítez,Right Wing,66.7,900.0,1,True
Paraguay,Iván Rodrigo Ramírez Segovia,Right Back,65.5,900.0,1,True
Paraguay,Julio César Enciso Espínola,Left Wing,69.1,900.0,1,True
Paraguay,Júnior Osmar Ignacio Alonso Mujica,,66.5,900.0,3,True
Paraguay,Mathías Adalberto Villasanti Rolón,Right Center Midfield,69.1,900.0,1,True
Paraguay,Matías David Espinoza Acosta,Left Back,68.4,900.0,2,True
Paraguay,Matías Nicolás Rojas Romero,Center Attacking Midfield,65.5,900.0,1,True
Paraguay,Miguel Ángel Almirón Rejala,Right Wing,69.6,900.0,2,True
Paraguay,Néstor Rafael Giménez Florentín,Left Back,67.2,900.0,2,True
Paraguay,Omar Federico Alderete Fernández,Left Center Back,70.1,900.0,3,True
Paraguay,Ramón Sosa Acosta,Right Wing,66.7,900.0,1,True
Paraguay,Richard Rafael Sánchez Guerrero,,66.5,900.0,3,True
Paraguay,Rodrigo Mario Morínigo Acosta,Goalkeeper,70.1,900.0,3,True
Paraguay,Víctor Gustavo Velázquez Ramos,Right Back,70.1,900.0,3,True
Paraguay,Ángel Rodrigo Romero Villamayor,Right Wing,65.5,900.0,1,True
Peru,Alberto Junior Rodríguez Valdelomar,Left Center Back,68.4,900.0,2,True
Peru,Aldo Sebastián Corzo Chávez,Right Center Back,66.7,900.0,1,True
Peru,Alexander Martín Marquinho Callens Asín,Left Center Back,70.1,900.0,3,True
Peru,Anderson Santamaría Bardales,Left Center Forward,66.7,900.0,1,True
Peru,André Martín Carrillo Díaz,Right Wing,69.1,900.0,1,True
Peru,Andy Jorman Polo Andrade,Right Wing Back,68.4,900.0,2,True
Peru,Brayan Roberto Reyna Casaverde,Left Center Midfield,66.7,900.0,1,True
Peru,Carlos Alberto Cáceda Oyaguez,,68.0,900.0,6,True
Peru,Carlos Augusto Zambrano Ochandarte,Center Back,70.1,900.0,3,True
Peru,Christian Alberto Cueva Bravo,Left Wing Back,69.1,900.0,1,True
Peru,Christian Guillermo Martín Ramos Garagay,Right Center Back,70.1,900.0,3,True
Peru,Christopher Paolo César Hurtado Huertas,Right Defensive Midfield,65.5,900.0,1,True
Peru,Diego Alonso Romero Cachay,,66.5,900.0,3,True
Peru,Franco Zanelatto Téllez,Left Center Midfield,65.5,900.0,1,True
Peru,Gianluca Lapadula Vargas,Right Center Forward,68.4,900.0,2,True
Peru,Jefferson Agustín Farfán Guadalupe,Center Forward,66.7,900.0,1,True
Peru,Jesús Abdallah Castillo Molina,Center Defensive Midfield,65.5,900.0,1,True
Peru,Joao Alberto Grimaldo Ubidia,Left Center Midfield,65.5,900.0,1,True
Peru,José Aurelio Carvallo Alonso,,66.5,900.0,3,True
Peru,José Daniel Rivera Martínez,Center Attacking Midfield,65.5,900.0,1,True
Peru,José Paolo Guerrero Gonzáles,Right Center Forward,69.1,900.0,1,True
Peru,Luis Alfonso Abram Ugarelli,Left Center Back,65.5,900.0,1,True
Peru,Luis Jan Piers Advíncula Castrillón,Right Back,71.3,900.0,3,True
Peru,Marcos Johan López Lanfranco,Left Wing Back,68.9,900.0,3,True
Peru,Miguel Gianpierre Araujo Blanco,Right Center Back,68.4,900.0,2,True
Peru,Miguel Ángel Trauco Saavedra,Left Back,70.1,900.0,3,True
Peru,Nilson Evair Loyola Morales,,66.5,900.0,3,True
Peru,Oliver Sonne,Right Wing Back,67.2,900.0,2,True
Peru,Pedro David Gallese Quiróz,Goalkeeper,75.2,900.0,6,True
Peru,Pedro Jesús Aquino Sánchez,Right Defensive Midfield,66.7,900.0,1,True
Peru,Piero Aldair Quispe Córdova,Left Center Midfield,68.4,900.0,2,True
Peru,Raúl Mario Ruidíaz Misitich,Left Wing,65.5,900.0,1,True
Peru,Renato Fabrizio Tapia Cortijo,Right Defensive Midfield,67.9,900.0,1,True
Peru,Sergio Fernando Peña Flores,Right Center Midfield,69.6,900.0,2,True
Peru,Víctor Yoshimar Yotún Flores,Left Defensive Midfield,69.6,900.0,2,True
Peru,Wilder José Cartagena Mendoza,Right Midfield,69.1,900.0,1,True
Peru,Édison Michael Flores Peralta,Right Attacking Midfield,72.7,900.0,1,True
Poland,Adam Buksa,Right Center Forward,67.9,900.0,1,True
Poland,Arkadiusz Milik,Right Center Forward,67.9,900.0,1,True
Poland,Artur Jędrzejczyk,Left Back,67.2,900.0,2,True
Poland,Bartosz Bereszyński,Right Wing Back,76.3,900.0,1,True
Poland,Bartosz Bialkowski,,66.5,900.0,3,True
Poland,Bartosz Salamon,Center Back,66.7,900.0,1,True
Poland,Bartosz Slisz,Center Defensive Midfield,67.2,900.0,2,True
Poland,Damian Szymański,Right Defensive Midfield,65.5,900.0,1,True
Poland,Dawid Kownacki,Left Wing,66.7,900.0,1,True
Poland,Grzegorz Krychowiak,Right Defensive Midfield,76.8,900.0,2,True
Poland,Jacek Góralski,Left Defensive Midfield,67.9,900.0,1,True
Poland,Jakub Błaszczykowski,Right Wing,66.7,900.0,1,True
Poland,Jakub Kamiński,Right Midfield,68.4,900.0,2,True
Poland,Jakub Moder,Right Center Midfield,67.9,900.0,1,True
Poland,Jakub Piotr Kiwior,Left Center Back,76.9,900.0,7,True
Poland,Jakub Piotrowski,Right Center Midfield,66.7,900.0,1,True
Poland,Jakub Świerczok,Right Wing Back,65.5,900.0,1,True
Poland,Jan Bednarek,Right Wing,75.1,900.0,1,True
Poland,Kacper Kozłowski,Right Center Midfield,65.5,900.0,1,True
Poland,Kacper Urbanski,Right Defensive Midfield,67.9,900.0,1,True
Poland,Kamil Glik,Right Center Back,77.1,900.0,5,True
Poland,Kamil Grabara,,67.0,900.0,4,True
Poland,Kamil Grosicki,Right Wing,67.9,900.0,1,True
Poland,Kamil Jóźwiak,Right Wing Back,70.1,900.0,3,True
Poland,Karol Linetty,Left Defensive Midfield,66.7,900.0,1,True
Poland,Karol Świderski,Right Center Midfield,69.1,900.0,1,True
Poland,Krystian Bielik,Right Defensive Midfield,68.4,900.0,2,True
Poland,Krzysztof Piątek,Right Center Forward,66.7,900.0,1,True
Poland,Maciej Rybus,Left Wing Back,69.1,900.0,1,True
Poland,Marcin Bulka,,66.5,900.0,3,True
Poland,Mateusz Andrzej Klich,Right Center Midfield,69.6,900.0,2,True
Poland,Mateusz Wieteska,,67.0,900.0,4,True
Poland,Matty Cash,Right Back,71.8,900.0,4,True
Poland,Michał Helik,,66.5,900.0,3,True
Poland,Michał Pazdan,Left Center Back,68.4,900.0,2,True
Poland,Michał Skóraś,Right Midfield,65.5,900.0,1,True
Poland,Nicola Zalewski,Right Wing,70.3,900.0,1,True
Poland,Paweł Dawidowicz,Left Center Back,67.9,900.0,1,True
Poland,Piotr Zieliński,Right Wing,81.1,900.0,1,True
Poland,Przemysław Frankowski,Right Wing Back,73.7,900.0,3,True
Poland,Przemysław Płacheta,Right Defensive Midfield,65.5,900.0,1,True
Poland,Rafał Kurzawa,Left Wing,66.7,900.0,1,True
Poland,Robert Gumny,,67.0,900.0,4,True
Poland,Robert Lewandowski,Right Center Forward,79.2,900.0,2,True
Poland,Sebastian Szymański,Right Center Midfield,70.8,900.0,2,True
Poland,Sebastian Walukiewicz,,66.5,900.0,3,True
Poland,Szymon Żurkowski,,67.0,900.0,4,True
Poland,Sławomir Peszko,Left Wing,65.5,900.0,1,True
Poland,Taras Wiktorowicz Romanczuk,Center Defensive Midfield,66.7,900.0,1,True
Poland,Thiago Rangel Cionek,Right Center Back,66.7,900.0,1,True
Poland,Tomasz Karol Kędziora,,66.5,900.0,3,True
Poland,Tymoteusz Puchacz,Left Wing Back,68.9,900.0,3,True
Poland,Wojciech Szczęsny,Goalkeeper,83.0,900.0,11,True
Poland,Łukasz Fabiański,Goalkeeper,66.7,900.0,1,True
Poland,Łukasz Piszczek,Right Center Back,67.9,900.0,1,True
Poland,Łukasz Skorupski,Goalkeeper,66.7,900.0,1,True
Poland,Łukasz Teodorczyk,Right Midfield,65.5,900.0,1,True
Portugal,Adrien Sebastian Perruchet Silva,Right Defensive Midfield,67.9,900.0,1,True
Portugal,André Miguel Valente Silva,Right Center Forward,67.2,900.0,2,True
Portugal,Anthony Lopes,,69.0,900.0,8,True
Portugal,António Alberto Bastos Pimparel,,67.0,900.0,4,True
Portugal,António João Pereira Albuquerque Tavares Silva,Right Center Back,67.9,900.0,1,True
Portugal,Bernardo Mota Veiga de Carvalho e Silva,Right Wing,83.0,900.0,5,True
Portugal,Bruno Eduardo Regufe Alves,,67.0,900.0,4,True
Portugal,Bruno Miguel Borges Fernandes,Right Wing,80.2,900.0,4,True
Portugal,Cristiano Ronaldo dos Santos Aveiro,Right Center Forward,83.0,900.0,2,True
Portugal,Cédric Ricardo Alves Soares,Right Back,70.1,900.0,3,True
Portugal,Danilo Luís Hélio Pereira,Right Center Midfield,71.5,900.0,1,True
Portugal,Diogo José Teixeira da Silva,Left Wing Back,70.3,900.0,1,True
Portugal,Diogo Meireles Costa,Goalkeeper,82.0,900.0,10,True
Portugal,Francisco Fernandes Conceição,Right Wing,66.7,900.0,1,True
Portugal,Gelson Dany Batalha Martins,Right Midfield,65.5,900.0,1,True
Portugal,Gonçalo Bernardo Inácio,Left Center Back,67.2,900.0,2,True
Portugal,Gonçalo Manuel Ganchinho Guedes,Right Center Forward,70.6,900.0,4,True
Portugal,Gonçalo Matias Ramos,Center Forward,69.9,900.0,5,True
Portugal,José Diogo Dalot Teixeira,Right Wing Back,73.2,900.0,2,True
Portugal,José Miguel da Rocha Fonte,Left Center Back,71.8,900.0,4,True
Portugal,José Pedro Malheiro de Sá,,70.0,900.0,10,True
Portugal,João Filipe Iria Santos Moutinho,Right Center Midfield,72.3,900.0,5,True
Portugal,João Félix Sequeira,Right Center Midfield,71.5,900.0,1,True
Portugal,João Maria Lobo Alves Palhinha Gonçalves,Right Defensive Midfield,71.5,900.0,1,True
Portugal,João Mário Naval da Costa Eduardo,Right Wing,70.3,900.0,1,True
Portugal,João Neves,Right Defensive Midfield,67.2,900.0,2,True
Portugal,João Pedro Cavaco Cancelo,Right Back,75.9,900.0,5,True
Portugal,Kléper Laveran Lima Ferreira,Right Center Back,83.0,900.0,12,True
Portugal,Manuel Henrique Tavares Fernandes,Right Center Midfield,65.5,900.0,1,True
Portugal,Matheus Luiz Nunes,Right Wing,66.7,900.0,1,True
Portugal,Mário Rui Silva Duarte,,67.0,900.0,4,True
Portugal,Nuno Mendes,Left Center Back,71.5,900.0,1,True
Portugal,Nélson Cabral Semedo,Right Wing Back,69.1,900.0,1,True
Portugal,Otávio Edmilson da Silva Monteiro,Left Center Midfield,70.1,900.0,3,True
Portugal,Pedro António Pereira Gonçalves,,66.5,900.0,3,True
Portugal,Pedro Lomba Neto,Left Wing Back,67.2,900.0,2,True
Portugal,Rafael Alexandre Conceição Leão,Right Wing,70.3,900.0,1,True
Portugal,Rafael Alexandre Fernandes Ferreira da Silva,Right Wing,65.5,900.0,1,True
Portugal,Raphaël Adelino José Guerreiro,Left Back,83.0,900.0,12,True
Portugal,Renato Júnior Luz Sanches,Right Midfield,67.9,900.0,1,True
Portugal,Ricardo Andrade Quaresma Bernardo,Right Wing,66.7,900.0,1,True
Portugal,Ricardo Domingos Barbosa Pereira,Right Back,66.7,900.0,1,True
Portugal,Ricardo Jorge Luz Horta,Right Wing,66.7,900.0,1,True
Portugal,Rui Pedro dos Santos Patrício,Goalkeeper,78.6,900.0,8,True
Portugal,Rui Tiago Dantas da Silva,,67.0,900.0,4,True
Portugal,Rúben Diogo Da Silva Neves,Right Defensive Midfield,70.3,900.0,1,True
Portugal,Rúben Santos Gato Alves Dias,Right Center Back,81.9,900.0,5,True
Portugal,Sérgio Miguel Relvas Gonçalves Pereira de Oliveira,Left Center Midfield,66.0,900.0,2,True
Portugal,Sérgio Miguel Relvas de Oliveira,,65.5,900.0,1,True
Portugal,Vitor Machado Ferreira,Right Defensive Midfield,73.0,900.0,4,True
Portugal,William Silva de Carvalho,Right Center Midfield,75.1,900.0,1,True
Qatar,Abdelkarim Hassan Al Haj Fadlalla,Left Center Back,70.1,900.0,3,True
Qatar,Abdulaziz Hatem Mohammed Abdullah,Right Center Midfield,67.9,900.0,1,True
Qatar,Ahmed Alaa Eldin Abdelmotaal,Right Center Midfield,65.5,900.0,1,True
Qatar,Akram Hassan Afif,Left Center Forward,70.1,900.0,3,True
Qatar,Ali Assadalla Thaimn Qambar,Left Center Midfield,65.5,900.0,1,True
Qatar,Almoez Ali Zainalabiddin Abdulla,Right Center Forward,70.1,900.0,3,True
Qatar,Assim Omer Al Haj Madibo,Center Defensive Midfield,68.4,900.0,2,True
Qatar,Bassam Hisham Al Rawi,Right Center Back,66.7,900.0,1,True
Qatar,Boualem Khoukhi,Center Back,70.1,900.0,3,True
Qatar,Hassan Khalid Al Heidos,Right Center Midfield,69.6,900.0,2,True
Qatar,Homam Alamin Ahmed,Left Wing Back,70.1,900.0,3,True
Qatar,Ismaeel Mohammad Mohammad,Right Wing Back,68.4,900.0,2,True
Qatar,Jassem Gaber Abdulsallam,,66.5,900.0,3,True
Qatar,Karim Boudiaf,Right Center Midfield,67.9,900.0,1,True
Qatar,Khalid Muneer Mazeed,,66.5,900.0,3,True
Qatar,Meshaal Aissa Barsham,Goalkeeper,68.4,900.0,2,True
Qatar,Mohammed Muntari,Right Center Forward,66.0,900.0,2,True
Qatar,Mohammed Waed Abdulwahhab Al Bayati,Right Center Midfield,65.5,900.0,1,True
Qatar,Mosaab Khoder Jibril,Right Wing Back,65.5,900.0,1,True
Qatar,Mostafa Taerk Mashaal,,66.5,900.0,3,True
Qatar,Naif Abdulraheem Al Hadhrami,,66.5,900.0,3,True
Qatar,Pedro Miguel Correia,Right Wing Back,69.1,900.0,1,True
Qatar,Saad Abdullah Al Sheeb,Goalkeeper,66.7,900.0,1,True
Qatar,Salem Ali Al Hajri,,66.5,900.0,3,True
Qatar,Tarek Salman Salman,Left Wing Back,65.5,900.0,1,True
Qatar,Yousef Hassan Mohamed Ali,,66.5,900.0,3,True
Romania,Adrian Gheorghe Șut,,67.0,900.0,4,True
Romania,Adrián Rus,Right Defensive Midfield,65.5,900.0,1,True
Romania,Alexandru Cicâldău,Center Defensive Midfield,65.5,900.0,1,True
Romania,Andrei Burcă Andonie,Left Center Back,71.8,900.0,4,True
Romania,Andrei Florin Ratiu,Right Back,71.8,900.0,4,True
Romania,Bogdan Racovițan,Left Center Midfield,65.5,900.0,1,True
Romania,Daniel George Birligea,,67.0,900.0,4,True
Romania,Darius Dumitru Olaru,Right Center Midfield,65.5,900.0,1,True
Romania,Deian Cristian Sorescu,Right Back,65.5,900.0,1,True
Romania,Denis Alibec,Left Midfield,65.5,900.0,1,True
Romania,Denis Mihai Drăguş,Center Forward,71.8,900.0,4,True
Romania,Dennis Man,Right Midfield,70.6,900.0,4,True
Romania,Florin Constantin Niţă,Goalkeeper,71.8,900.0,4,True
Romania,Florinel Teodor Coman,Left Midfield,68.4,900.0,2,True
Romania,George Alexandru Puşcaş,Center Forward,66.0,900.0,2,True
Romania,Horaţiu Alexandru Moldovan,,67.0,900.0,4,True
Romania,Ianis Hagi,Right Midfield,68.4,900.0,2,True
Romania,Ionuţ Nedelcearu,,67.0,900.0,4,True
Romania,Marius Mihai Marin,Center Defensive Midfield,71.8,900.0,4,True
Romania,Nicolae Claudiu Stanciu,Left Center Midfield,71.8,900.0,4,True
Romania,Nicușor Silviu Bancu,Left Back,70.1,900.0,3,True
Romania,Radu Drăgușin,Right Center Back,71.8,900.0,4,True
Romania,Răzvan Gabriel Marin,Right Center Midfield,71.8,900.0,4,True
Romania,Valentin Mihai Mihăilă,Left Midfield,67.2,900.0,2,True
Romania,Vasile Mogoș,Left Back,66.7,900.0,1,True
Romania,Ștefan Târnovanu,,67.0,900.0,4,True
Russia,Alan Dzagoev,Center Attacking Midfield,67.2,900.0,2,True
Russia,Aleksandr Erokhin,Right Wing,65.5,900.0,1,True
Russia,Aleksandr Golovin,Left Wing,73.9,900.0,1,True
Russia,Aleksandr Samedov,Right Wing,72.5,900.0,3,True
Russia,Aleksandr Sobolev,Right Wing,65.5,900.0,1,True
Russia,Aleksey Ionov,,66.0,900.0,2,True
Russia,Aleksey Miranchuk,Right Wing,69.1,900.0,1,True
Russia,Andrey Lunev,,67.5,900.0,5,True
Russia,Andrey Semenov,Right Center Back,66.7,900.0,1,True
Russia,Anton Miranchuk,,67.5,900.0,5,True
Russia,Anton Shunin,Goalkeeper,66.7,900.0,1,True
Russia,Anton Zabolotny,,66.5,900.0,3,True
Russia,Artem Dzyuba,Center Forward,77.4,900.0,8,True
Russia,Daler Kuzyaev,Right Midfield,71.5,900.0,1,True
Russia,Daniil Fomin,,65.5,900.0,1,True
Russia,Denis Cheryshev,Left Wing,70.6,900.0,4,True
Russia,Denis Makarov,,65.5,900.0,1,True
Russia,Dmitriy Barinov,Right Defensive Midfield,67.9,900.0,1,True
Russia,Fedor Kudryashov,Left Center Back,70.8,900.0,2,True
Russia,Fyodor Smolov,Secondary Striker,66.7,900.0,1,True
Russia,Georgiy Dzhikiya,Right Center Back,69.1,900.0,1,True
Russia,Igor Akinfeev,Goalkeeper,73.5,900.0,5,True
Russia,Igor Diveev,Right Defensive Midfield,67.9,900.0,1,True
Russia,Igor Smolnikov,Right Back,66.7,900.0,1,True
Russia,Ilya Kutepov,Right Center Back,73.5,900.0,5,True
Russia,Magomed Ozdoev,Right Defensive Midfield,69.6,900.0,2,True
Russia,Maksim Mukhin,Right Defensive Midfield,65.5,900.0,1,True
Russia,Matvey Safonov,Goalkeeper,68.4,900.0,2,True
Russia,Mário Figueira Fernandes,Right Wing Back,74.4,900.0,2,True
Russia,Rifat Zhemaletdinov,Right Defensive Midfield,66.0,900.0,2,True
Russia,Roman Evgenjev,,66.5,900.0,3,True
Russia,Roman Zobnin,Right Wing,75.1,900.0,1,True
Russia,Sergei Ignashevich,Left Center Back,73.0,900.0,4,True
Russia,Vladimir Gabulov,,67.5,900.0,5,True
Russia,Vladimir Granat,Left Midfield,65.5,900.0,1,True
Russia,Vyacheslav Karavaev,Right Wing Back,65.5,900.0,1,True
Russia,Yuri Dyupin,,66.5,900.0,3,True
Russia,Yuri Zhirkov,Left Midfield,70.3,900.0,1,True
Russia,Yury Gazinskiy,Right Defensive Midfield,69.1,900.0,1,True
Saudi Arabia,Abdulelah Al Amri,Right Center Back,68.4,900.0,2,True
Saudi Arabia,Abdulelah Saad Hameed Al-Malki,Left Defensive Midfield,67.9,900.0,1,True
Saudi Arabia,Abdullah Alkhaibari,,66.5,900.0,3,True
Saudi Arabia,Abdullah Ibrahim Al Maiouf,Goalkeeper,66.7,900.0,1,True
Saudi Arabia,Abdullah Ibrahim Otayf,Left Center Midfield,69.1,900.0,1,True
Saudi Arabia,Abdullah Mohammed Madu,Right Defensive Midfield,65.5,900.0,1,True
Saudi Arabia,Abdulmalek Abdullah Al Khaibri,,66.5,900.0,3,True
Saudi Arabia,Abdulrahman Al-Obood,Left Defensive Midfield,65.5,900.0,1,True
Saudi Arabia,Ali Al Hassan,Right Defensive Midfield,66.7,900.0,1,True
Saudi Arabia,Ali Albulayhi,Left Center Back,71.3,900.0,3,True
Saudi Arabia,Fahad Mosaed Al Muwallad Al Harbi,Center Forward,68.4,900.0,2,True
Saudi Arabia,Firas Tariq Nasser Al Albirakan,Right Wing,69.1,900.0,1,True
Saudi Arabia,Haitham Mohammed Asiri,Center Forward,65.5,900.0,1,True
Saudi Arabia,Hassan Mohammed Al-Tambakti,Right Center Back,67.9,900.0,1,True
Saudi Arabia,Hattan Babhir,Right Wing Back,67.9,900.0,1,True
Saudi Arabia,Hussain Al Mogahwi,Right Center Midfield,67.2,900.0,2,True
Saudi Arabia,Mansour Althaqfi Al Harbi,,66.5,900.0,3,True
Saudi Arabia,Mohammad Ibrahim Al Sahlawi,Center Forward,67.2,900.0,2,True
Saudi Arabia,Mohammed Al Burayk,Right Back,71.3,900.0,3,True
Saudi Arabia,Mohammed Al Rubaie Al Yami,,66.5,900.0,3,True
Saudi Arabia,Mohammed Kanoo,Right Wing,69.1,900.0,1,True
Saudi Arabia,Mohammed Khalil Al Owais,Goalkeeper,71.8,900.0,4,True
Saudi Arabia,Mohanad Aseri Abu Radiah,Right Midfield,65.5,900.0,1,True
Saudi Arabia,Motaz Ali Hassan Hawsawi,Left Center Back,66.7,900.0,1,True
Saudi Arabia,Nasser Al Dawsari,Center Forward,65.5,900.0,1,True
Saudi Arabia,Nawaf Alaqidi,,66.5,900.0,3,True
Saudi Arabia,Nawaf Shaker Al Abid,Right Center Midfield,65.5,900.0,1,True
Saudi Arabia,Omar Ibrahim Omar Othman Hawsawi,Left Center Back,66.7,900.0,1,True
Saudi Arabia,Osama Abdulrezag Hawsawi,Right Center Back,70.1,900.0,3,True
Saudi Arabia,Riyadh Sharahili,Left Back,65.5,900.0,1,True
Saudi Arabia,Saleh Khalid Al Shehri,Right Center Forward,69.1,900.0,1,True
Saudi Arabia,Salem Mohammed Al Dawsari,Left Wing,73.2,900.0,2,True
Saudi Arabia,Salman Mohammed Al Faraj,Right Center Midfield,70.3,900.0,1,True
Saudi Arabia,Sami Khalil Al Naji,Center Attacking Midfield,66.7,900.0,1,True
Saudi Arabia,Saud Abdullah Abdul Hamid,Right Back,69.6,900.0,2,True
Saudi Arabia,Sultan Abdullah Salim Al Ghannam,Right Back,67.2,900.0,2,True
Saudi Arabia,Taisir Jabir Al Jassim,Right Center Midfield,68.4,900.0,2,True
Saudi Arabia,Yasir Gharsan Al Shahrani,Left Back,71.8,900.0,4,True
Saudi Arabia,Yasser Abdullah Al Mosailem,Goalkeeper,66.7,900.0,1,True
Saudi Arabia,Yehya Sulaiman Ali Al-Shehri,Right Wing,66.7,900.0,1,True
Scotland,Andrew Robertson,Left Wing Back,75.2,900.0,6,True
Scotland,Angus Gunn,Goalkeeper,70.1,900.0,3,True
Scotland,Anthony Ralston,Right Wing Back,70.1,900.0,3,True
Scotland,Billy Gilmour,Right Defensive Midfield,70.1,900.0,3,True
Scotland,Callum McGregor,Right Center Back,71.5,900.0,1,True
Scotland,Che Adams,Right Center Forward,72.0,900.0,2,True
Scotland,Craig Gordon,,66.5,900.0,3,True
Scotland,David Marshall,Goalkeeper,70.1,900.0,3,True
Scotland,David Turnbull,,66.0,900.0,2,True
Scotland,Declan Gallagher,,65.5,900.0,1,True
Scotland,Grant Campbell Hanley,Center Back,74.0,900.0,6,True
Scotland,Greg Taylor,,67.0,900.0,4,True
Scotland,Jack Hendry,Right Center Back,71.3,900.0,3,True
Scotland,James Forrest,Right Wing Back,65.5,900.0,1,True
Scotland,John Fleck,,66.0,900.0,2,True
Scotland,John McGinn,Right Wing,72.7,900.0,1,True
Scotland,Jon McLaughlin,,66.5,900.0,3,True
Scotland,Kenneth McLean,Right Wing Back,65.5,900.0,1,True
Scotland,Kevin Nisbet,Right Center Forward,66.0,900.0,2,True
Scotland,Kieran Tierney,Left Center Back,71.8,900.0,4,True
Scotland,Lawrence Shankland,Right Center Forward,65.5,900.0,1,True
Scotland,Lewis Morgan,Left Wing Back,65.5,900.0,1,True
Scotland,Liam Cooper,Left Center Back,66.7,900.0,1,True
Scotland,Liam Kelly,,66.5,900.0,3,True
Scotland,Lyndon Dykes,Right Center Forward,69.6,900.0,2,True
Scotland,Nathan Patterson,Right Wing Back,65.5,900.0,1,True
Scotland,Ross McCrorie,,66.5,900.0,3,True
Scotland,Ryan Christie,Right Defensive Midfield,67.9,900.0,1,True
Scotland,Ryan Fraser,Left Center Midfield,66.0,900.0,2,True
Scotland,Ryan Jack,,66.5,900.0,3,True
Scotland,Ryan Porteous,Right Center Back,66.7,900.0,1,True
Scotland,Scott McKenna,Left Center Back,67.7,900.0,3,True
Scotland,Scott McTominay,Right Defensive Midfield,72.7,900.0,1,True
Scotland,Stephen O''Donnell,Right Wing Back,70.1,900.0,3,True
Scotland,Stuart Armstrong,Right Defensive Midfield,67.9,900.0,1,True
Scotland,Tommy Conway,,66.5,900.0,3,True
Scotland,Zander Clark,,66.5,900.0,3,True
Senegal,Abdou Diallo,Left Center Back,71.3,900.0,3,True
Senegal,Abdoulaye Diallo,,66.5,900.0,3,True
Senegal,Adama Mbengue,,66.5,900.0,3,True
Senegal,Alfred Benjamin Gomis,,68.5,900.0,7,True
Senegal,Alfred John Momar N'Diaye,Left Center Midfield,67.9,900.0,1,True
Senegal,Boulaye Dia,Center Forward,71.3,900.0,3,True
Senegal,Cheikh Ahmadou Bamba Mbacke Dieng,Right Wing,65.5,900.0,1,True
Senegal,Cheikh N'Doye,Right Center Midfield,65.5,900.0,1,True
Senegal,Cheikhou Kouyaté,Right Defensive Midfield,67.9,900.0,1,True
Senegal,Diafra Sakho,Left Center Forward,65.5,900.0,1,True
Senegal,Edouard Mendy,Goalkeeper,71.8,900.0,4,True
Senegal,Famara Diedhiou,Right Wing,66.7,900.0,1,True
Senegal,Fodé Ballo Touré,Left Back,65.5,900.0,1,True
Senegal,Formose Mendy,,67.0,900.0,4,True
Senegal,Idrissa Gana Gueye,Right Center Midfield,72.7,900.0,1,True
Senegal,Iliman Ndiaye,Right Wing,67.9,900.0,1,True
Senegal,Ismail Jakobs,Left Back,70.6,900.0,4,True
Senegal,Ismaïla Sarr,Right Wing,75.4,900.0,4,True
Senegal,Kalidou Koulibaly,Right Center Back,75.4,900.0,4,True
Senegal,Keita Baldé Diao,Left Wing,66.7,900.0,1,True
Senegal,Khadim N'Diaye,Goalkeeper,70.1,900.0,3,True
Senegal,Krépin Diatta,Right Wing,69.6,900.0,2,True
Senegal,Lamine Gassama,Right Back,66.7,900.0,1,True
Senegal,M'Baye Babacar Niang,Left Center Forward,69.6,900.0,2,True
Senegal,Mamadou Loum N''Diaye,,65.5,900.0,1,True
Senegal,Mamadou Loum N'Diaye,,66.5,900.0,3,True
Senegal,Mame Biram Diouf,Right Center Forward,66.7,900.0,1,True
Senegal,Moussa N''Diaye,,67.0,900.0,4,True
Senegal,Moussa Sow,,66.5,900.0,3,True
Senegal,Moussa Wagué,Right Back,68.4,900.0,2,True
Senegal,Moustapha Name,,67.0,900.0,4,True
Senegal,Nampalys Mendy,Right Defensive Midfield,69.6,900.0,2,True
Senegal,Nicolas Jackson,Right Wing,65.5,900.0,1,True
Senegal,Papa Alioune N'Diaye,Right Center Midfield,66.7,900.0,1,True
Senegal,Pape Abou Cissé,Right Wing,66.7,900.0,1,True
Senegal,Pape Gueye,Right Defensive Midfield,66.7,900.0,1,True
Senegal,Pape Matar Sarr,Right Wing,65.5,900.0,1,True
Senegal,Pape Moussa Konaté,Left Wing,65.5,900.0,1,True
Senegal,Pathé Ismaël Ciss,Right Defensive Midfield,68.4,900.0,2,True
Senegal,Sadio Mané,Right Center Forward,69.1,900.0,1,True
Senegal,Salif Sané,Right Center Back,70.1,900.0,3,True
Senegal,Serigne Modou Kara Mbodji,,66.5,900.0,3,True
Senegal,Timothy Dieng,,67.0,900.0,4,True
Senegal,Youssouf Sabaly,Right Back,75.4,900.0,4,True
Serbia,Adem Ljajić,Left Wing,67.9,900.0,1,True
Serbia,Aleksandar Kolarov,Left Back,70.1,900.0,3,True
Serbia,Aleksandar Mitrović,Left Center Forward,76.3,900.0,1,True
Serbia,Aleksandar Prijović,Center Forward,65.5,900.0,1,True
Serbia,Andrija Živković,Right Wing Back,74.7,900.0,5,True
Serbia,Antonio Rukavina,Right Midfield,66.7,900.0,1,True
Serbia,Branislav Ivanović,Right Back,68.4,900.0,2,True
Serbia,Darko Lazović,Right Defensive Midfield,65.5,900.0,1,True
Serbia,Dušan Tadić,Right Wing,74.9,900.0,3,True
Serbia,Dušan Vlahović,Right Center Forward,69.1,900.0,1,True
Serbia,Duško Tošić,Left Center Back,68.4,900.0,2,True
Serbia,Filip Kostić,Left Wing Back,72.5,900.0,3,True
Serbia,Filip Mladenović,Left Wing Back,69.4,900.0,4,True
Serbia,Filip Đuričić,Left Wing Back,65.5,900.0,1,True
Serbia,Ivan Ilić,Right Defensive Midfield,68.4,900.0,2,True
Serbia,Lazar Samardžić,Right Wing,66.7,900.0,1,True
Serbia,Luka Jović,Right Center Forward,65.5,900.0,1,True
Serbia,Luka Milivojević,Right Center Midfield,68.4,900.0,2,True
Serbia,Marko Dmitrović,,68.0,900.0,6,True
Serbia,Marko Grujić,Right Center Midfield,65.5,900.0,1,True
Serbia,Mijat Gaćinović,Left Wing Back,65.5,900.0,1,True
Serbia,Milan Rodić,,66.5,900.0,3,True
Serbia,Milos Veljkovic,Right Center Back,74.9,900.0,3,True
Serbia,Nemanja Gudelj,Left Defensive Midfield,70.1,900.0,3,True
Serbia,Nemanja Maksimović,Right Defensive Midfield,66.7,900.0,1,True
Serbia,Nemanja Matić,Left Defensive Midfield,69.1,900.0,1,True
Serbia,Nemanja Radonjić,Right Wing Back,66.5,900.0,3,True
Serbia,Nemanja Stojić,,66.5,900.0,3,True
Serbia,Nikola Milenković,Right Center Back,78.8,900.0,6,True
Serbia,Petar Ratkov,,66.5,900.0,3,True
Serbia,Predrag Rajković,Goalkeeper,70.1,900.0,3,True
Serbia,Saša Lukić,Right Defensive Midfield,73.7,900.0,3,True
Serbia,Sergej Milinković-Savić,Right Defensive Midfield,73.9,900.0,1,True
Serbia,Srđan Babić,Center Back,65.5,900.0,1,True
Serbia,Srđan Mijailović,Right Wing Back,66.7,900.0,1,True
Serbia,Stefan Mitrović,Left Center Back,65.5,900.0,1,True
Serbia,Strahinja Eraković,,66.5,900.0,3,True
Serbia,Strahinja Pavlović,Left Center Back,75.2,900.0,6,True
Serbia,Uroš Račić,,66.5,900.0,3,True
Serbia,Uroš Spajić,,68.0,900.0,6,True
Serbia,Vanja Milinković Savić,Goalkeeper,70.1,900.0,3,True
Serbia,Veljko Birmančević,Right Wing Back,66.0,900.0,2,True
Serbia,Vladimir Stojković,Goalkeeper,70.1,900.0,3,True
Serbia,Đorđe Petrović,,66.5,900.0,3,True
Slovakia,Adam Obert,Left Center Midfield,65.5,900.0,1,True
Slovakia,David Strelec,Center Forward,69.4,900.0,4,True
Slovakia,Denis Vavro,Right Center Back,71.8,900.0,4,True
Slovakia,Dušan Kuciak,,66.5,900.0,3,True
Slovakia,Dávid Hancko,Left Back,72.3,900.0,5,True
Slovakia,Dávid Ďuriš,Right Wing,66.0,900.0,2,True
Slovakia,Henrich Ravas,,67.0,900.0,4,True
Slovakia,Ivan Schranz,Right Wing,71.8,900.0,4,True
Slovakia,Jakub Hromada,Left Defensive Midfield,67.9,900.0,1,True
Slovakia,Juraj Kucka,Right Defensive Midfield,73.9,900.0,1,True
Slovakia,Ján Greguš,Center Forward,65.5,900.0,1,True
Slovakia,Leo Sauer,Right Wing,65.5,900.0,1,True
Slovakia,Lukáš Haraslín,Right Wing,73.7,900.0,3,True
Slovakia,László Bénes,Left Defensive Midfield,65.5,900.0,1,True
Slovakia,Marek Hamšík,Center Attacking Midfield,70.1,900.0,3,True
Slovakia,Marek Rodák,,68.5,900.0,7,True
Slovakia,Martin Dúbravka,Goalkeeper,76.9,900.0,7,True
Slovakia,Martin Koscelník,Right Wing,66.7,900.0,1,True
Slovakia,Martin Valjent,,66.0,900.0,2,True
Slovakia,Matúš Bero,Right Wing Back,65.5,900.0,1,True
Slovakia,Michal Ďuriš,Right Wing,65.5,900.0,1,True
Slovakia,Milan Škriniar,Left Center Back,76.9,900.0,7,True
Slovakia,Norbert Gyömbér,Right Back,65.5,900.0,1,True
Slovakia,Ondrej Duda,Left Center Midfield,75.4,900.0,4,True
Slovakia,Patrik Hrošovský,Left Defensive Midfield,66.7,900.0,1,True
Slovakia,Peter Pekarík,Right Back,76.9,900.0,7,True
Slovakia,Róbert Boženík,Center Forward,69.4,900.0,4,True
Slovakia,Róbert Mak,Left Wing,70.1,900.0,3,True
Slovakia,Sebastián Kóša,,67.0,900.0,4,True
Slovakia,Stanislav Lobotka,Left Center Midfield,70.3,900.0,1,True
Slovakia,Tomáš Hubočan,Left Back,70.1,900.0,3,True
Slovakia,Tomáš Rigo,,67.0,900.0,4,True
Slovakia,Tomáš Suslov,Right Wing,66.0,900.0,2,True
Slovakia,Vernon De Marco Morlacchi,,67.0,900.0,4,True
Slovakia,Vladimír Weiss,Left Wing,66.0,900.0,2,True
Slovakia,Ľubomír Tupta,Right Wing Back,65.5,900.0,1,True
Slovakia,Ľubomír Šatka,Right Center Back,70.1,900.0,3,True
Slovenia,Adam Gnezda Čerin,Right Defensive Midfield,71.8,900.0,4,True
Slovenia,Adrian Zeljković,,67.0,900.0,4,True
Slovenia,Andraž Šporar,Right Center Forward,71.8,900.0,4,True
Slovenia,Benjamin Verbič,Right Midfield,66.0,900.0,2,True
Slovenia,Benjamin Šeško,Left Center Forward,71.8,900.0,4,True
Slovenia,David Brekalo,Right Center Forward,65.5,900.0,1,True
Slovenia,Erik Janža,Left Back,70.1,900.0,3,True
Slovenia,Igor Vekič,,67.0,900.0,4,True
Slovenia,Jaka Bijol,Left Center Back,71.8,900.0,4,True
Slovenia,Jan Mlakar,Left Midfield,71.8,900.0,4,True
Slovenia,Jan Oblak,Goalkeeper,71.8,900.0,4,True
Slovenia,Jasmin Kurtič,Left Center Forward,65.5,900.0,1,True
Slovenia,Jon Gorenc Stankovič,Left Midfield,66.5,900.0,3,True
Slovenia,Josip Iličić,Right Midfield,65.5,900.0,1,True
Slovenia,Jure Balkovec,Left Back,67.2,900.0,2,True
Slovenia,Miha Blažič,,67.0,900.0,4,True
Slovenia,Nino Žugelj,,67.0,900.0,4,True
Slovenia,Petar Stojanović,Right Midfield,71.8,900.0,4,True
Slovenia,Sandi Lovric,,67.0,900.0,4,True
Slovenia,Timi Elšnik,Left Defensive Midfield,71.8,900.0,4,True
Slovenia,Tomi Horvat,,67.0,900.0,4,True
Slovenia,Vanja Drkušić,Right Center Back,71.8,900.0,4,True
Slovenia,Vid Belec,,67.0,900.0,4,True
Slovenia,Žan Celar,Right Midfield,65.5,900.0,1,True
Slovenia,Žan Karničnik,Right Back,71.8,900.0,4,True
Slovenia,Žan Vipotnik,Left Center Forward,65.5,900.0,1,True
South Korea,Ban-Suk Oh,,66.5,900.0,3,True
South Korea,Bum-Keun Song,,67.0,900.0,4,True
South Korea,Chang-Hoon Kwon,Right Wing,66.7,900.0,1,True
South Korea,Chul Hong,Left Back,67.7,900.0,3,True
South Korea,Gue-Sung Cho,Right Center Forward,69.1,900.0,1,True
South Korea,Hee-Chan Hwang,Right Wing,69.1,900.0,1,True
South Korea,Heung-Min Son,Right Center Forward,73.9,900.0,1,True
South Korea,Hyeon-Woo Jo,Goalkeeper,70.1,900.0,3,True
South Korea,Hyun-Soo Jang,Right Center Midfield,69.1,900.0,1,True
South Korea,In-Beom Hwang,Right Defensive Midfield,70.3,900.0,1,True
South Korea,Ja-Cheol Koo,Left Center Midfield,67.9,900.0,1,True
South Korea,Jae-Sung Lee,Right Wing,72.7,900.0,1,True
South Korea,Jin-Hyeon Kim,,66.5,900.0,3,True
South Korea,Jin-Su Kim,Left Back,71.8,900.0,4,True
South Korea,Jong-Gyu Yoon,,67.0,900.0,4,True
South Korea,Joo-Ho Park,Left Back,66.7,900.0,1,True
South Korea,Jun-Ho Son,Left Center Back,65.5,900.0,1,True
South Korea,Kang-In Lee,Right Wing,66.7,900.0,1,True
South Korea,Kyung-Won Kwon,Right Center Back,67.2,900.0,2,True
South Korea,Min Jae Kim,Right Center Back,70.1,900.0,3,True
South Korea,Min-Kyu Song,,67.0,900.0,4,True
South Korea,Min-Woo Kim,Left Back,67.2,900.0,2,True
South Korea,Moon-Hwan Kim,Right Back,71.8,900.0,4,True
South Korea,Sang-Ho Na,Right Wing,67.2,900.0,2,True
South Korea,Se-Jong Ju,Right Defensive Midfield,66.7,900.0,1,True
South Korea,Seon-Min Moon,Right Wing,67.9,900.0,1,True
South Korea,Seung-Gyu Kim,Goalkeeper,71.8,900.0,4,True
South Korea,Seung-Ho Paik,Right Center Midfield,65.5,900.0,1,True
South Korea,Seung-Hyun Jung,,66.5,900.0,3,True
South Korea,Seung-Woo Lee,Right Defensive Midfield,65.5,900.0,1,True
South Korea,Shin-Wook Kim,Center Forward,66.7,900.0,1,True
South Korea,Sung-Yeung Ki,Left Defensive Midfield,67.9,900.0,1,True
South Korea,Tae-Hwan Kim,,67.0,900.0,4,True
South Korea,Ui-Jo Hwang,Right Defensive Midfield,66.7,900.0,1,True
South Korea,Woo-Yeong Jeong,Center Attacking Midfield,66.7,900.0,1,True
South Korea,Woo-Young Jung,Right Midfield,71.5,900.0,1,True
South Korea,Yo-Han Go,Left Center Forward,65.5,900.0,1,True
South Korea,Yong Lee,Right Back,70.1,900.0,3,True
South Korea,Young-Gwon Kim,Left Center Back,76.9,900.0,7,True
South Korea,Young-Sun Yun,Right Center Back,66.7,900.0,1,True
South Korea,Yu-Min Cho,Right Center Forward,65.5,900.0,1,True
Spain,Adama Traoré Diarra,Left Wing,65.5,900.0,1,True
Spain,Alejandro Baena Rodríguez,Left Wing,65.5,900.0,1,True
Spain,Alejandro Balde Martínez,Left Back,68.2,900.0,4,True
Spain,Alejandro Grimaldo García,Left Back,67.2,900.0,2,True
Spain,Alejandro Remiro Gargallo,,68.5,900.0,7,True
Spain,Andrés Iniesta Luján,Left Midfield,69.1,900.0,1,True
Spain,Anssumane Fati,Right Center Midfield,65.5,900.0,1,True
Spain,Aymeric Laporte,Right Center Back,83.0,900.0,3,True
Spain,Ayoze Pérez Gutiérrez,Left Wing,65.5,900.0,1,True
Spain,Carlos Soler Barragán,Left Center Midfield,66.0,900.0,2,True
Spain,César Azpilicueta Tanco,Right Back,75.2,900.0,6,True
Spain,Daniel Carvajal Ramos,Right Back,79.6,900.0,10,True
Spain,Daniel Olmo Carvajal,Right Center Midfield,78.0,900.0,2,True
Spain,Daniel Vivian Moreno,Right Center Back,66.7,900.0,1,True
Spain,David Josué Jiménez Silva,Right Wing,70.8,900.0,2,True
Spain,David Raya Martin,Goalkeeper,66.7,900.0,1,True
Spain,David de Gea Quintana,Goalkeeper,71.8,900.0,4,True
Spain,Diego Javier Llorente Ríos,,67.5,900.0,5,True
Spain,Diego da Silva Costa,Center Forward,71.8,900.0,4,True
Spain,Eric García Martret,Right Center Back,70.1,900.0,3,True
Spain,Fabián Ruiz Peña,Right Wing,72.7,900.0,1,True
Spain,Fermin Lopez Marin,Left Wing,65.5,900.0,1,True
Spain,Ferrán Torres García,Right Wing,80.1,900.0,11,True
Spain,Francisco Román Alarcón Suárez,Left Wing,70.8,900.0,2,True
Spain,Gerard Moreno Balaguero,Right Wing,68.4,900.0,2,True
Spain,Gerard Piqué Bernabéu,Right Center Back,71.8,900.0,4,True
Spain,Hugo Guillamón Sanmartín,,67.0,900.0,4,True
Spain,Iago Aspas Juncal,Center Forward,66.5,900.0,3,True
Spain,Ignacio Monreal Eraso,,67.0,900.0,4,True
Spain,Jesús Navas González,Right Back,68.9,900.0,3,True
Spain,Jordi Alba Ramos,Left Back,83.0,900.0,14,True
Spain,Jorge Resurrección Merodio,Right Wing,75.1,900.0,1,True
Spain,José Ignacio Fernández Iglesias,Right Center Back,71.3,900.0,3,True
Spain,José Luis Gayà Peña,Left Back,66.7,900.0,1,True
Spain,José Luis Sanmartín Mato,Left Center Midfield,66.7,900.0,1,True
Spain,José Manuel Reina Páez,,67.0,900.0,4,True
Spain,Kepa Arrizabalaga Revuelta,,67.0,900.0,4,True
Spain,Lamine Yamal Nasraoui Ebana,Right Wing,75.7,900.0,7,True
Spain,Lucas Vázquez Iglesias,Right Wing,66.7,900.0,1,True
Spain,Marc Cucurella Saseta,Left Back,75.2,900.0,6,True
Spain,Marco Asensio Willemsen,Right Midfield,71.3,900.0,3,True
Spain,Marcos Llorente Moreno,Right Back,71.1,900.0,5,True
Spain,Martín Zubimendi Ibáñez,Right Defensive Midfield,67.2,900.0,2,True
Spain,Mikel Merino Zazón,Right Wing,66.7,900.0,1,True
Spain,Mikel Oyarzabal Ugarte,Right Wing,68.9,900.0,3,True
Spain,Nicholas Williams Arthuer,Right Wing,74.9,900.0,3,True
Spain,Pablo Martín Páez Gavira,Right Center Midfield,71.8,900.0,4,True
Spain,Pablo Sarabia García,Right Wing,69.6,900.0,2,True
Spain,Pau Francisco Torres,Right Center Back,71.3,900.0,3,True
Spain,Pedro González López,Right Center Midfield,82.8,900.0,2,True
Spain,Robert Lynch Sanchez,,70.0,900.0,10,True
Spain,Robin Aime Robert Le Normand,Right Center Back,73.5,900.0,5,True
Spain,Rodrigo Hernández Cascante,Right Defensive Midfield,81.4,900.0,4,True
Spain,Rodrigo Moreno Machado,Right Wing,65.5,900.0,1,True
Spain,Saúl Ñíguez Esclapez,,67.0,900.0,4,True
Spain,Sergio Busquets i Burgos,Left Defensive Midfield,79.9,900.0,1,True
Spain,Sergio Ramos García,Left Center Back,71.8,900.0,4,True
Spain,Thiago Alcântara do Nascimento,Right Midfield,66.7,900.0,1,True
Spain,Unai Simón Mendibil,Goalkeeper,83.0,900.0,16,True
Spain,Yeremi Jesús Pino Santos,,65.5,900.0,1,True
Spain,Yeremy Jesús Pino Santos,,66.5,900.0,3,True
Spain,Álvaro Borja Morata Martín,Right Wing,80.4,900.0,2,True
Spain,Álvaro Odriozola Arzallus,,67.0,900.0,4,True
Sweden,Albin Ekdal,Left Defensive Midfield,77.3,900.0,3,True
Sweden,Alexander Isak,Left Center Forward,71.8,900.0,4,True
Sweden,Andreas Granqvist,Left Center Back,73.5,900.0,5,True
Sweden,Dejan Kulusevski,Right Center Forward,67.2,900.0,2,True
Sweden,Emil Krafth,Right Back,68.7,900.0,5,True
Sweden,Emil Peter Forsberg,Left Wing,76.3,900.0,1,True
Sweden,Filip Helander,Right Defensive Midfield,65.5,900.0,1,True
Sweden,Gustav Svensson,Right Center Midfield,67.7,900.0,3,True
Sweden,Isaac Kiese Thelin,Right Center Forward,66.0,900.0,2,True
Sweden,Jens-Lys Michel Cajuste,Right Defensive Midfield,65.5,900.0,1,True
Sweden,Jimmy Durmaz,Right Midfield,65.5,900.0,1,True
Sweden,John Guidetti,Right Center Forward,65.5,900.0,1,True
Sweden,Jordan Larsson,,65.5,900.0,1,True
Sweden,Karl-Johan Johnsson,,69.5,900.0,9,True
Sweden,Ken Sema,,67.0,900.0,4,True
Sweden,Kristoffer Nordfeldt,,69.5,900.0,9,True
Sweden,Kristoffer Olsson,Right Defensive Midfield,71.3,900.0,3,True
Sweden,Ludwig Augustinsson,Left Back,80.3,900.0,9,True
Sweden,Marcus Andreas Danielsson,Left Center Back,71.8,900.0,4,True
Sweden,Marcus Berg,Right Defensive Midfield,73.9,900.0,1,True
Sweden,Marcus Rohdén,,67.5,900.0,5,True
Sweden,Martin Olsson,Left Wing,65.5,900.0,1,True
Sweden,Mikael Lustig,Right Back,78.6,900.0,8,True
Sweden,Ola Toivonen,Right Center Forward,71.5,900.0,1,True
Sweden,Oscar Hiljemark,Left Center Midfield,66.0,900.0,2,True
Sweden,Pierre Bengtsson,Left Midfield,65.5,900.0,1,True
Sweden,Pontus Jansson,Right Center Back,66.7,900.0,1,True
Sweden,Robin Olsen,Goalkeeper,80.3,900.0,9,True
Sweden,Robin Quaison,Right Center Forward,67.7,900.0,3,True
Sweden,Sebastian Larsson,Right Midfield,76.6,900.0,4,True
Sweden,Victor Nilsson Lindelöf,Right Center Back,78.6,900.0,8,True
Sweden,Viktor Claesson,Right Wing,72.0,900.0,2,True
Switzerland,Admir Mehmedi,Left Center Forward,65.5,900.0,1,True
Switzerland,Ardon Jashari,Left Center Forward,65.5,900.0,1,True
Switzerland,Blerim Džemaili,Center Attacking Midfield,71.8,900.0,4,True
Switzerland,Breel-Donald Embolo,Right Wing,81.1,900.0,1,True
Switzerland,Christian Fassnacht,Left Wing Back,65.5,900.0,1,True
Switzerland,Cédric Zesiger,,67.5,900.0,5,True
Switzerland,Dan Ndoye,Right Wing Back,72.0,900.0,2,True
Switzerland,Denis Lemi Zakaria Lako Lado,Right Wing,66.7,900.0,1,True
Switzerland,Djibril Sow,Right Defensive Midfield,70.3,900.0,1,True
Switzerland,Edimilson Fernandes,Right Wing Back,66.7,900.0,1,True
Switzerland,Eray Ervin Cömert,Left Back,65.5,900.0,1,True
Switzerland,Fabian Frei,Right Back,65.5,900.0,1,True
Switzerland,Fabian Lukas Schär,Right Center Midfield,79.9,900.0,1,True
Switzerland,Fabian Rieder,Right Wing,70.3,900.0,1,True
Switzerland,Granit Xhaka,Left Defensive Midfield,83.0,900.0,13,True
Switzerland,Gregor Kobel,Goalkeeper,66.7,900.0,1,True
Switzerland,Gélson da Conceição Tavares Fernandes,,67.0,900.0,4,True
Switzerland,Haris Seferović,Secondary Striker,73.9,900.0,1,True
Switzerland,Jacques François Moubandje,,67.0,900.0,4,True
Switzerland,Johan Danon Djourou-Gbadjere,Right Center Back,66.7,900.0,1,True
Switzerland,Jonas Omlin,,67.5,900.0,5,True
Switzerland,Jordan Lotomba,,65.5,900.0,1,True
Switzerland,Josip Drmic,Left Wing,66.7,900.0,1,True
Switzerland,Kevin Mbabu,Right Wing Back,69.4,900.0,4,True
Switzerland,Kwadwo Duah,Center Forward,67.7,900.0,3,True
Switzerland,Leonidas Stergiou,Right Wing Back,66.0,900.0,2,True
Switzerland,Loris Benito,Left Wing Back,65.5,900.0,1,True
Switzerland,Manuel Obafemi Akanji,Right Center Back,83.0,900.0,3,True
Switzerland,Mario Gavranović,Secondary Striker,66.7,900.0,1,True
Switzerland,Michael Lang,Right Wing,66.7,900.0,1,True
Switzerland,Michel Aebischer,Left Wing Back,73.5,900.0,5,True
Switzerland,Mohamed Zeki Amdouni,Left Wing Back,65.5,900.0,1,True
Switzerland,Nico Elvedi,Right Center Back,75.9,900.0,5,True
Switzerland,Noah Okafor,Right Wing,65.5,900.0,1,True
Switzerland,Philipp Köhn,,66.5,900.0,3,True
Switzerland,Remo Freuler,Right Defensive Midfield,83.0,900.0,12,True
Switzerland,Renato Steffen,Right Wing,65.5,900.0,1,True
Switzerland,Ricardo Iván Rodríguez Araya,Left Wing Back,83.0,900.0,2,True
Switzerland,Roman Bürki,,67.0,900.0,4,True
Switzerland,Ruben Vargas,Right Wing,75.1,900.0,1,True
Switzerland,Silvan Widmer,Right Wing Back,79.3,900.0,7,True
Switzerland,Stephan Lichtsteiner,Right Back,70.1,900.0,3,True
Switzerland,Steven Zuber,Left Wing Back,73.7,900.0,3,True
Switzerland,Valon Behrami,Right Defensive Midfield,70.3,900.0,1,True
Switzerland,Vincent Sierro,Right Defensive Midfield,66.5,900.0,3,True
Switzerland,Xherdan Shaqiri,Right Wing,83.0,900.0,6,True
Switzerland,Yann Sommer,Goalkeeper,83.0,900.0,17,True
Switzerland,Yvon Landry Mvogo,,72.0,900.0,14,True
Tunisia,Ahmed Khalil,Left Midfield,65.5,900.0,1,True
Tunisia,Ali Abdi,Right Attacking Midfield,67.9,900.0,1,True
Tunisia,Ali Maâloul,Left Wing Back,69.1,900.0,1,True
Tunisia,Anice Badri,Left Center Midfield,68.4,900.0,2,True
Tunisia,Anis Ben Slimane,Right Wing,67.9,900.0,1,True
Tunisia,Aymen Dahmen,Goalkeeper,70.1,900.0,3,True
Tunisia,Aymen Mathlouthi,Goalkeeper,66.7,900.0,1,True
Tunisia,Aïssa Bilal Laïdouni,Left Defensive Midfield,70.1,900.0,3,True
Tunisia,Bassem Srarfi,Center Forward,65.5,900.0,1,True
Tunisia,Bechir Ben Said,,66.5,900.0,3,True
Tunisia,Bilel Ifa,,66.5,900.0,3,True
Tunisia,Dylan Daniel Mahmoud Bronn,Right Center Back,70.8,900.0,2,True
Tunisia,Ellyes Joris Skhiri,Right Defensive Midfield,73.7,900.0,3,True
Tunisia,Fakhreddine Ben Youssef,Right Wing,69.1,900.0,1,True
Tunisia,Farouk Ben Mustapha,Goalkeeper,67.2,900.0,2,True
Tunisia,Ferjani Sassi,Right Center Midfield,70.1,900.0,3,True
Tunisia,Ghilane Chalali,Right Center Midfield,66.7,900.0,1,True
Tunisia,Hamdi Nagguez,Right Back,67.2,900.0,2,True
Tunisia,Hannibal Mejbri,Left Wing,65.5,900.0,1,True
Tunisia,Issam Jebali,Center Forward,68.9,900.0,3,True
Tunisia,Mohamed Ali Ben Romdhane,Left Attacking Midfield,66.7,900.0,1,True
Tunisia,Mohamed Amine Ben Amor,Left Midfield,65.5,900.0,1,True
Tunisia,Mohamed Dräger,Right Wing Back,68.4,900.0,2,True
Tunisia,Montassar Omar Talbi,Left Center Back,70.1,900.0,3,True
Tunisia,Mouez Hassen,Goalkeeper,66.7,900.0,1,True
Tunisia,Nader Ghandri,Center Back,66.7,900.0,1,True
Tunisia,Naïm Sliti,Right Wing,69.1,900.0,1,True
Tunisia,Oussama Haddadi,Left Back,66.7,900.0,1,True
Tunisia,Rami Bedoui,Right Center Back,66.7,900.0,1,True
Tunisia,Saber Khalifa,Center Forward,65.5,900.0,1,True
Tunisia,Saîf-Eddine Khaoui,Left Center Midfield,66.7,900.0,1,True
Tunisia,Seifeddine Jaziri,,66.5,900.0,3,True
Tunisia,Syam Ben Youssef,Right Center Back,68.4,900.0,2,True
Tunisia,Taha Yassine Khenissi,Center Forward,66.0,900.0,2,True
Tunisia,Wahbi Khazri,Left Center Midfield,70.3,900.0,1,True
Tunisia,Wajdi Kechrida,Right Wing Back,67.2,900.0,2,True
Tunisia,Yassine Meriah,Right Center Back,72.7,900.0,1,True
Tunisia,Yohan Benalouane,Right Center Back,65.5,900.0,1,True
Tunisia,Youssef Msakni,Left Wing,67.9,900.0,1,True
Turkey,Abdülkerim Bardakcı,Left Center Back,71.8,900.0,4,True
Turkey,Ahmetcan Kaplan,,67.5,900.0,5,True
Turkey,Altay Bayındır,Goalkeeper,66.7,900.0,1,True
Turkey,Arda Güler,Right Wing,71.3,900.0,3,True
Turkey,Barış Alper Yılmaz,Right Wing,72.0,900.0,2,True
Turkey,Bertuğ Özgür Yıldırım,,67.5,900.0,5,True
Turkey,Burak Yılmaz,Center Forward,70.1,900.0,3,True
Turkey,Caglar Söyüncü,Left Center Back,70.1,900.0,3,True
Turkey,Cengiz Umut Meraş,Left Back,68.4,900.0,2,True
Turkey,Cengiz Ünder,Right Midfield,68.4,900.0,2,True
Turkey,Cenk Tosun,Center Forward,65.5,900.0,1,True
Turkey,Dorukhan Toköz,Left Defensive Midfield,65.5,900.0,1,True
Turkey,Enes Ünal,,66.0,900.0,2,True
Turkey,Fehmi Mert Günok,Goalkeeper,71.8,900.0,4,True
Turkey,Ferdi Erenay Kadıoğlu,Left Wing Back,72.0,900.0,2,True
Turkey,Hakan Çalhanoğlu,Right Defensive Midfield,74.4,900.0,2,True
Turkey,Kaan Ayhan,Right Defensive Midfield,72.7,900.0,1,True
Turkey,Kenan Karaman,Right Wing,67.9,900.0,1,True
Turkey,Kenan Yildiz,Left Wing,72.3,900.0,5,True
Turkey,Mehmet Zeki Çelik,Right Wing Back,70.8,900.0,2,True
Turkey,Merih Demiral,Right Defensive Midfield,70.3,900.0,1,True
Turkey,Mert Müldür,Right Wing Back,72.0,900.0,2,True
Turkey,Muhammed Kerem Aktürkoğlu,Left Wing,68.7,900.0,5,True
Turkey,Okay Yokuşlu,Right Defensive Midfield,67.9,900.0,1,True
Turkey,Orkun Kökçü,Left Wing,69.1,900.0,1,True
Turkey,Ozan Muhammed Kabak,,66.5,900.0,3,True
Turkey,Ozan Tufan,Right Center Midfield,69.6,900.0,2,True
Turkey,Rıdvan Yılmaz,,65.5,900.0,1,True
Turkey,Salih Özcan,Right Defensive Midfield,68.9,900.0,3,True
Turkey,Samet Akaydin,Right Center Back,71.3,900.0,3,True
Turkey,Semih Kılıçsoy,Right Center Back,65.5,900.0,1,True
Turkey,Taylan Antalyalı,,66.5,900.0,3,True
Turkey,Uğurcan Çakır,Goalkeeper,70.1,900.0,3,True
Turkey,Yunus Akgün,Right Wing,66.7,900.0,1,True
Turkey,Yusuf Yazıcı,Right Center Midfield,67.2,900.0,2,True
Turkey,İbrahim Halil Dervişoğlu,Right Midfield,65.5,900.0,1,True
Turkey,İrfan Can Kahveci,Right Midfield,66.7,900.0,1,True
Turkey,İsmail Yüksek,Right Defensive Midfield,67.9,900.0,1,True
Ukraine,Anatolii Trubin,Goalkeeper,68.4,900.0,2,True
Ukraine,Andriy Lunin,Goalkeeper,66.7,900.0,1,True
Ukraine,Andriy Pyatov,,67.5,900.0,5,True
Ukraine,Andriy Yarmolenko,Right Wing,74.2,900.0,4,True
Ukraine,Artem Besedin,Left Center Forward,65.5,900.0,1,True
Ukraine,Artem Dovbyk,Right Center Forward,69.6,900.0,2,True
Ukraine,Bohdan Mykhaylichenko,,66.5,900.0,3,True
Ukraine,Denys Popov,,65.5,900.0,1,True
Ukraine,Eduard Sobol,Center Attacking Midfield,65.5,900.0,1,True
Ukraine,Evgeny Makarenko,Center Defensive Midfield,66.0,900.0,2,True
Ukraine,Georgiy Sudakov,Left Center Midfield,69.1,900.0,1,True
Ukraine,Heorhii Bushchan,Goalkeeper,73.5,900.0,5,True
Ukraine,Illia Zabarnyi,Right Center Back,78.6,900.0,8,True
Ukraine,Maksym Talovierov,Left Center Midfield,65.5,900.0,1,True
Ukraine,Marlos Romero Bonfim,Right Center Midfield,65.5,900.0,1,True
Ukraine,Mykhailo Mudryk,Left Wing,67.9,900.0,1,True
Ukraine,Mykola Matvienko,Left Center Back,76.9,900.0,7,True
Ukraine,Mykola Matviyenko,Left Center Back,66.7,900.0,1,True
Ukraine,Mykola Shaparenko,Right Defensive Midfield,74.4,900.0,2,True
Ukraine,Oleksandr Karavaev,Right Wing Back,72.0,900.0,2,True
Ukraine,Oleksandr Svatok,Center Back,66.7,900.0,1,True
Ukraine,Oleksandr Tymchyk,Right Wing Back,67.9,900.0,1,True
Ukraine,Oleksandr Zinchenko,Left Wing Back,74.4,900.0,2,True
Ukraine,Oleksandr Zubkov,Right Midfield,66.7,900.0,1,True
Ukraine,Roman Bezus,Right Center Midfield,65.5,900.0,1,True
Ukraine,Roman Yaremchuk,Right Defensive Midfield,72.7,900.0,1,True
Ukraine,Ruslan Malinovskiy,Right Center Midfield,69.1,900.0,1,True
Ukraine,Serhii Sydorchuk,Right Center Midfield,70.3,900.0,1,True
Ukraine,Serhiy Kryvtsov,Center Back,68.4,900.0,2,True
Ukraine,Taras Stepanenko,Left Defensive Midfield,69.1,900.0,1,True
Ukraine,Valerii Bondar,,66.5,900.0,3,True
Ukraine,Viktor Tsygankov,Right Wing,67.2,900.0,2,True
Ukraine,Vitalii Mykolenko,Left Wing Back,72.0,900.0,2,True
Ukraine,Vladyslav Vanat,Right Center Midfield,65.5,900.0,1,True
Ukraine,Volodymyr Brazhko,Left Defensive Midfield,68.4,900.0,2,True
Ukraine,Yukhym Konoplya,Right Back,66.7,900.0,1,True
United States,Aaron Long,,67.0,900.0,4,True
United States,Antonee Robinson,Left Back,76.9,900.0,7,True
United States,Brenden Aaronson,Right Wing,66.0,900.0,2,True
United States,Cameron Carter-Vickers,Right Midfield,66.7,900.0,1,True
United States,Chris Richards,Right Center Back,70.1,900.0,3,True
United States,Christian Pulisic,Right Wing,73.9,900.0,1,True
United States,Cristian Roldán León,,67.0,900.0,4,True
United States,DeAndre Yedlin,Right Back,66.0,900.0,2,True
United States,Ethan Horvath,Goalkeeper,65.5,900.0,1,True
United States,Folarin Balogun,Center Forward,70.1,900.0,3,True
United States,Giovanni Reyna,Right Center Forward,69.1,900.0,1,True
United States,Haji Wright,Right Center Midfield,66.7,900.0,1,True
United States,Jesus Ferreira,Center Forward,66.7,900.0,1,True
United States,Jordan Morris,Right Wing,65.5,900.0,1,True
United States,Joseph Scally,Right Back,70.1,900.0,3,True
United States,Joshua Sargent,Left Center Midfield,67.9,900.0,1,True
United States,João Lucas de Souza Cardoso,Left Defensive Midfield,65.5,900.0,1,True
United States,Kellyn Kai Perry-Acosta,Left Defensive Midfield,65.5,900.0,1,True
United States,Kristoffer Lund,,66.5,900.0,3,True
United States,Luca de la Torre,Left Center Midfield,65.5,900.0,1,True
United States,Malik Tillman,Left Center Back,65.5,900.0,1,True
United States,Mark McKenzie,,66.5,900.0,3,True
United States,Matthew Charles Turner,Goalkeeper,76.9,900.0,7,True
United States,Miles Gordon Robinson,,66.5,900.0,3,True
United States,Ricardo Daniel Pepi,Center Forward,66.5,900.0,3,True
United States,Sean Johnson,,68.5,900.0,7,True
United States,Sergino Dest,Right Back,71.8,900.0,4,True
United States,Shaquell Moore,Right Back,66.0,900.0,2,True
United States,Tim Ream,Left Center Back,76.9,900.0,7,True
United States,Timothy Weah,Right Wing,74.7,900.0,5,True
United States,Tyler Adams,Right Defensive Midfield,73.9,900.0,1,True
United States,Walker Zimmerman,Right Center Forward,69.1,900.0,1,True
United States,Weston McKennie,Right Midfield,73.9,900.0,1,True
United States,Yunus Dimoara Musah,Right Center Midfield,72.0,900.0,2,True
Uruguay,Agustín Canobbio Graviz,Right Back,65.5,900.0,1,True
Uruguay,Brian Alexis Ocampo Ferreira,,68.0,900.0,6,True
Uruguay,Carlos Andrés Sánchez Arcosa,Right Wing,67.2,900.0,2,True
Uruguay,Carlos Sebastián Sosa Silva,,66.5,900.0,3,True
Uruguay,Cristhian Ricardo Stuani Curbelo,Right Center Forward,66.7,900.0,1,True
Uruguay,Cristian Gabriel Rodríguez Barrotti,Right Midfield,66.7,900.0,1,True
Uruguay,Cristian Gonzalo Olivera Ibarra,Right Wing Back,65.5,900.0,1,True
Uruguay,Darwin Gabriel Núñez Ribeiro,Right Center Forward,76.3,900.0,1,True
Uruguay,Diego Nicolás De La Cruz Arcosa,Right Midfield,70.3,900.0,1,True
Uruguay,Diego Roberto Godín Leal,Right Center Back,74.4,900.0,2,True
Uruguay,Diego Sebastián Laxalt Suárez,Left Wing,69.1,900.0,1,True
Uruguay,Edinson Roberto Cavani Gómez,Right Center Forward,73.0,900.0,4,True
Uruguay,Emiliano Martínez Toranza,,68.0,900.0,6,True
Uruguay,Facundo Daniel Torres Pérez,,66.5,900.0,3,True
Uruguay,Facundo Pellistri Rebollo,Right Wing,77.6,900.0,6,True
Uruguay,Federico Santiago Valverde Dipetta,Right Defensive Midfield,77.3,900.0,3,True
Uruguay,Franco Israel Wibmer,,68.0,900.0,6,True
Uruguay,Gastón Alexis Silva Perdomo,,67.5,900.0,5,True
Uruguay,Giorgian Daniel De Arrascaeta Benedetti,Left Wing,69.1,900.0,1,True
Uruguay,Guillermo Varela Olivera,Right Wing Back,70.3,900.0,1,True
Uruguay,Jonathan Matías Urretaviscaya da Luz,Right Wing,65.5,900.0,1,True
Uruguay,José Luis Rodríguez Bebanz,,66.5,900.0,3,True
Uruguay,José Martín Cáceres Silva,Right Back,74.2,900.0,4,True
Uruguay,José María Giménez de Vargas,Right Center Back,80.3,900.0,9,True
Uruguay,Lucas René Olaza Catrofe,Left Back,66.0,900.0,2,True
Uruguay,Lucas Torreira Di Pascua,Right Center Midfield,69.6,900.0,2,True
Uruguay,Luis Alberto Suárez Díaz,Right Center Forward,75.4,900.0,4,True
Uruguay,Manuel Ugarte Ribeiro,Right Defensive Midfield,72.7,900.0,1,True
Uruguay,Martín Andrés Silva Leites,,67.5,900.0,5,True
Uruguay,Martín Nicolás Campaña Delgado,,67.5,900.0,5,True
Uruguay,Mathías Olivera Miramontes,Left Wing Back,75.1,900.0,1,True
Uruguay,Matías Nicolás Viña Susperreguy,Left Back,74.5,900.0,7,True
Uruguay,Matías Vecino Falero,Right Center Midfield,74.4,900.0,2,True
Uruguay,Maximiliano Gómez González,Left Center Forward,67.0,900.0,4,True
Uruguay,Maximiliano Javier Araújo Vilches,Left Wing,74.7,900.0,5,True
Uruguay,Nahitan Michel Nández Acosta,Right Wing,76.8,900.0,2,True
Uruguay,Nicolás Marichal Pérez,,68.0,900.0,6,True
Uruguay,Néstor Fernando Muslera Micol,Goalkeeper,73.5,900.0,5,True
Uruguay,Paul Brian Rodríguez Bravo,Right Wing,65.5,900.0,1,True
Uruguay,Rodrigo Bentancur Colmán,Right Center Midfield,77.5,900.0,1,True
Uruguay,Ronald Federico Araújo da Silva,Right Center Back,71.8,900.0,4,True
Uruguay,Santiago Andrés Mele Castanero,,68.0,900.0,6,True
Uruguay,Sebastián Coates Nión,Right Center Back,69.1,900.0,1,True
Uruguay,Sebastián Enzo Cáceres Ramos,Right Back,67.9,900.0,1,True
Uruguay,Sergio Rochet Álvarez,Goalkeeper,80.3,900.0,9,True
Uruguay,Victorio Maximiliano Pereira Páez,,67.5,900.0,5,True
Venezuela,Alexander David González Sibulo,Right Back,68.4,900.0,2,True
Venezuela,Christian Frederick Bayoi Makoun Reyes,Right Defensive Midfield,65.5,900.0,1,True
Venezuela,Cristian Sleiker Cásseres Yepes,Right Defensive Midfield,67.9,900.0,1,True
Venezuela,Daniel Alejandro Pereira Gil,,67.0,900.0,4,True
Venezuela,Darwin Daniel Machís Marcano,Right Wing,68.4,900.0,2,True
Venezuela,Eduard Alexander Bello Gil,Right Wing,69.1,900.0,1,True
Venezuela,Eric Kleybel Ramírez Matheus,Left Center Forward,65.5,900.0,1,True
Venezuela,Jefferson David Savarino Quintero,Right Midfield,66.7,900.0,1,True
Venezuela,Jhon Carlos Chancellor Cedeño,,67.0,900.0,4,True
Venezuela,Jhonder Leonel Cádiz Fernández,Right Center Forward,65.5,900.0,1,True
Venezuela,Joel David Graterol Nader,,67.0,900.0,4,True
Venezuela,Jon Mikel Aramburu Mejías,Right Back,69.6,900.0,2,True
Venezuela,José Andrés Martínez Torres,Right Defensive Midfield,70.8,900.0,2,True
Venezuela,José David Contreras Bernard,,67.0,900.0,4,True
Venezuela,José Salomón Rondón Giménez,Center Forward,71.8,900.0,4,True
Venezuela,Kervin Mario Andrade Navarro,Center Attacking Midfield,65.5,900.0,1,True
Venezuela,Matías Rafael Lacava González,Left Midfield,65.5,900.0,1,True
Venezuela,Miguel Ángel Navarro Zárate,Left Back,70.1,900.0,3,True
Venezuela,Nahuel Adolfo Ferraresi Hernández,Right Center Back,70.1,900.0,3,True
Venezuela,Rafael Enrique Romo Pérez,Goalkeeper,71.8,900.0,4,True
Venezuela,Telasco José Segovia Pérez,Right Center Midfield,66.7,900.0,1,True
Venezuela,Tomás Eduardo Rincón Hernández,Right Defensive Midfield,65.5,900.0,1,True
Venezuela,Wilker José Ángel Romero,Left Wing,66.7,900.0,1,True
Venezuela,Yangel Clemente Herrera Ravelo,Left Defensive Midfield,70.8,900.0,2,True
Venezuela,Yeferson Julio Soteldo Martínez,Left Wing,70.1,900.0,3,True
Venezuela,Yordan Hernando Osorio Paredes,Right Center Back,70.3,900.0,1,True
Wales,Aaron Ramsey,Right Center Midfield,74.4,900.0,2,True
Wales,Adam Davies,,68.5,900.0,7,True
Wales,Ben Davies,Left Wing Back,72.7,900.0,1,True
Wales,Benjamin Cabango,,67.0,900.0,4,True
Wales,Brennan Johnson,Right Wing Back,65.5,900.0,1,True
Wales,Chris Gunter,Left Center Back,66.7,900.0,1,True
Wales,Chris Mepham,Right Center Back,75.2,900.0,6,True
Wales,Connor Roberts,Right Wing Back,73.7,900.0,3,True
Wales,Daniel James,Right Midfield,72.7,900.0,1,True
Wales,Daniel Ward,Goalkeeper,72.3,900.0,5,True
Wales,Danny Ward,Goalkeeper,66.7,900.0,1,True
Wales,David Brooks,Right Wing,66.0,900.0,2,True
Wales,Dylan Levitt,Left Defensive Midfield,65.5,900.0,1,True
Wales,Ethan Ampadu,Left Defensive Midfield,70.3,900.0,1,True
Wales,Gareth Frank Bale,Right Wing,74.9,900.0,3,True
Wales,Harry Wilson,Right Defensive Midfield,67.9,900.0,1,True
Wales,Joe Allen,Right Defensive Midfield,72.0,900.0,2,True
Wales,Joe Rodon,Right Center Back,73.9,900.0,1,True
Wales,Jonathan Williams,,68.5,900.0,7,True
Wales,Joseff Morrell,Right Defensive Midfield,70.8,900.0,2,True
Wales,Kieffer Roberto Francisco Moore,Right Defensive Midfield,71.5,900.0,1,True
Wales,Mark Thomas Harris,,66.5,900.0,3,True
Wales,Matthew Robert Smith,,67.0,900.0,4,True
Wales,Neco Williams,Right Midfield,70.3,900.0,1,True
Wales,Rhys Norrington-Davies,,66.5,900.0,3,True
Wales,Rubin Colwill,Right Defensive Midfield,65.5,900.0,1,True
Wales,Sorba Thomas,Left Midfield,65.5,900.0,1,True
Wales,Tom Lockyer,,68.5,900.0,7,True
Wales,Tyler Roberts,Center Forward,65.5,900.0,1,True
Wales,Wayne Hennessey,Goalkeeper,68.4,900.0,2,True
